2026-05-24 16:18:04,161 - __main__ - INFO - Starting prototype run: mode=client, eps=8, C=1.0, rounds=3, seed=1
2026-05-24 16:18:04,161 - src.data.loader - INFO - Loading cohort from cache: /home/raiyanjiyon/Projects/federated-healthcare-ml/data/cache/mimic_iv_cohort.csv
2026-05-24 16:18:04,338 - src.data.loader - WARNING - Missing features: {'admission_type_emergency'}
2026-05-24 16:18:04,346 - src.data.loader - INFO - Dataset: 65273 patients, 31 features
2026-05-24 16:18:04,346 - src.data.loader - INFO - Target distribution: [58207  7066]
2026-05-24 16:18:04,351 - src.data.split - INFO - ✓ Medical Intensive Care Unit (MICU): 8791 patients, 1410 deaths (16.0%)
2026-05-24 16:18:04,355 - src.data.split - INFO - ✓ Surgical Intensive Care Unit (SICU): 6372 patients, 754 deaths (11.8%)
2026-05-24 16:18:04,358 - src.data.split - INFO - ✓ Medical/Surgical Intensive Care Unit (MICU/SICU): 6983 patients, 957 deaths (13.7%)
2026-05-24 16:18:04,363 - src.data.split - INFO - ✓ Cardiac Vascular Intensive Care Unit (CVICU): 8118 patients, 265 deaths (3.3%)
2026-05-24 16:18:04,366 - src.data.split - INFO - ✓ Coronary Care Unit (CCU): 5113 patients, 643 deaths (12.6%)
2026-05-24 16:18:04,370 - src.data.split - INFO - ✓ Trauma SICU (TSICU): 5458 patients, 569 deaths (10.4%)
2026-05-24 16:18:04,373 - src.data.split - INFO - ✓ Neuro Surgical Intensive Care Unit (Neuro SICU): 907 patients, 256 deaths (28.2%)
2026-05-24 16:18:04,377 - src.data.split - INFO -   (skipped Intensive Care Unit (ICU): 16 patients, < 100)
2026-05-24 16:18:04,379 - src.data.split - INFO -   (skipped Medicine: 9 patients, < 100)
2026-05-24 16:18:04,382 - src.data.split - INFO -   (skipped Neuro Intermediate: 3035 patients, < 100)
2026-05-24 16:18:04,384 - src.data.split - INFO -   (skipped Neuro Stepdown: 784 patients, < 100)
2026-05-24 16:18:04,386 - src.data.split - INFO -   (skipped PACU: 43 patients, < 100)
2026-05-24 16:18:04,389 - src.data.split - INFO -   (skipped Surgery/Trauma: 2 patients, < 100)
2026-05-24 16:18:04,391 - src.data.split - INFO -   (skipped Surgery/Vascular/Intermediate: 60 patients, < 100)
2026-05-24 16:18:04,391 - src.data.split - INFO - 
✓ Federated learning ready: 7 clients
2026-05-24 16:18:04,404 - src.training.federated - INFO - FederatedTrainer initialized:
2026-05-24 16:18:04,405 - src.training.federated - INFO -   Clients: 7
2026-05-24 16:18:04,405 - src.training.federated - INFO -   Training samples: 41742
2026-05-24 16:18:04,405 - src.training.federated - INFO -   Validation samples: 9791
2026-05-24 16:18:04,405 - src.training.federated - INFO -   Test samples: 9791
2026-05-24 16:18:04,405 - src.training.federated - INFO -   Features: 31
2026-05-24 16:18:04,405 - src.training.federated - INFO -   Rounds: 3
2026-05-24 16:18:04,405 - src.training.federated - INFO -   Strategy: FEDAVG
2026-05-24 16:18:04,405 - src.training.federated - INFO -   Privacy: Disabled
2026-05-24 16:18:04,405 - root - INFO - 
======================================================================
2026-05-24 16:18:04,405 - root - INFO - Differential Privacy Mechanism Initialized: GaussianDP
2026-05-24 16:18:04,405 - root - INFO - ======================================================================
2026-05-24 16:18:04,405 - root - INFO -   Privacy Budget (ε):     8.0000
2026-05-24 16:18:04,405 - root - INFO -   Failure Probability (δ): 0.000001
2026-05-24 16:18:04,405 - root - INFO -   Clipping Norm (C):      1.0000
2026-05-24 16:18:04,405 - root - INFO -   Noise Scale (σ):        0.6571
2026-05-24 16:18:04,405 - root - INFO - ======================================================================

2026-05-24 16:18:04,405 - root - INFO - Round 1/3 - mode client
2026-05-24 16:18:04,426 - root - INFO - 
======================================================================
2026-05-24 16:18:04,426 - root - INFO - Differential Privacy Mechanism Initialized: GaussianDP
2026-05-24 16:18:04,426 - root - INFO - ======================================================================
2026-05-24 16:18:04,426 - root - INFO -   Privacy Budget (ε):     8.0000
2026-05-24 16:18:04,426 - root - INFO -   Failure Probability (δ): 0.000001
2026-05-24 16:18:04,426 - root - INFO -   Clipping Norm (C):      1.0000
2026-05-24 16:18:04,426 - root - INFO -   Noise Scale (σ):        0.6571
2026-05-24 16:18:04,426 - root - INFO - ======================================================================

2026-05-24 16:18:04,426 - root - INFO - add_noise: grad_norm=1.0000, noise_norm=3.6664, sigma=0.6571, epsilon_per_round=8.0000
2026-05-24 16:18:04,427 - root - INFO - DP Round 1: clipping_ratio=0.3860, grad_norm_before=2.5904, grad_norm_after=1.0000, noise_norm=3.6664, epsilon_total=8.0000
2026-05-24 16:18:04,427 - root - INFO - add_noise: grad_norm=1.0000, noise_norm=0.2607, sigma=0.6571, epsilon_per_round=8.0000
2026-05-24 16:18:04,427 - root - INFO - DP Round 2: clipping_ratio=0.2810, grad_norm_before=3.5588, grad_norm_after=1.0000, noise_norm=0.2607, epsilon_total=16.0000
2026-05-24 16:18:04,443 - root - INFO - 
======================================================================
2026-05-24 16:18:04,443 - root - INFO - Differential Privacy Mechanism Initialized: GaussianDP
2026-05-24 16:18:04,443 - root - INFO - ======================================================================
2026-05-24 16:18:04,443 - root - INFO -   Privacy Budget (ε):     8.0000
2026-05-24 16:18:04,443 - root - INFO -   Failure Probability (δ): 0.000001
2026-05-24 16:18:04,443 - root - INFO -   Clipping Norm (C):      1.0000
2026-05-24 16:18:04,443 - root - INFO -   Noise Scale (σ):        0.6571
2026-05-24 16:18:04,443 - root - INFO - ======================================================================

2026-05-24 16:18:04,443 - root - INFO - add_noise: grad_norm=1.0000, noise_norm=3.1245, sigma=0.6571, epsilon_per_round=8.0000
2026-05-24 16:18:04,443 - root - INFO - DP Round 1: clipping_ratio=0.4010, grad_norm_before=2.4938, grad_norm_after=1.0000, noise_norm=3.1245, epsilon_total=8.0000
2026-05-24 16:18:04,443 - root - INFO - add_noise: grad_norm=1.0000, noise_norm=0.1959, sigma=0.6571, epsilon_per_round=8.0000
2026-05-24 16:18:04,443 - root - INFO - DP Round 2: clipping_ratio=0.3453, grad_norm_before=2.8958, grad_norm_after=1.0000, noise_norm=0.1959, epsilon_total=16.0000
2026-05-24 16:18:04,473 - root - INFO - 
======================================================================
2026-05-24 16:18:04,473 - root - INFO - Differential Privacy Mechanism Initialized: GaussianDP
2026-05-24 16:18:04,473 - root - INFO - ======================================================================
2026-05-24 16:18:04,473 - root - INFO -   Privacy Budget (ε):     8.0000
2026-05-24 16:18:04,473 - root - INFO -   Failure Probability (δ): 0.000001
2026-05-24 16:18:04,473 - root - INFO -   Clipping Norm (C):      1.0000
2026-05-24 16:18:04,473 - root - INFO -   Noise Scale (σ):        0.6571
2026-05-24 16:18:04,473 - root - INFO - ======================================================================

2026-05-24 16:18:04,473 - root - INFO - add_noise: grad_norm=1.0000, noise_norm=3.2005, sigma=0.6571, epsilon_per_round=8.0000
2026-05-24 16:18:04,474 - root - INFO - DP Round 1: clipping_ratio=0.5408, grad_norm_before=1.8491, grad_norm_after=1.0000, noise_norm=3.2005, epsilon_total=8.0000
2026-05-24 16:18:04,474 - root - INFO - add_noise: grad_norm=1.0000, noise_norm=0.0508, sigma=0.6571, epsilon_per_round=8.0000
2026-05-24 16:18:04,474 - root - INFO - DP Round 2: clipping_ratio=0.4247, grad_norm_before=2.3548, grad_norm_after=1.0000, noise_norm=0.0508, epsilon_total=16.0000
2026-05-24 16:18:04,500 - root - INFO - 
======================================================================
2026-05-24 16:18:04,500 - root - INFO - Differential Privacy Mechanism Initialized: GaussianDP
2026-05-24 16:18:04,500 - root - INFO - ======================================================================
2026-05-24 16:18:04,500 - root - INFO -   Privacy Budget (ε):     8.0000
2026-05-24 16:18:04,500 - root - INFO -   Failure Probability (δ): 0.000001
2026-05-24 16:18:04,500 - root - INFO -   Clipping Norm (C):      1.0000
2026-05-24 16:18:04,500 - root - INFO -   Noise Scale (σ):        0.6571
2026-05-24 16:18:04,500 - root - INFO - ======================================================================

2026-05-24 16:18:04,500 - root - INFO - add_noise: grad_norm=1.0000, noise_norm=3.5389, sigma=0.6571, epsilon_per_round=8.0000
2026-05-24 16:18:04,500 - root - INFO - DP Round 1: clipping_ratio=0.3947, grad_norm_before=2.5337, grad_norm_after=1.0000, noise_norm=3.5389, epsilon_total=8.0000
2026-05-24 16:18:04,500 - root - INFO - add_noise: grad_norm=1.0000, noise_norm=0.2221, sigma=0.6571, epsilon_per_round=8.0000
2026-05-24 16:18:04,500 - root - INFO - DP Round 2: clipping_ratio=0.3771, grad_norm_before=2.6518, grad_norm_after=1.0000, noise_norm=0.2221, epsilon_total=16.0000
2026-05-24 16:18:04,508 - root - INFO - 
======================================================================
2026-05-24 16:18:04,508 - root - INFO - Differential Privacy Mechanism Initialized: GaussianDP
2026-05-24 16:18:04,508 - root - INFO - ======================================================================
2026-05-24 16:18:04,508 - root - INFO -   Privacy Budget (ε):     8.0000
2026-05-24 16:18:04,508 - root - INFO -   Failure Probability (δ): 0.000001
2026-05-24 16:18:04,508 - root - INFO -   Clipping Norm (C):      1.0000
2026-05-24 16:18:04,508 - root - INFO -   Noise Scale (σ):        0.6571
2026-05-24 16:18:04,508 - root - INFO - ======================================================================

2026-05-24 16:18:04,508 - root - INFO - add_noise: grad_norm=1.0000, noise_norm=3.1053, sigma=0.6571, epsilon_per_round=8.0000
2026-05-24 16:18:04,508 - root - INFO - DP Round 1: clipping_ratio=0.3096, grad_norm_before=3.2300, grad_norm_after=1.0000, noise_norm=3.1053, epsilon_total=8.0000
2026-05-24 16:18:04,508 - root - INFO - add_noise: grad_norm=1.0000, noise_norm=0.7372, sigma=0.6571, epsilon_per_round=8.0000
2026-05-24 16:18:04,509 - root - INFO - DP Round 2: clipping_ratio=0.7093, grad_norm_before=1.4097, grad_norm_after=1.0000, noise_norm=0.7372, epsilon_total=16.0000
2026-05-24 16:18:04,528 - root - INFO - 
======================================================================
2026-05-24 16:18:04,528 - root - INFO - Differential Privacy Mechanism Initialized: GaussianDP
2026-05-24 16:18:04,528 - root - INFO - ======================================================================
2026-05-24 16:18:04,528 - root - INFO -   Privacy Budget (ε):     8.0000
2026-05-24 16:18:04,528 - root - INFO -   Failure Probability (δ): 0.000001
2026-05-24 16:18:04,528 - root - INFO -   Clipping Norm (C):      1.0000
2026-05-24 16:18:04,528 - root - INFO -   Noise Scale (σ):        0.6571
2026-05-24 16:18:04,529 - root - INFO - ======================================================================

2026-05-24 16:18:04,529 - root - INFO - add_noise: grad_norm=1.0000, noise_norm=3.4206, sigma=0.6571, epsilon_per_round=8.0000
2026-05-24 16:18:04,529 - root - INFO - DP Round 1: clipping_ratio=0.3351, grad_norm_before=2.9842, grad_norm_after=1.0000, noise_norm=3.4206, epsilon_total=8.0000
2026-05-24 16:18:04,529 - root - INFO - add_noise: grad_norm=1.0000, noise_norm=0.2428, sigma=0.6571, epsilon_per_round=8.0000
2026-05-24 16:18:04,529 - root - INFO - DP Round 2: clipping_ratio=0.3861, grad_norm_before=2.5900, grad_norm_after=1.0000, noise_norm=0.2428, epsilon_total=16.0000
2026-05-24 16:18:04,547 - root - INFO - 
======================================================================
2026-05-24 16:18:04,547 - root - INFO - Differential Privacy Mechanism Initialized: GaussianDP
2026-05-24 16:18:04,547 - root - INFO - ======================================================================
2026-05-24 16:18:04,547 - root - INFO -   Privacy Budget (ε):     8.0000
2026-05-24 16:18:04,547 - root - INFO -   Failure Probability (δ): 0.000001
2026-05-24 16:18:04,547 - root - INFO -   Clipping Norm (C):      1.0000
2026-05-24 16:18:04,547 - root - INFO -   Noise Scale (σ):        0.6571
2026-05-24 16:18:04,547 - root - INFO - ======================================================================

2026-05-24 16:18:04,547 - root - INFO - add_noise: grad_norm=1.0000, noise_norm=4.2758, sigma=0.6571, epsilon_per_round=8.0000
2026-05-24 16:18:04,547 - root - INFO - DP Round 1: clipping_ratio=0.4027, grad_norm_before=2.4832, grad_norm_after=1.0000, noise_norm=4.2758, epsilon_total=8.0000
2026-05-24 16:18:04,547 - root - INFO - add_noise: grad_norm=1.0000, noise_norm=0.0719, sigma=0.6571, epsilon_per_round=8.0000
2026-05-24 16:18:04,547 - root - INFO - DP Round 2: clipping_ratio=0.3486, grad_norm_before=2.8690, grad_norm_after=1.0000, noise_norm=0.0719, epsilon_total=16.0000
2026-05-24 16:18:04,554 - __main__ - INFO - Round 1 Validation AUROC: 0.7699
2026-05-24 16:18:04,554 - root - INFO - Round 2/3 - mode client
2026-05-24 16:18:04,578 - root - INFO - 
======================================================================
2026-05-24 16:18:04,578 - root - INFO - Differential Privacy Mechanism Initialized: GaussianDP
2026-05-24 16:18:04,578 - root - INFO - ======================================================================
2026-05-24 16:18:04,578 - root - INFO -   Privacy Budget (ε):     8.0000
2026-05-24 16:18:04,578 - root - INFO -   Failure Probability (δ): 0.000001
2026-05-24 16:18:04,578 - root - INFO -   Clipping Norm (C):      1.0000
2026-05-24 16:18:04,578 - root - INFO -   Noise Scale (σ):        0.6571
2026-05-24 16:18:04,578 - root - INFO - ======================================================================

2026-05-24 16:18:04,578 - root - INFO - add_noise: grad_norm=1.0000, noise_norm=4.1495, sigma=0.6571, epsilon_per_round=8.0000
2026-05-24 16:18:04,578 - root - INFO - DP Round 1: clipping_ratio=0.3860, grad_norm_before=2.5904, grad_norm_after=1.0000, noise_norm=4.1495, epsilon_total=8.0000
2026-05-24 16:18:04,578 - root - INFO - add_noise: grad_norm=1.0000, noise_norm=0.6864, sigma=0.6571, epsilon_per_round=8.0000
2026-05-24 16:18:04,578 - root - INFO - DP Round 2: clipping_ratio=0.2810, grad_norm_before=3.5588, grad_norm_after=1.0000, noise_norm=0.6864, epsilon_total=16.0000
2026-05-24 16:18:04,594 - root - INFO - 
======================================================================
2026-05-24 16:18:04,594 - root - INFO - Differential Privacy Mechanism Initialized: GaussianDP
2026-05-24 16:18:04,594 - root - INFO - ======================================================================
2026-05-24 16:18:04,594 - root - INFO -   Privacy Budget (ε):     8.0000
2026-05-24 16:18:04,594 - root - INFO -   Failure Probability (δ): 0.000001
2026-05-24 16:18:04,594 - root - INFO -   Clipping Norm (C):      1.0000
2026-05-24 16:18:04,595 - root - INFO -   Noise Scale (σ):        0.6571
2026-05-24 16:18:04,595 - root - INFO - ======================================================================

2026-05-24 16:18:04,595 - root - INFO - add_noise: grad_norm=1.0000, noise_norm=3.2009, sigma=0.6571, epsilon_per_round=8.0000
2026-05-24 16:18:04,595 - root - INFO - DP Round 1: clipping_ratio=0.4010, grad_norm_before=2.4938, grad_norm_after=1.0000, noise_norm=3.2009, epsilon_total=8.0000
2026-05-24 16:18:04,595 - root - INFO - add_noise: grad_norm=1.0000, noise_norm=0.1164, sigma=0.6571, epsilon_per_round=8.0000
2026-05-24 16:18:04,595 - root - INFO - DP Round 2: clipping_ratio=0.3453, grad_norm_before=2.8958, grad_norm_after=1.0000, noise_norm=0.1164, epsilon_total=16.0000
2026-05-24 16:18:04,622 - root - INFO - 
======================================================================
2026-05-24 16:18:04,622 - root - INFO - Differential Privacy Mechanism Initialized: GaussianDP
2026-05-24 16:18:04,622 - root - INFO - ======================================================================
2026-05-24 16:18:04,622 - root - INFO -   Privacy Budget (ε):     8.0000
2026-05-24 16:18:04,622 - root - INFO -   Failure Probability (δ): 0.000001
2026-05-24 16:18:04,622 - root - INFO -   Clipping Norm (C):      1.0000
2026-05-24 16:18:04,622 - root - INFO -   Noise Scale (σ):        0.6571
2026-05-24 16:18:04,622 - root - INFO - ======================================================================

2026-05-24 16:18:04,622 - root - INFO - add_noise: grad_norm=1.0000, noise_norm=3.6300, sigma=0.6571, epsilon_per_round=8.0000
2026-05-24 16:18:04,622 - root - INFO - DP Round 1: clipping_ratio=0.5408, grad_norm_before=1.8491, grad_norm_after=1.0000, noise_norm=3.6300, epsilon_total=8.0000
2026-05-24 16:18:04,622 - root - INFO - add_noise: grad_norm=1.0000, noise_norm=0.5702, sigma=0.6571, epsilon_per_round=8.0000
2026-05-24 16:18:04,622 - root - INFO - DP Round 2: clipping_ratio=0.4247, grad_norm_before=2.3548, grad_norm_after=1.0000, noise_norm=0.5702, epsilon_total=16.0000
2026-05-24 16:18:04,651 - root - INFO - 
======================================================================
2026-05-24 16:18:04,651 - root - INFO - Differential Privacy Mechanism Initialized: GaussianDP
2026-05-24 16:18:04,651 - root - INFO - ======================================================================
2026-05-24 16:18:04,651 - root - INFO -   Privacy Budget (ε):     8.0000
2026-05-24 16:18:04,651 - root - INFO -   Failure Probability (δ): 0.000001
2026-05-24 16:18:04,651 - root - INFO -   Clipping Norm (C):      1.0000
2026-05-24 16:18:04,651 - root - INFO -   Noise Scale (σ):        0.6571
2026-05-24 16:18:04,651 - root - INFO - ======================================================================

2026-05-24 16:18:04,651 - root - INFO - add_noise: grad_norm=1.0000, noise_norm=3.8561, sigma=0.6571, epsilon_per_round=8.0000
2026-05-24 16:18:04,651 - root - INFO - DP Round 1: clipping_ratio=0.3947, grad_norm_before=2.5337, grad_norm_after=1.0000, noise_norm=3.8561, epsilon_total=8.0000
2026-05-24 16:18:04,651 - root - INFO - add_noise: grad_norm=1.0000, noise_norm=0.6045, sigma=0.6571, epsilon_per_round=8.0000
2026-05-24 16:18:04,651 - root - INFO - DP Round 2: clipping_ratio=0.3771, grad_norm_before=2.6518, grad_norm_after=1.0000, noise_norm=0.6045, epsilon_total=16.0000
2026-05-24 16:18:04,660 - root - INFO - 
======================================================================
2026-05-24 16:18:04,660 - root - INFO - Differential Privacy Mechanism Initialized: GaussianDP
2026-05-24 16:18:04,660 - root - INFO - ======================================================================
2026-05-24 16:18:04,660 - root - INFO -   Privacy Budget (ε):     8.0000
2026-05-24 16:18:04,660 - root - INFO -   Failure Probability (δ): 0.000001
2026-05-24 16:18:04,660 - root - INFO -   Clipping Norm (C):      1.0000
2026-05-24 16:18:04,660 - root - INFO -   Noise Scale (σ):        0.6571
2026-05-24 16:18:04,660 - root - INFO - ======================================================================

2026-05-24 16:18:04,660 - root - INFO - add_noise: grad_norm=1.0000, noise_norm=3.7744, sigma=0.6571, epsilon_per_round=8.0000
2026-05-24 16:18:04,660 - root - INFO - DP Round 1: clipping_ratio=0.3096, grad_norm_before=3.2300, grad_norm_after=1.0000, noise_norm=3.7744, epsilon_total=8.0000
2026-05-24 16:18:04,660 - root - INFO - add_noise: grad_norm=1.0000, noise_norm=0.2943, sigma=0.6571, epsilon_per_round=8.0000
2026-05-24 16:18:04,660 - root - INFO - DP Round 2: clipping_ratio=0.7093, grad_norm_before=1.4097, grad_norm_after=1.0000, noise_norm=0.2943, epsilon_total=16.0000
2026-05-24 16:18:04,680 - root - INFO - 
======================================================================
2026-05-24 16:18:04,680 - root - INFO - Differential Privacy Mechanism Initialized: GaussianDP
2026-05-24 16:18:04,680 - root - INFO - ======================================================================
2026-05-24 16:18:04,680 - root - INFO -   Privacy Budget (ε):     8.0000
2026-05-24 16:18:04,680 - root - INFO -   Failure Probability (δ): 0.000001
2026-05-24 16:18:04,680 - root - INFO -   Clipping Norm (C):      1.0000
2026-05-24 16:18:04,680 - root - INFO -   Noise Scale (σ):        0.6571
2026-05-24 16:18:04,680 - root - INFO - ======================================================================

2026-05-24 16:18:04,680 - root - INFO - add_noise: grad_norm=1.0000, noise_norm=4.2181, sigma=0.6571, epsilon_per_round=8.0000
2026-05-24 16:18:04,680 - root - INFO - DP Round 1: clipping_ratio=0.3351, grad_norm_before=2.9842, grad_norm_after=1.0000, noise_norm=4.2181, epsilon_total=8.0000
2026-05-24 16:18:04,680 - root - INFO - add_noise: grad_norm=1.0000, noise_norm=1.1680, sigma=0.6571, epsilon_per_round=8.0000
2026-05-24 16:18:04,680 - root - INFO - DP Round 2: clipping_ratio=0.3861, grad_norm_before=2.5900, grad_norm_after=1.0000, noise_norm=1.1680, epsilon_total=16.0000
2026-05-24 16:18:04,697 - root - INFO - 
======================================================================
2026-05-24 16:18:04,698 - root - INFO - Differential Privacy Mechanism Initialized: GaussianDP
2026-05-24 16:18:04,698 - root - INFO - ======================================================================
2026-05-24 16:18:04,698 - root - INFO -   Privacy Budget (ε):     8.0000
2026-05-24 16:18:04,698 - root - INFO -   Failure Probability (δ): 0.000001
2026-05-24 16:18:04,698 - root - INFO -   Clipping Norm (C):      1.0000
2026-05-24 16:18:04,698 - root - INFO -   Noise Scale (σ):        0.6571
2026-05-24 16:18:04,698 - root - INFO - ======================================================================

2026-05-24 16:18:04,698 - root - INFO - add_noise: grad_norm=1.0000, noise_norm=3.6894, sigma=0.6571, epsilon_per_round=8.0000
2026-05-24 16:18:04,698 - root - INFO - DP Round 1: clipping_ratio=0.4027, grad_norm_before=2.4832, grad_norm_after=1.0000, noise_norm=3.6894, epsilon_total=8.0000
2026-05-24 16:18:04,698 - root - INFO - add_noise: grad_norm=1.0000, noise_norm=0.6576, sigma=0.6571, epsilon_per_round=8.0000
2026-05-24 16:18:04,698 - root - INFO - DP Round 2: clipping_ratio=0.3486, grad_norm_before=2.8690, grad_norm_after=1.0000, noise_norm=0.6576, epsilon_total=16.0000
2026-05-24 16:18:04,704 - __main__ - INFO - Round 2 Validation AUROC: 0.6404
2026-05-24 16:18:04,705 - root - INFO - Round 3/3 - mode client
2026-05-24 16:18:04,727 - root - INFO - 
======================================================================
2026-05-24 16:18:04,727 - root - INFO - Differential Privacy Mechanism Initialized: GaussianDP
2026-05-24 16:18:04,727 - root - INFO - ======================================================================
2026-05-24 16:18:04,727 - root - INFO -   Privacy Budget (ε):     8.0000
2026-05-24 16:18:04,727 - root - INFO -   Failure Probability (δ): 0.000001
2026-05-24 16:18:04,727 - root - INFO -   Clipping Norm (C):      1.0000
2026-05-24 16:18:04,727 - root - INFO -   Noise Scale (σ):        0.6571
2026-05-24 16:18:04,727 - root - INFO - ======================================================================

2026-05-24 16:18:04,727 - root - INFO - add_noise: grad_norm=1.0000, noise_norm=3.3637, sigma=0.6571, epsilon_per_round=8.0000
2026-05-24 16:18:04,727 - root - INFO - DP Round 1: clipping_ratio=0.3860, grad_norm_before=2.5904, grad_norm_after=1.0000, noise_norm=3.3637, epsilon_total=8.0000
2026-05-24 16:18:04,727 - root - INFO - add_noise: grad_norm=1.0000, noise_norm=0.4566, sigma=0.6571, epsilon_per_round=8.0000
2026-05-24 16:18:04,727 - root - INFO - DP Round 2: clipping_ratio=0.2810, grad_norm_before=3.5588, grad_norm_after=1.0000, noise_norm=0.4566, epsilon_total=16.0000
2026-05-24 16:18:04,743 - root - INFO - 
======================================================================
2026-05-24 16:18:04,743 - root - INFO - Differential Privacy Mechanism Initialized: GaussianDP
2026-05-24 16:18:04,743 - root - INFO - ======================================================================
2026-05-24 16:18:04,743 - root - INFO -   Privacy Budget (ε):     8.0000
2026-05-24 16:18:04,743 - root - INFO -   Failure Probability (δ): 0.000001
2026-05-24 16:18:04,743 - root - INFO -   Clipping Norm (C):      1.0000
2026-05-24 16:18:04,744 - root - INFO -   Noise Scale (σ):        0.6571
2026-05-24 16:18:04,744 - root - INFO - ======================================================================

2026-05-24 16:18:04,744 - root - INFO - add_noise: grad_norm=1.0000, noise_norm=3.5647, sigma=0.6571, epsilon_per_round=8.0000
2026-05-24 16:18:04,744 - root - INFO - DP Round 1: clipping_ratio=0.4010, grad_norm_before=2.4938, grad_norm_after=1.0000, noise_norm=3.5647, epsilon_total=8.0000
2026-05-24 16:18:04,744 - root - INFO - add_noise: grad_norm=1.0000, noise_norm=0.1294, sigma=0.6571, epsilon_per_round=8.0000
2026-05-24 16:18:04,744 - root - INFO - DP Round 2: clipping_ratio=0.3453, grad_norm_before=2.8958, grad_norm_after=1.0000, noise_norm=0.1294, epsilon_total=16.0000
2026-05-24 16:18:04,769 - root - INFO - 
======================================================================
2026-05-24 16:18:04,769 - root - INFO - Differential Privacy Mechanism Initialized: GaussianDP
2026-05-24 16:18:04,769 - root - INFO - ======================================================================
2026-05-24 16:18:04,769 - root - INFO -   Privacy Budget (ε):     8.0000
2026-05-24 16:18:04,769 - root - INFO -   Failure Probability (δ): 0.000001
2026-05-24 16:18:04,769 - root - INFO -   Clipping Norm (C):      1.0000
2026-05-24 16:18:04,769 - root - INFO -   Noise Scale (σ):        0.6571
2026-05-24 16:18:04,769 - root - INFO - ======================================================================

2026-05-24 16:18:04,769 - root - INFO - add_noise: grad_norm=1.0000, noise_norm=3.4059, sigma=0.6571, epsilon_per_round=8.0000
2026-05-24 16:18:04,769 - root - INFO - DP Round 1: clipping_ratio=0.5408, grad_norm_before=1.8491, grad_norm_after=1.0000, noise_norm=3.4059, epsilon_total=8.0000
2026-05-24 16:18:04,769 - root - INFO - add_noise: grad_norm=1.0000, noise_norm=0.6661, sigma=0.6571, epsilon_per_round=8.0000
2026-05-24 16:18:04,769 - root - INFO - DP Round 2: clipping_ratio=0.4247, grad_norm_before=2.3548, grad_norm_after=1.0000, noise_norm=0.6661, epsilon_total=16.0000
2026-05-24 16:18:04,796 - root - INFO - 
======================================================================
2026-05-24 16:18:04,796 - root - INFO - Differential Privacy Mechanism Initialized: GaussianDP
2026-05-24 16:18:04,796 - root - INFO - ======================================================================
2026-05-24 16:18:04,796 - root - INFO -   Privacy Budget (ε):     8.0000
2026-05-24 16:18:04,796 - root - INFO -   Failure Probability (δ): 0.000001
2026-05-24 16:18:04,796 - root - INFO -   Clipping Norm (C):      1.0000
2026-05-24 16:18:04,796 - root - INFO -   Noise Scale (σ):        0.6571
2026-05-24 16:18:04,796 - root - INFO - ======================================================================

2026-05-24 16:18:04,796 - root - INFO - add_noise: grad_norm=1.0000, noise_norm=4.6521, sigma=0.6571, epsilon_per_round=8.0000
2026-05-24 16:18:04,796 - root - INFO - DP Round 1: clipping_ratio=0.3947, grad_norm_before=2.5337, grad_norm_after=1.0000, noise_norm=4.6521, epsilon_total=8.0000
2026-05-24 16:18:04,796 - root - INFO - add_noise: grad_norm=1.0000, noise_norm=0.3374, sigma=0.6571, epsilon_per_round=8.0000
2026-05-24 16:18:04,796 - root - INFO - DP Round 2: clipping_ratio=0.3771, grad_norm_before=2.6518, grad_norm_after=1.0000, noise_norm=0.3374, epsilon_total=16.0000
2026-05-24 16:18:04,804 - root - INFO - 
======================================================================
2026-05-24 16:18:04,804 - root - INFO - Differential Privacy Mechanism Initialized: GaussianDP
2026-05-24 16:18:04,804 - root - INFO - ======================================================================
2026-05-24 16:18:04,804 - root - INFO -   Privacy Budget (ε):     8.0000
2026-05-24 16:18:04,804 - root - INFO -   Failure Probability (δ): 0.000001
2026-05-24 16:18:04,804 - root - INFO -   Clipping Norm (C):      1.0000
2026-05-24 16:18:04,804 - root - INFO -   Noise Scale (σ):        0.6571
2026-05-24 16:18:04,804 - root - INFO - ======================================================================

2026-05-24 16:18:04,804 - root - INFO - add_noise: grad_norm=1.0000, noise_norm=3.5630, sigma=0.6571, epsilon_per_round=8.0000
2026-05-24 16:18:04,804 - root - INFO - DP Round 1: clipping_ratio=0.3096, grad_norm_before=3.2300, grad_norm_after=1.0000, noise_norm=3.5630, epsilon_total=8.0000
2026-05-24 16:18:04,804 - root - INFO - add_noise: grad_norm=1.0000, noise_norm=0.0452, sigma=0.6571, epsilon_per_round=8.0000
2026-05-24 16:18:04,804 - root - INFO - DP Round 2: clipping_ratio=0.7093, grad_norm_before=1.4097, grad_norm_after=1.0000, noise_norm=0.0452, epsilon_total=16.0000
2026-05-24 16:18:04,824 - root - INFO - 
======================================================================
2026-05-24 16:18:04,825 - root - INFO - Differential Privacy Mechanism Initialized: GaussianDP
2026-05-24 16:18:04,825 - root - INFO - ======================================================================
2026-05-24 16:18:04,825 - root - INFO -   Privacy Budget (ε):     8.0000
2026-05-24 16:18:04,825 - root - INFO -   Failure Probability (δ): 0.000001
2026-05-24 16:18:04,825 - root - INFO -   Clipping Norm (C):      1.0000
2026-05-24 16:18:04,825 - root - INFO -   Noise Scale (σ):        0.6571
2026-05-24 16:18:04,825 - root - INFO - ======================================================================

2026-05-24 16:18:04,825 - root - INFO - add_noise: grad_norm=1.0000, noise_norm=3.4186, sigma=0.6571, epsilon_per_round=8.0000
2026-05-24 16:18:04,825 - root - INFO - DP Round 1: clipping_ratio=0.3351, grad_norm_before=2.9842, grad_norm_after=1.0000, noise_norm=3.4186, epsilon_total=8.0000
2026-05-24 16:18:04,825 - root - INFO - add_noise: grad_norm=1.0000, noise_norm=0.2676, sigma=0.6571, epsilon_per_round=8.0000
2026-05-24 16:18:04,825 - root - INFO - DP Round 2: clipping_ratio=0.3861, grad_norm_before=2.5900, grad_norm_after=1.0000, noise_norm=0.2676, epsilon_total=16.0000
2026-05-24 16:18:04,842 - root - INFO - 
======================================================================
2026-05-24 16:18:04,842 - root - INFO - Differential Privacy Mechanism Initialized: GaussianDP
2026-05-24 16:18:04,842 - root - INFO - ======================================================================
2026-05-24 16:18:04,842 - root - INFO -   Privacy Budget (ε):     8.0000
2026-05-24 16:18:04,842 - root - INFO -   Failure Probability (δ): 0.000001
2026-05-24 16:18:04,842 - root - INFO -   Clipping Norm (C):      1.0000
2026-05-24 16:18:04,842 - root - INFO -   Noise Scale (σ):        0.6571
2026-05-24 16:18:04,842 - root - INFO - ======================================================================

2026-05-24 16:18:04,842 - root - INFO - add_noise: grad_norm=1.0000, noise_norm=4.0000, sigma=0.6571, epsilon_per_round=8.0000
2026-05-24 16:18:04,842 - root - INFO - DP Round 1: clipping_ratio=0.4027, grad_norm_before=2.4832, grad_norm_after=1.0000, noise_norm=4.0000, epsilon_total=8.0000
2026-05-24 16:18:04,842 - root - INFO - add_noise: grad_norm=1.0000, noise_norm=0.0590, sigma=0.6571, epsilon_per_round=8.0000
2026-05-24 16:18:04,842 - root - INFO - DP Round 2: clipping_ratio=0.3486, grad_norm_before=2.8690, grad_norm_after=1.0000, noise_norm=0.0590, epsilon_total=16.0000
2026-05-24 16:18:04,848 - __main__ - INFO - Round 3 Validation AUROC: 0.7061
2026-05-24 16:18:04,855 - __main__ - INFO - Final Test AUROC: 0.7146
2026-05-24 16:18:04,859 - __main__ - INFO - Completed client eps=8 seed=1 -> test_auc=0.7146
2026-05-24 16:18:04,860 - __main__ - INFO - Starting prototype run: mode=client, eps=8, C=1.0, rounds=3, seed=2
2026-05-24 16:18:04,860 - src.data.loader - INFO - Loading cohort from cache: /home/raiyanjiyon/Projects/federated-healthcare-ml/data/cache/mimic_iv_cohort.csv
2026-05-24 16:18:05,056 - src.data.loader - WARNING - Missing features: {'admission_type_emergency'}
2026-05-24 16:18:05,063 - src.data.loader - INFO - Dataset: 65273 patients, 31 features
2026-05-24 16:18:05,063 - src.data.loader - INFO - Target distribution: [58207  7066]
2026-05-24 16:18:05,067 - src.data.split - INFO - ✓ Medical Intensive Care Unit (MICU): 8791 patients, 1410 deaths (16.0%)
2026-05-24 16:18:05,071 - src.data.split - INFO - ✓ Surgical Intensive Care Unit (SICU): 6372 patients, 754 deaths (11.8%)
2026-05-24 16:18:05,075 - src.data.split - INFO - ✓ Medical/Surgical Intensive Care Unit (MICU/SICU): 6983 patients, 957 deaths (13.7%)
2026-05-24 16:18:05,079 - src.data.split - INFO - ✓ Cardiac Vascular Intensive Care Unit (CVICU): 8118 patients, 265 deaths (3.3%)
2026-05-24 16:18:05,082 - src.data.split - INFO - ✓ Coronary Care Unit (CCU): 5113 patients, 643 deaths (12.6%)
2026-05-24 16:18:05,086 - src.data.split - INFO - ✓ Trauma SICU (TSICU): 5458 patients, 569 deaths (10.4%)
2026-05-24 16:18:05,089 - src.data.split - INFO - ✓ Neuro Surgical Intensive Care Unit (Neuro SICU): 907 patients, 256 deaths (28.2%)
2026-05-24 16:18:05,093 - src.data.split - INFO -   (skipped Intensive Care Unit (ICU): 16 patients, < 100)
2026-05-24 16:18:05,095 - src.data.split - INFO -   (skipped Medicine: 9 patients, < 100)
2026-05-24 16:18:05,097 - src.data.split - INFO -   (skipped Neuro Intermediate: 3035 patients, < 100)
2026-05-24 16:18:05,100 - src.data.split - INFO -   (skipped Neuro Stepdown: 784 patients, < 100)
2026-05-24 16:18:05,102 - src.data.split - INFO -   (skipped PACU: 43 patients, < 100)
2026-05-24 16:18:05,104 - src.data.split - INFO -   (skipped Surgery/Trauma: 2 patients, < 100)
2026-05-24 16:18:05,106 - src.data.split - INFO -   (skipped Surgery/Vascular/Intermediate: 60 patients, < 100)
2026-05-24 16:18:05,106 - src.data.split - INFO - 
✓ Federated learning ready: 7 clients
2026-05-24 16:18:05,119 - src.training.federated - INFO - FederatedTrainer initialized:
2026-05-24 16:18:05,119 - src.training.federated - INFO -   Clients: 7
2026-05-24 16:18:05,119 - src.training.federated - INFO -   Training samples: 41742
2026-05-24 16:18:05,119 - src.training.federated - INFO -   Validation samples: 9791
2026-05-24 16:18:05,119 - src.training.federated - INFO -   Test samples: 9791
2026-05-24 16:18:05,119 - src.training.federated - INFO -   Features: 31
2026-05-24 16:18:05,119 - src.training.federated - INFO -   Rounds: 3
2026-05-24 16:18:05,119 - src.training.federated - INFO -   Strategy: FEDAVG
2026-05-24 16:18:05,119 - src.training.federated - INFO -   Privacy: Disabled
2026-05-24 16:18:05,119 - root - INFO - 
======================================================================
2026-05-24 16:18:05,119 - root - INFO - Differential Privacy Mechanism Initialized: GaussianDP
2026-05-24 16:18:05,119 - root - INFO - ======================================================================
2026-05-24 16:18:05,119 - root - INFO -   Privacy Budget (ε):     8.0000
2026-05-24 16:18:05,119 - root - INFO -   Failure Probability (δ): 0.000001
2026-05-24 16:18:05,119 - root - INFO -   Clipping Norm (C):      1.0000
2026-05-24 16:18:05,119 - root - INFO -   Noise Scale (σ):        0.6571
2026-05-24 16:18:05,119 - root - INFO - ======================================================================

2026-05-24 16:18:05,119 - root - INFO - Round 1/3 - mode client
2026-05-24 16:18:05,140 - root - INFO - 
======================================================================
2026-05-24 16:18:05,140 - root - INFO - Differential Privacy Mechanism Initialized: GaussianDP
2026-05-24 16:18:05,140 - root - INFO - ======================================================================
2026-05-24 16:18:05,140 - root - INFO -   Privacy Budget (ε):     8.0000
2026-05-24 16:18:05,140 - root - INFO -   Failure Probability (δ): 0.000001
2026-05-24 16:18:05,140 - root - INFO -   Clipping Norm (C):      1.0000
2026-05-24 16:18:05,140 - root - INFO -   Noise Scale (σ):        0.6571
2026-05-24 16:18:05,140 - root - INFO - ======================================================================

2026-05-24 16:18:05,140 - root - INFO - add_noise: grad_norm=1.0000, noise_norm=3.6254, sigma=0.6571, epsilon_per_round=8.0000
2026-05-24 16:18:05,140 - root - INFO - DP Round 1: clipping_ratio=0.3860, grad_norm_before=2.5904, grad_norm_after=1.0000, noise_norm=3.6254, epsilon_total=8.0000
2026-05-24 16:18:05,140 - root - INFO - add_noise: grad_norm=1.0000, noise_norm=1.4662, sigma=0.6571, epsilon_per_round=8.0000
2026-05-24 16:18:05,140 - root - INFO - DP Round 2: clipping_ratio=0.2810, grad_norm_before=3.5588, grad_norm_after=1.0000, noise_norm=1.4662, epsilon_total=16.0000
2026-05-24 16:18:05,156 - root - INFO - 
======================================================================
2026-05-24 16:18:05,156 - root - INFO - Differential Privacy Mechanism Initialized: GaussianDP
2026-05-24 16:18:05,156 - root - INFO - ======================================================================
2026-05-24 16:18:05,156 - root - INFO -   Privacy Budget (ε):     8.0000
2026-05-24 16:18:05,156 - root - INFO -   Failure Probability (δ): 0.000001
2026-05-24 16:18:05,156 - root - INFO -   Clipping Norm (C):      1.0000
2026-05-24 16:18:05,156 - root - INFO -   Noise Scale (σ):        0.6571
2026-05-24 16:18:05,156 - root - INFO - ======================================================================

2026-05-24 16:18:05,156 - root - INFO - add_noise: grad_norm=1.0000, noise_norm=3.4253, sigma=0.6571, epsilon_per_round=8.0000
2026-05-24 16:18:05,156 - root - INFO - DP Round 1: clipping_ratio=0.4010, grad_norm_before=2.4938, grad_norm_after=1.0000, noise_norm=3.4253, epsilon_total=8.0000
2026-05-24 16:18:05,156 - root - INFO - add_noise: grad_norm=1.0000, noise_norm=0.2142, sigma=0.6571, epsilon_per_round=8.0000
2026-05-24 16:18:05,156 - root - INFO - DP Round 2: clipping_ratio=0.3453, grad_norm_before=2.8958, grad_norm_after=1.0000, noise_norm=0.2142, epsilon_total=16.0000
2026-05-24 16:18:05,181 - root - INFO - 
======================================================================
2026-05-24 16:18:05,181 - root - INFO - Differential Privacy Mechanism Initialized: GaussianDP
2026-05-24 16:18:05,181 - root - INFO - ======================================================================
2026-05-24 16:18:05,181 - root - INFO -   Privacy Budget (ε):     8.0000
2026-05-24 16:18:05,181 - root - INFO -   Failure Probability (δ): 0.000001
2026-05-24 16:18:05,181 - root - INFO -   Clipping Norm (C):      1.0000
2026-05-24 16:18:05,181 - root - INFO -   Noise Scale (σ):        0.6571
2026-05-24 16:18:05,181 - root - INFO - ======================================================================

2026-05-24 16:18:05,181 - root - INFO - add_noise: grad_norm=1.0000, noise_norm=4.0383, sigma=0.6571, epsilon_per_round=8.0000
2026-05-24 16:18:05,181 - root - INFO - DP Round 1: clipping_ratio=0.5408, grad_norm_before=1.8491, grad_norm_after=1.0000, noise_norm=4.0383, epsilon_total=8.0000
2026-05-24 16:18:05,182 - root - INFO - add_noise: grad_norm=1.0000, noise_norm=0.6839, sigma=0.6571, epsilon_per_round=8.0000
2026-05-24 16:18:05,182 - root - INFO - DP Round 2: clipping_ratio=0.4247, grad_norm_before=2.3548, grad_norm_after=1.0000, noise_norm=0.6839, epsilon_total=16.0000
2026-05-24 16:18:05,208 - root - INFO - 
======================================================================
2026-05-24 16:18:05,209 - root - INFO - Differential Privacy Mechanism Initialized: GaussianDP
2026-05-24 16:18:05,209 - root - INFO - ======================================================================
2026-05-24 16:18:05,209 - root - INFO -   Privacy Budget (ε):     8.0000
2026-05-24 16:18:05,209 - root - INFO -   Failure Probability (δ): 0.000001
2026-05-24 16:18:05,209 - root - INFO -   Clipping Norm (C):      1.0000
2026-05-24 16:18:05,209 - root - INFO -   Noise Scale (σ):        0.6571
2026-05-24 16:18:05,209 - root - INFO - ======================================================================

2026-05-24 16:18:05,209 - root - INFO - add_noise: grad_norm=1.0000, noise_norm=4.0233, sigma=0.6571, epsilon_per_round=8.0000
2026-05-24 16:18:05,209 - root - INFO - DP Round 1: clipping_ratio=0.3947, grad_norm_before=2.5337, grad_norm_after=1.0000, noise_norm=4.0233, epsilon_total=8.0000
2026-05-24 16:18:05,209 - root - INFO - add_noise: grad_norm=1.0000, noise_norm=0.6530, sigma=0.6571, epsilon_per_round=8.0000
2026-05-24 16:18:05,209 - root - INFO - DP Round 2: clipping_ratio=0.3771, grad_norm_before=2.6518, grad_norm_after=1.0000, noise_norm=0.6530, epsilon_total=16.0000
2026-05-24 16:18:05,217 - root - INFO - 
======================================================================
2026-05-24 16:18:05,217 - root - INFO - Differential Privacy Mechanism Initialized: GaussianDP
2026-05-24 16:18:05,217 - root - INFO - ======================================================================
2026-05-24 16:18:05,217 - root - INFO -   Privacy Budget (ε):     8.0000
2026-05-24 16:18:05,217 - root - INFO -   Failure Probability (δ): 0.000001
2026-05-24 16:18:05,217 - root - INFO -   Clipping Norm (C):      1.0000
2026-05-24 16:18:05,217 - root - INFO -   Noise Scale (σ):        0.6571
2026-05-24 16:18:05,217 - root - INFO - ======================================================================

2026-05-24 16:18:05,217 - root - INFO - add_noise: grad_norm=1.0000, noise_norm=4.3987, sigma=0.6571, epsilon_per_round=8.0000
2026-05-24 16:18:05,217 - root - INFO - DP Round 1: clipping_ratio=0.3096, grad_norm_before=3.2300, grad_norm_after=1.0000, noise_norm=4.3987, epsilon_total=8.0000
2026-05-24 16:18:05,217 - root - INFO - add_noise: grad_norm=1.0000, noise_norm=0.2940, sigma=0.6571, epsilon_per_round=8.0000
2026-05-24 16:18:05,217 - root - INFO - DP Round 2: clipping_ratio=0.7093, grad_norm_before=1.4097, grad_norm_after=1.0000, noise_norm=0.2940, epsilon_total=16.0000
2026-05-24 16:18:05,237 - root - INFO - 
======================================================================
2026-05-24 16:18:05,237 - root - INFO - Differential Privacy Mechanism Initialized: GaussianDP
2026-05-24 16:18:05,237 - root - INFO - ======================================================================
2026-05-24 16:18:05,237 - root - INFO -   Privacy Budget (ε):     8.0000
2026-05-24 16:18:05,237 - root - INFO -   Failure Probability (δ): 0.000001
2026-05-24 16:18:05,237 - root - INFO -   Clipping Norm (C):      1.0000
2026-05-24 16:18:05,237 - root - INFO -   Noise Scale (σ):        0.6571
2026-05-24 16:18:05,237 - root - INFO - ======================================================================

2026-05-24 16:18:05,237 - root - INFO - add_noise: grad_norm=1.0000, noise_norm=4.1374, sigma=0.6571, epsilon_per_round=8.0000
2026-05-24 16:18:05,238 - root - INFO - DP Round 1: clipping_ratio=0.3351, grad_norm_before=2.9842, grad_norm_after=1.0000, noise_norm=4.1374, epsilon_total=8.0000
2026-05-24 16:18:05,238 - root - INFO - add_noise: grad_norm=1.0000, noise_norm=0.4983, sigma=0.6571, epsilon_per_round=8.0000
2026-05-24 16:18:05,238 - root - INFO - DP Round 2: clipping_ratio=0.3861, grad_norm_before=2.5900, grad_norm_after=1.0000, noise_norm=0.4983, epsilon_total=16.0000
2026-05-24 16:18:05,255 - root - INFO - 
======================================================================
2026-05-24 16:18:05,255 - root - INFO - Differential Privacy Mechanism Initialized: GaussianDP
2026-05-24 16:18:05,255 - root - INFO - ======================================================================
2026-05-24 16:18:05,255 - root - INFO -   Privacy Budget (ε):     8.0000
2026-05-24 16:18:05,255 - root - INFO -   Failure Probability (δ): 0.000001
2026-05-24 16:18:05,255 - root - INFO -   Clipping Norm (C):      1.0000
2026-05-24 16:18:05,255 - root - INFO -   Noise Scale (σ):        0.6571
2026-05-24 16:18:05,255 - root - INFO - ======================================================================

2026-05-24 16:18:05,255 - root - INFO - add_noise: grad_norm=1.0000, noise_norm=3.4774, sigma=0.6571, epsilon_per_round=8.0000
2026-05-24 16:18:05,255 - root - INFO - DP Round 1: clipping_ratio=0.4027, grad_norm_before=2.4832, grad_norm_after=1.0000, noise_norm=3.4774, epsilon_total=8.0000
2026-05-24 16:18:05,255 - root - INFO - add_noise: grad_norm=1.0000, noise_norm=0.5564, sigma=0.6571, epsilon_per_round=8.0000
2026-05-24 16:18:05,255 - root - INFO - DP Round 2: clipping_ratio=0.3486, grad_norm_before=2.8690, grad_norm_after=1.0000, noise_norm=0.5564, epsilon_total=16.0000
2026-05-24 16:18:05,261 - __main__ - INFO - Round 1 Validation AUROC: 0.6793
2026-05-24 16:18:05,261 - root - INFO - Round 2/3 - mode client
2026-05-24 16:18:05,283 - root - INFO - 
======================================================================
2026-05-24 16:18:05,283 - root - INFO - Differential Privacy Mechanism Initialized: GaussianDP
2026-05-24 16:18:05,283 - root - INFO - ======================================================================
2026-05-24 16:18:05,283 - root - INFO -   Privacy Budget (ε):     8.0000
2026-05-24 16:18:05,283 - root - INFO -   Failure Probability (δ): 0.000001
2026-05-24 16:18:05,284 - root - INFO -   Clipping Norm (C):      1.0000
2026-05-24 16:18:05,284 - root - INFO -   Noise Scale (σ):        0.6571
2026-05-24 16:18:05,284 - root - INFO - ======================================================================

2026-05-24 16:18:05,284 - root - INFO - add_noise: grad_norm=1.0000, noise_norm=3.8198, sigma=0.6571, epsilon_per_round=8.0000
2026-05-24 16:18:05,284 - root - INFO - DP Round 1: clipping_ratio=0.3860, grad_norm_before=2.5904, grad_norm_after=1.0000, noise_norm=3.8198, epsilon_total=8.0000
2026-05-24 16:18:05,284 - root - INFO - add_noise: grad_norm=1.0000, noise_norm=0.0385, sigma=0.6571, epsilon_per_round=8.0000
2026-05-24 16:18:05,284 - root - INFO - DP Round 2: clipping_ratio=0.2810, grad_norm_before=3.5588, grad_norm_after=1.0000, noise_norm=0.0385, epsilon_total=16.0000
2026-05-24 16:18:05,299 - root - INFO - 
======================================================================
2026-05-24 16:18:05,300 - root - INFO - Differential Privacy Mechanism Initialized: GaussianDP
2026-05-24 16:18:05,300 - root - INFO - ======================================================================
2026-05-24 16:18:05,300 - root - INFO -   Privacy Budget (ε):     8.0000
2026-05-24 16:18:05,300 - root - INFO -   Failure Probability (δ): 0.000001
2026-05-24 16:18:05,300 - root - INFO -   Clipping Norm (C):      1.0000
2026-05-24 16:18:05,300 - root - INFO -   Noise Scale (σ):        0.6571
2026-05-24 16:18:05,300 - root - INFO - ======================================================================

2026-05-24 16:18:05,300 - root - INFO - add_noise: grad_norm=1.0000, noise_norm=3.4569, sigma=0.6571, epsilon_per_round=8.0000
2026-05-24 16:18:05,300 - root - INFO - DP Round 1: clipping_ratio=0.4010, grad_norm_before=2.4938, grad_norm_after=1.0000, noise_norm=3.4569, epsilon_total=8.0000
2026-05-24 16:18:05,300 - root - INFO - add_noise: grad_norm=1.0000, noise_norm=1.0780, sigma=0.6571, epsilon_per_round=8.0000
2026-05-24 16:18:05,300 - root - INFO - DP Round 2: clipping_ratio=0.3453, grad_norm_before=2.8958, grad_norm_after=1.0000, noise_norm=1.0780, epsilon_total=16.0000
2026-05-24 16:18:05,325 - root - INFO - 
======================================================================
2026-05-24 16:18:05,326 - root - INFO - Differential Privacy Mechanism Initialized: GaussianDP
2026-05-24 16:18:05,326 - root - INFO - ======================================================================
2026-05-24 16:18:05,326 - root - INFO -   Privacy Budget (ε):     8.0000
2026-05-24 16:18:05,326 - root - INFO -   Failure Probability (δ): 0.000001
2026-05-24 16:18:05,326 - root - INFO -   Clipping Norm (C):      1.0000
2026-05-24 16:18:05,326 - root - INFO -   Noise Scale (σ):        0.6571
2026-05-24 16:18:05,326 - root - INFO - ======================================================================

2026-05-24 16:18:05,326 - root - INFO - add_noise: grad_norm=1.0000, noise_norm=3.2655, sigma=0.6571, epsilon_per_round=8.0000
2026-05-24 16:18:05,326 - root - INFO - DP Round 1: clipping_ratio=0.5408, grad_norm_before=1.8491, grad_norm_after=1.0000, noise_norm=3.2655, epsilon_total=8.0000
2026-05-24 16:18:05,326 - root - INFO - add_noise: grad_norm=1.0000, noise_norm=0.9563, sigma=0.6571, epsilon_per_round=8.0000
2026-05-24 16:18:05,326 - root - INFO - DP Round 2: clipping_ratio=0.4247, grad_norm_before=2.3548, grad_norm_after=1.0000, noise_norm=0.9563, epsilon_total=16.0000
2026-05-24 16:18:05,352 - root - INFO - 
======================================================================
2026-05-24 16:18:05,352 - root - INFO - Differential Privacy Mechanism Initialized: GaussianDP
2026-05-24 16:18:05,352 - root - INFO - ======================================================================
2026-05-24 16:18:05,352 - root - INFO -   Privacy Budget (ε):     8.0000
2026-05-24 16:18:05,352 - root - INFO -   Failure Probability (δ): 0.000001
2026-05-24 16:18:05,352 - root - INFO -   Clipping Norm (C):      1.0000
2026-05-24 16:18:05,353 - root - INFO -   Noise Scale (σ):        0.6571
2026-05-24 16:18:05,353 - root - INFO - ======================================================================

2026-05-24 16:18:05,353 - root - INFO - add_noise: grad_norm=1.0000, noise_norm=3.8631, sigma=0.6571, epsilon_per_round=8.0000
2026-05-24 16:18:05,353 - root - INFO - DP Round 1: clipping_ratio=0.3947, grad_norm_before=2.5337, grad_norm_after=1.0000, noise_norm=3.8631, epsilon_total=8.0000
2026-05-24 16:18:05,353 - root - INFO - add_noise: grad_norm=1.0000, noise_norm=0.0276, sigma=0.6571, epsilon_per_round=8.0000
2026-05-24 16:18:05,353 - root - INFO - DP Round 2: clipping_ratio=0.3771, grad_norm_before=2.6518, grad_norm_after=1.0000, noise_norm=0.0276, epsilon_total=16.0000
2026-05-24 16:18:05,360 - root - INFO - 
======================================================================
2026-05-24 16:18:05,360 - root - INFO - Differential Privacy Mechanism Initialized: GaussianDP
2026-05-24 16:18:05,360 - root - INFO - ======================================================================
2026-05-24 16:18:05,360 - root - INFO -   Privacy Budget (ε):     8.0000
2026-05-24 16:18:05,360 - root - INFO -   Failure Probability (δ): 0.000001
2026-05-24 16:18:05,360 - root - INFO -   Clipping Norm (C):      1.0000
2026-05-24 16:18:05,360 - root - INFO -   Noise Scale (σ):        0.6571
2026-05-24 16:18:05,361 - root - INFO - ======================================================================

2026-05-24 16:18:05,361 - root - INFO - add_noise: grad_norm=1.0000, noise_norm=3.9445, sigma=0.6571, epsilon_per_round=8.0000
2026-05-24 16:18:05,361 - root - INFO - DP Round 1: clipping_ratio=0.3096, grad_norm_before=3.2300, grad_norm_after=1.0000, noise_norm=3.9445, epsilon_total=8.0000
2026-05-24 16:18:05,361 - root - INFO - add_noise: grad_norm=1.0000, noise_norm=0.0749, sigma=0.6571, epsilon_per_round=8.0000
2026-05-24 16:18:05,361 - root - INFO - DP Round 2: clipping_ratio=0.7093, grad_norm_before=1.4097, grad_norm_after=1.0000, noise_norm=0.0749, epsilon_total=16.0000
2026-05-24 16:18:05,381 - root - INFO - 
======================================================================
2026-05-24 16:18:05,381 - root - INFO - Differential Privacy Mechanism Initialized: GaussianDP
2026-05-24 16:18:05,381 - root - INFO - ======================================================================
2026-05-24 16:18:05,381 - root - INFO -   Privacy Budget (ε):     8.0000
2026-05-24 16:18:05,381 - root - INFO -   Failure Probability (δ): 0.000001
2026-05-24 16:18:05,381 - root - INFO -   Clipping Norm (C):      1.0000
2026-05-24 16:18:05,381 - root - INFO -   Noise Scale (σ):        0.6571
2026-05-24 16:18:05,381 - root - INFO - ======================================================================

2026-05-24 16:18:05,381 - root - INFO - add_noise: grad_norm=1.0000, noise_norm=3.8841, sigma=0.6571, epsilon_per_round=8.0000
2026-05-24 16:18:05,381 - root - INFO - DP Round 1: clipping_ratio=0.3351, grad_norm_before=2.9842, grad_norm_after=1.0000, noise_norm=3.8841, epsilon_total=8.0000
2026-05-24 16:18:05,381 - root - INFO - add_noise: grad_norm=1.0000, noise_norm=0.1672, sigma=0.6571, epsilon_per_round=8.0000
2026-05-24 16:18:05,381 - root - INFO - DP Round 2: clipping_ratio=0.3861, grad_norm_before=2.5900, grad_norm_after=1.0000, noise_norm=0.1672, epsilon_total=16.0000
2026-05-24 16:18:05,398 - root - INFO - 
======================================================================
2026-05-24 16:18:05,398 - root - INFO - Differential Privacy Mechanism Initialized: GaussianDP
2026-05-24 16:18:05,398 - root - INFO - ======================================================================
2026-05-24 16:18:05,398 - root - INFO -   Privacy Budget (ε):     8.0000
2026-05-24 16:18:05,398 - root - INFO -   Failure Probability (δ): 0.000001
2026-05-24 16:18:05,398 - root - INFO -   Clipping Norm (C):      1.0000
2026-05-24 16:18:05,398 - root - INFO -   Noise Scale (σ):        0.6571
2026-05-24 16:18:05,398 - root - INFO - ======================================================================

2026-05-24 16:18:05,398 - root - INFO - add_noise: grad_norm=1.0000, noise_norm=3.2436, sigma=0.6571, epsilon_per_round=8.0000
2026-05-24 16:18:05,398 - root - INFO - DP Round 1: clipping_ratio=0.4027, grad_norm_before=2.4832, grad_norm_after=1.0000, noise_norm=3.2436, epsilon_total=8.0000
2026-05-24 16:18:05,398 - root - INFO - add_noise: grad_norm=1.0000, noise_norm=0.7064, sigma=0.6571, epsilon_per_round=8.0000
2026-05-24 16:18:05,398 - root - INFO - DP Round 2: clipping_ratio=0.3486, grad_norm_before=2.8690, grad_norm_after=1.0000, noise_norm=0.7064, epsilon_total=16.0000
2026-05-24 16:18:05,405 - __main__ - INFO - Round 2 Validation AUROC: 0.6670
2026-05-24 16:18:05,405 - root - INFO - Round 3/3 - mode client
2026-05-24 16:18:05,427 - root - INFO - 
======================================================================
2026-05-24 16:18:05,427 - root - INFO - Differential Privacy Mechanism Initialized: GaussianDP
2026-05-24 16:18:05,427 - root - INFO - ======================================================================
2026-05-24 16:18:05,427 - root - INFO -   Privacy Budget (ε):     8.0000
2026-05-24 16:18:05,427 - root - INFO -   Failure Probability (δ): 0.000001
2026-05-24 16:18:05,427 - root - INFO -   Clipping Norm (C):      1.0000
2026-05-24 16:18:05,427 - root - INFO -   Noise Scale (σ):        0.6571
2026-05-24 16:18:05,428 - root - INFO - ======================================================================

2026-05-24 16:18:05,428 - root - INFO - add_noise: grad_norm=1.0000, noise_norm=3.7866, sigma=0.6571, epsilon_per_round=8.0000
2026-05-24 16:18:05,428 - root - INFO - DP Round 1: clipping_ratio=0.3860, grad_norm_before=2.5904, grad_norm_after=1.0000, noise_norm=3.7866, epsilon_total=8.0000
2026-05-24 16:18:05,428 - root - INFO - add_noise: grad_norm=1.0000, noise_norm=0.0466, sigma=0.6571, epsilon_per_round=8.0000
2026-05-24 16:18:05,428 - root - INFO - DP Round 2: clipping_ratio=0.2810, grad_norm_before=3.5588, grad_norm_after=1.0000, noise_norm=0.0466, epsilon_total=16.0000
2026-05-24 16:18:05,444 - root - INFO - 
======================================================================
2026-05-24 16:18:05,444 - root - INFO - Differential Privacy Mechanism Initialized: GaussianDP
2026-05-24 16:18:05,444 - root - INFO - ======================================================================
2026-05-24 16:18:05,444 - root - INFO -   Privacy Budget (ε):     8.0000
2026-05-24 16:18:05,444 - root - INFO -   Failure Probability (δ): 0.000001
2026-05-24 16:18:05,444 - root - INFO -   Clipping Norm (C):      1.0000
2026-05-24 16:18:05,444 - root - INFO -   Noise Scale (σ):        0.6571
2026-05-24 16:18:05,444 - root - INFO - ======================================================================

2026-05-24 16:18:05,444 - root - INFO - add_noise: grad_norm=1.0000, noise_norm=4.0261, sigma=0.6571, epsilon_per_round=8.0000
2026-05-24 16:18:05,444 - root - INFO - DP Round 1: clipping_ratio=0.4010, grad_norm_before=2.4938, grad_norm_after=1.0000, noise_norm=4.0261, epsilon_total=8.0000
2026-05-24 16:18:05,444 - root - INFO - add_noise: grad_norm=1.0000, noise_norm=0.5453, sigma=0.6571, epsilon_per_round=8.0000
2026-05-24 16:18:05,444 - root - INFO - DP Round 2: clipping_ratio=0.3453, grad_norm_before=2.8958, grad_norm_after=1.0000, noise_norm=0.5453, epsilon_total=16.0000
2026-05-24 16:18:05,469 - root - INFO - 
======================================================================
2026-05-24 16:18:05,469 - root - INFO - Differential Privacy Mechanism Initialized: GaussianDP
2026-05-24 16:18:05,469 - root - INFO - ======================================================================
2026-05-24 16:18:05,469 - root - INFO -   Privacy Budget (ε):     8.0000
2026-05-24 16:18:05,469 - root - INFO -   Failure Probability (δ): 0.000001
2026-05-24 16:18:05,469 - root - INFO -   Clipping Norm (C):      1.0000
2026-05-24 16:18:05,469 - root - INFO -   Noise Scale (σ):        0.6571
2026-05-24 16:18:05,469 - root - INFO - ======================================================================

2026-05-24 16:18:05,469 - root - INFO - add_noise: grad_norm=1.0000, noise_norm=4.4711, sigma=0.6571, epsilon_per_round=8.0000
2026-05-24 16:18:05,469 - root - INFO - DP Round 1: clipping_ratio=0.5408, grad_norm_before=1.8491, grad_norm_after=1.0000, noise_norm=4.4711, epsilon_total=8.0000
2026-05-24 16:18:05,470 - root - INFO - add_noise: grad_norm=1.0000, noise_norm=0.4899, sigma=0.6571, epsilon_per_round=8.0000
2026-05-24 16:18:05,470 - root - INFO - DP Round 2: clipping_ratio=0.4247, grad_norm_before=2.3548, grad_norm_after=1.0000, noise_norm=0.4899, epsilon_total=16.0000
2026-05-24 16:18:05,496 - root - INFO - 
======================================================================
2026-05-24 16:18:05,496 - root - INFO - Differential Privacy Mechanism Initialized: GaussianDP
2026-05-24 16:18:05,496 - root - INFO - ======================================================================
2026-05-24 16:18:05,496 - root - INFO -   Privacy Budget (ε):     8.0000
2026-05-24 16:18:05,496 - root - INFO -   Failure Probability (δ): 0.000001
2026-05-24 16:18:05,496 - root - INFO -   Clipping Norm (C):      1.0000
2026-05-24 16:18:05,496 - root - INFO -   Noise Scale (σ):        0.6571
2026-05-24 16:18:05,496 - root - INFO - ======================================================================

2026-05-24 16:18:05,496 - root - INFO - add_noise: grad_norm=1.0000, noise_norm=3.4177, sigma=0.6571, epsilon_per_round=8.0000
2026-05-24 16:18:05,496 - root - INFO - DP Round 1: clipping_ratio=0.3947, grad_norm_before=2.5337, grad_norm_after=1.0000, noise_norm=3.4177, epsilon_total=8.0000
2026-05-24 16:18:05,496 - root - INFO - add_noise: grad_norm=1.0000, noise_norm=0.2874, sigma=0.6571, epsilon_per_round=8.0000
2026-05-24 16:18:05,496 - root - INFO - DP Round 2: clipping_ratio=0.3771, grad_norm_before=2.6518, grad_norm_after=1.0000, noise_norm=0.2874, epsilon_total=16.0000
2026-05-24 16:18:05,504 - root - INFO - 
======================================================================
2026-05-24 16:18:05,504 - root - INFO - Differential Privacy Mechanism Initialized: GaussianDP
2026-05-24 16:18:05,504 - root - INFO - ======================================================================
2026-05-24 16:18:05,504 - root - INFO -   Privacy Budget (ε):     8.0000
2026-05-24 16:18:05,504 - root - INFO -   Failure Probability (δ): 0.000001
2026-05-24 16:18:05,504 - root - INFO -   Clipping Norm (C):      1.0000
2026-05-24 16:18:05,504 - root - INFO -   Noise Scale (σ):        0.6571
2026-05-24 16:18:05,504 - root - INFO - ======================================================================

2026-05-24 16:18:05,504 - root - INFO - add_noise: grad_norm=1.0000, noise_norm=3.4394, sigma=0.6571, epsilon_per_round=8.0000
2026-05-24 16:18:05,504 - root - INFO - DP Round 1: clipping_ratio=0.3096, grad_norm_before=3.2300, grad_norm_after=1.0000, noise_norm=3.4394, epsilon_total=8.0000
2026-05-24 16:18:05,504 - root - INFO - add_noise: grad_norm=1.0000, noise_norm=0.4397, sigma=0.6571, epsilon_per_round=8.0000
2026-05-24 16:18:05,504 - root - INFO - DP Round 2: clipping_ratio=0.7093, grad_norm_before=1.4097, grad_norm_after=1.0000, noise_norm=0.4397, epsilon_total=16.0000
2026-05-24 16:18:05,524 - root - INFO - 
======================================================================
2026-05-24 16:18:05,524 - root - INFO - Differential Privacy Mechanism Initialized: GaussianDP
2026-05-24 16:18:05,524 - root - INFO - ======================================================================
2026-05-24 16:18:05,524 - root - INFO -   Privacy Budget (ε):     8.0000
2026-05-24 16:18:05,524 - root - INFO -   Failure Probability (δ): 0.000001
2026-05-24 16:18:05,524 - root - INFO -   Clipping Norm (C):      1.0000
2026-05-24 16:18:05,524 - root - INFO -   Noise Scale (σ):        0.6571
2026-05-24 16:18:05,524 - root - INFO - ======================================================================

2026-05-24 16:18:05,524 - root - INFO - add_noise: grad_norm=1.0000, noise_norm=3.2220, sigma=0.6571, epsilon_per_round=8.0000
2026-05-24 16:18:05,524 - root - INFO - DP Round 1: clipping_ratio=0.3351, grad_norm_before=2.9842, grad_norm_after=1.0000, noise_norm=3.2220, epsilon_total=8.0000
2026-05-24 16:18:05,525 - root - INFO - add_noise: grad_norm=1.0000, noise_norm=0.6579, sigma=0.6571, epsilon_per_round=8.0000
2026-05-24 16:18:05,525 - root - INFO - DP Round 2: clipping_ratio=0.3861, grad_norm_before=2.5900, grad_norm_after=1.0000, noise_norm=0.6579, epsilon_total=16.0000
2026-05-24 16:18:05,541 - root - INFO - 
======================================================================
2026-05-24 16:18:05,542 - root - INFO - Differential Privacy Mechanism Initialized: GaussianDP
2026-05-24 16:18:05,542 - root - INFO - ======================================================================
2026-05-24 16:18:05,542 - root - INFO -   Privacy Budget (ε):     8.0000
2026-05-24 16:18:05,542 - root - INFO -   Failure Probability (δ): 0.000001
2026-05-24 16:18:05,542 - root - INFO -   Clipping Norm (C):      1.0000
2026-05-24 16:18:05,542 - root - INFO -   Noise Scale (σ):        0.6571
2026-05-24 16:18:05,542 - root - INFO - ======================================================================

2026-05-24 16:18:05,542 - root - INFO - add_noise: grad_norm=1.0000, noise_norm=3.5440, sigma=0.6571, epsilon_per_round=8.0000
2026-05-24 16:18:05,542 - root - INFO - DP Round 1: clipping_ratio=0.4027, grad_norm_before=2.4832, grad_norm_after=1.0000, noise_norm=3.5440, epsilon_total=8.0000
2026-05-24 16:18:05,542 - root - INFO - add_noise: grad_norm=1.0000, noise_norm=0.8383, sigma=0.6571, epsilon_per_round=8.0000
2026-05-24 16:18:05,542 - root - INFO - DP Round 2: clipping_ratio=0.3486, grad_norm_before=2.8690, grad_norm_after=1.0000, noise_norm=0.8383, epsilon_total=16.0000
2026-05-24 16:18:05,548 - __main__ - INFO - Round 3 Validation AUROC: 0.6429
2026-05-24 16:18:05,555 - __main__ - INFO - Final Test AUROC: 0.6270
2026-05-24 16:18:05,556 - __main__ - INFO - Completed client eps=8 seed=2 -> test_auc=0.6270
2026-05-24 16:18:05,556 - __main__ - INFO - Starting prototype run: mode=client, eps=8, C=1.0, rounds=3, seed=3
2026-05-24 16:18:05,556 - src.data.loader - INFO - Loading cohort from cache: /home/raiyanjiyon/Projects/federated-healthcare-ml/data/cache/mimic_iv_cohort.csv
2026-05-24 16:18:05,727 - src.data.loader - WARNING - Missing features: {'admission_type_emergency'}
2026-05-24 16:18:05,735 - src.data.loader - INFO - Dataset: 65273 patients, 31 features
2026-05-24 16:18:05,736 - src.data.loader - INFO - Target distribution: [58207  7066]
2026-05-24 16:18:05,739 - src.data.split - INFO - ✓ Medical Intensive Care Unit (MICU): 8791 patients, 1410 deaths (16.0%)
2026-05-24 16:18:05,743 - src.data.split - INFO - ✓ Surgical Intensive Care Unit (SICU): 6372 patients, 754 deaths (11.8%)
2026-05-24 16:18:05,747 - src.data.split - INFO - ✓ Medical/Surgical Intensive Care Unit (MICU/SICU): 6983 patients, 957 deaths (13.7%)
2026-05-24 16:18:05,751 - src.data.split - INFO - ✓ Cardiac Vascular Intensive Care Unit (CVICU): 8118 patients, 265 deaths (3.3%)
2026-05-24 16:18:05,755 - src.data.split - INFO - ✓ Coronary Care Unit (CCU): 5113 patients, 643 deaths (12.6%)
2026-05-24 16:18:05,758 - src.data.split - INFO - ✓ Trauma SICU (TSICU): 5458 patients, 569 deaths (10.4%)
2026-05-24 16:18:05,761 - src.data.split - INFO - ✓ Neuro Surgical Intensive Care Unit (Neuro SICU): 907 patients, 256 deaths (28.2%)
2026-05-24 16:18:05,765 - src.data.split - INFO -   (skipped Intensive Care Unit (ICU): 16 patients, < 100)
2026-05-24 16:18:05,768 - src.data.split - INFO -   (skipped Medicine: 9 patients, < 100)
2026-05-24 16:18:05,770 - src.data.split - INFO -   (skipped Neuro Intermediate: 3035 patients, < 100)
2026-05-24 16:18:05,772 - src.data.split - INFO -   (skipped Neuro Stepdown: 784 patients, < 100)
2026-05-24 16:18:05,774 - src.data.split - INFO -   (skipped PACU: 43 patients, < 100)
2026-05-24 16:18:05,776 - src.data.split - INFO -   (skipped Surgery/Trauma: 2 patients, < 100)
2026-05-24 16:18:05,778 - src.data.split - INFO -   (skipped Surgery/Vascular/Intermediate: 60 patients, < 100)
2026-05-24 16:18:05,778 - src.data.split - INFO - 
✓ Federated learning ready: 7 clients
2026-05-24 16:18:05,791 - src.training.federated - INFO - FederatedTrainer initialized:
2026-05-24 16:18:05,791 - src.training.federated - INFO -   Clients: 7
2026-05-24 16:18:05,791 - src.training.federated - INFO -   Training samples: 41742
2026-05-24 16:18:05,791 - src.training.federated - INFO -   Validation samples: 9791
2026-05-24 16:18:05,791 - src.training.federated - INFO -   Test samples: 9791
2026-05-24 16:18:05,791 - src.training.federated - INFO -   Features: 31
2026-05-24 16:18:05,791 - src.training.federated - INFO -   Rounds: 3
2026-05-24 16:18:05,791 - src.training.federated - INFO -   Strategy: FEDAVG
2026-05-24 16:18:05,791 - src.training.federated - INFO -   Privacy: Disabled
2026-05-24 16:18:05,791 - root - INFO - 
======================================================================
2026-05-24 16:18:05,791 - root - INFO - Differential Privacy Mechanism Initialized: GaussianDP
2026-05-24 16:18:05,791 - root - INFO - ======================================================================
2026-05-24 16:18:05,791 - root - INFO -   Privacy Budget (ε):     8.0000
2026-05-24 16:18:05,791 - root - INFO -   Failure Probability (δ): 0.000001
2026-05-24 16:18:05,791 - root - INFO -   Clipping Norm (C):      1.0000
2026-05-24 16:18:05,791 - root - INFO -   Noise Scale (σ):        0.6571
2026-05-24 16:18:05,791 - root - INFO - ======================================================================

2026-05-24 16:18:05,791 - root - INFO - Round 1/3 - mode client
2026-05-24 16:18:05,812 - root - INFO - 
======================================================================
2026-05-24 16:18:05,813 - root - INFO - Differential Privacy Mechanism Initialized: GaussianDP
2026-05-24 16:18:05,813 - root - INFO - ======================================================================
2026-05-24 16:18:05,813 - root - INFO -   Privacy Budget (ε):     8.0000
2026-05-24 16:18:05,813 - root - INFO -   Failure Probability (δ): 0.000001
2026-05-24 16:18:05,813 - root - INFO -   Clipping Norm (C):      1.0000
2026-05-24 16:18:05,813 - root - INFO -   Noise Scale (σ):        0.6571
2026-05-24 16:18:05,813 - root - INFO - ======================================================================

2026-05-24 16:18:05,813 - root - INFO - add_noise: grad_norm=1.0000, noise_norm=3.3393, sigma=0.6571, epsilon_per_round=8.0000
2026-05-24 16:18:05,813 - root - INFO - DP Round 1: clipping_ratio=0.3860, grad_norm_before=2.5904, grad_norm_after=1.0000, noise_norm=3.3393, epsilon_total=8.0000
2026-05-24 16:18:05,813 - root - INFO - add_noise: grad_norm=1.0000, noise_norm=1.2984, sigma=0.6571, epsilon_per_round=8.0000
2026-05-24 16:18:05,813 - root - INFO - DP Round 2: clipping_ratio=0.2810, grad_norm_before=3.5588, grad_norm_after=1.0000, noise_norm=1.2984, epsilon_total=16.0000
2026-05-24 16:18:05,829 - root - INFO - 
======================================================================
2026-05-24 16:18:05,829 - root - INFO - Differential Privacy Mechanism Initialized: GaussianDP
2026-05-24 16:18:05,829 - root - INFO - ======================================================================
2026-05-24 16:18:05,829 - root - INFO -   Privacy Budget (ε):     8.0000
2026-05-24 16:18:05,829 - root - INFO -   Failure Probability (δ): 0.000001
2026-05-24 16:18:05,829 - root - INFO -   Clipping Norm (C):      1.0000
2026-05-24 16:18:05,829 - root - INFO -   Noise Scale (σ):        0.6571
2026-05-24 16:18:05,829 - root - INFO - ======================================================================

2026-05-24 16:18:05,829 - root - INFO - add_noise: grad_norm=1.0000, noise_norm=4.3214, sigma=0.6571, epsilon_per_round=8.0000
2026-05-24 16:18:05,829 - root - INFO - DP Round 1: clipping_ratio=0.4010, grad_norm_before=2.4938, grad_norm_after=1.0000, noise_norm=4.3214, epsilon_total=8.0000
2026-05-24 16:18:05,830 - root - INFO - add_noise: grad_norm=1.0000, noise_norm=1.1661, sigma=0.6571, epsilon_per_round=8.0000
2026-05-24 16:18:05,830 - root - INFO - DP Round 2: clipping_ratio=0.3453, grad_norm_before=2.8958, grad_norm_after=1.0000, noise_norm=1.1661, epsilon_total=16.0000
2026-05-24 16:18:05,856 - root - INFO - 
======================================================================
2026-05-24 16:18:05,856 - root - INFO - Differential Privacy Mechanism Initialized: GaussianDP
2026-05-24 16:18:05,856 - root - INFO - ======================================================================
2026-05-24 16:18:05,856 - root - INFO -   Privacy Budget (ε):     8.0000
2026-05-24 16:18:05,856 - root - INFO -   Failure Probability (δ): 0.000001
2026-05-24 16:18:05,856 - root - INFO -   Clipping Norm (C):      1.0000
2026-05-24 16:18:05,856 - root - INFO -   Noise Scale (σ):        0.6571
2026-05-24 16:18:05,856 - root - INFO - ======================================================================

2026-05-24 16:18:05,856 - root - INFO - add_noise: grad_norm=1.0000, noise_norm=3.7342, sigma=0.6571, epsilon_per_round=8.0000
2026-05-24 16:18:05,856 - root - INFO - DP Round 1: clipping_ratio=0.5408, grad_norm_before=1.8491, grad_norm_after=1.0000, noise_norm=3.7342, epsilon_total=8.0000
2026-05-24 16:18:05,856 - root - INFO - add_noise: grad_norm=1.0000, noise_norm=0.0719, sigma=0.6571, epsilon_per_round=8.0000
2026-05-24 16:18:05,856 - root - INFO - DP Round 2: clipping_ratio=0.4247, grad_norm_before=2.3548, grad_norm_after=1.0000, noise_norm=0.0719, epsilon_total=16.0000
2026-05-24 16:18:05,884 - root - INFO - 
======================================================================
2026-05-24 16:18:05,884 - root - INFO - Differential Privacy Mechanism Initialized: GaussianDP
2026-05-24 16:18:05,884 - root - INFO - ======================================================================
2026-05-24 16:18:05,884 - root - INFO -   Privacy Budget (ε):     8.0000
2026-05-24 16:18:05,884 - root - INFO -   Failure Probability (δ): 0.000001
2026-05-24 16:18:05,884 - root - INFO -   Clipping Norm (C):      1.0000
2026-05-24 16:18:05,884 - root - INFO -   Noise Scale (σ):        0.6571
2026-05-24 16:18:05,884 - root - INFO - ======================================================================

2026-05-24 16:18:05,884 - root - INFO - add_noise: grad_norm=1.0000, noise_norm=3.0216, sigma=0.6571, epsilon_per_round=8.0000
2026-05-24 16:18:05,884 - root - INFO - DP Round 1: clipping_ratio=0.3947, grad_norm_before=2.5337, grad_norm_after=1.0000, noise_norm=3.0216, epsilon_total=8.0000
2026-05-24 16:18:05,885 - root - INFO - add_noise: grad_norm=1.0000, noise_norm=0.1814, sigma=0.6571, epsilon_per_round=8.0000
2026-05-24 16:18:05,885 - root - INFO - DP Round 2: clipping_ratio=0.3771, grad_norm_before=2.6518, grad_norm_after=1.0000, noise_norm=0.1814, epsilon_total=16.0000
2026-05-24 16:18:05,892 - root - INFO - 
======================================================================
2026-05-24 16:18:05,892 - root - INFO - Differential Privacy Mechanism Initialized: GaussianDP
2026-05-24 16:18:05,892 - root - INFO - ======================================================================
2026-05-24 16:18:05,892 - root - INFO -   Privacy Budget (ε):     8.0000
2026-05-24 16:18:05,892 - root - INFO -   Failure Probability (δ): 0.000001
2026-05-24 16:18:05,892 - root - INFO -   Clipping Norm (C):      1.0000
2026-05-24 16:18:05,892 - root - INFO -   Noise Scale (σ):        0.6571
2026-05-24 16:18:05,892 - root - INFO - ======================================================================

2026-05-24 16:18:05,893 - root - INFO - add_noise: grad_norm=1.0000, noise_norm=2.8518, sigma=0.6571, epsilon_per_round=8.0000
2026-05-24 16:18:05,893 - root - INFO - DP Round 1: clipping_ratio=0.3096, grad_norm_before=3.2300, grad_norm_after=1.0000, noise_norm=2.8518, epsilon_total=8.0000
2026-05-24 16:18:05,893 - root - INFO - add_noise: grad_norm=1.0000, noise_norm=0.6552, sigma=0.6571, epsilon_per_round=8.0000
2026-05-24 16:18:05,893 - root - INFO - DP Round 2: clipping_ratio=0.7093, grad_norm_before=1.4097, grad_norm_after=1.0000, noise_norm=0.6552, epsilon_total=16.0000
2026-05-24 16:18:05,914 - root - INFO - 
======================================================================
2026-05-24 16:18:05,914 - root - INFO - Differential Privacy Mechanism Initialized: GaussianDP
2026-05-24 16:18:05,914 - root - INFO - ======================================================================
2026-05-24 16:18:05,914 - root - INFO -   Privacy Budget (ε):     8.0000
2026-05-24 16:18:05,914 - root - INFO -   Failure Probability (δ): 0.000001
2026-05-24 16:18:05,914 - root - INFO -   Clipping Norm (C):      1.0000
2026-05-24 16:18:05,914 - root - INFO -   Noise Scale (σ):        0.6571
2026-05-24 16:18:05,914 - root - INFO - ======================================================================

2026-05-24 16:18:05,914 - root - INFO - add_noise: grad_norm=1.0000, noise_norm=3.7941, sigma=0.6571, epsilon_per_round=8.0000
2026-05-24 16:18:05,914 - root - INFO - DP Round 1: clipping_ratio=0.3351, grad_norm_before=2.9842, grad_norm_after=1.0000, noise_norm=3.7941, epsilon_total=8.0000
2026-05-24 16:18:05,914 - root - INFO - add_noise: grad_norm=1.0000, noise_norm=1.0162, sigma=0.6571, epsilon_per_round=8.0000
2026-05-24 16:18:05,914 - root - INFO - DP Round 2: clipping_ratio=0.3861, grad_norm_before=2.5900, grad_norm_after=1.0000, noise_norm=1.0162, epsilon_total=16.0000
2026-05-24 16:18:05,931 - root - INFO - 
======================================================================
2026-05-24 16:18:05,931 - root - INFO - Differential Privacy Mechanism Initialized: GaussianDP
2026-05-24 16:18:05,931 - root - INFO - ======================================================================
2026-05-24 16:18:05,931 - root - INFO -   Privacy Budget (ε):     8.0000
2026-05-24 16:18:05,931 - root - INFO -   Failure Probability (δ): 0.000001
2026-05-24 16:18:05,931 - root - INFO -   Clipping Norm (C):      1.0000
2026-05-24 16:18:05,931 - root - INFO -   Noise Scale (σ):        0.6571
2026-05-24 16:18:05,931 - root - INFO - ======================================================================

2026-05-24 16:18:05,931 - root - INFO - add_noise: grad_norm=1.0000, noise_norm=3.0423, sigma=0.6571, epsilon_per_round=8.0000
2026-05-24 16:18:05,932 - root - INFO - DP Round 1: clipping_ratio=0.4027, grad_norm_before=2.4832, grad_norm_after=1.0000, noise_norm=3.0423, epsilon_total=8.0000
2026-05-24 16:18:05,932 - root - INFO - add_noise: grad_norm=1.0000, noise_norm=1.0719, sigma=0.6571, epsilon_per_round=8.0000
2026-05-24 16:18:05,932 - root - INFO - DP Round 2: clipping_ratio=0.3486, grad_norm_before=2.8690, grad_norm_after=1.0000, noise_norm=1.0719, epsilon_total=16.0000
2026-05-24 16:18:05,938 - __main__ - INFO - Round 1 Validation AUROC: 0.4540
2026-05-24 16:18:05,938 - root - INFO - Round 2/3 - mode client
2026-05-24 16:18:05,961 - root - INFO - 
======================================================================
2026-05-24 16:18:05,961 - root - INFO - Differential Privacy Mechanism Initialized: GaussianDP
2026-05-24 16:18:05,961 - root - INFO - ======================================================================
2026-05-24 16:18:05,961 - root - INFO -   Privacy Budget (ε):     8.0000
2026-05-24 16:18:05,961 - root - INFO -   Failure Probability (δ): 0.000001
2026-05-24 16:18:05,961 - root - INFO -   Clipping Norm (C):      1.0000
2026-05-24 16:18:05,961 - root - INFO -   Noise Scale (σ):        0.6571
2026-05-24 16:18:05,961 - root - INFO - ======================================================================

2026-05-24 16:18:05,961 - root - INFO - add_noise: grad_norm=1.0000, noise_norm=4.6632, sigma=0.6571, epsilon_per_round=8.0000
2026-05-24 16:18:05,961 - root - INFO - DP Round 1: clipping_ratio=0.3860, grad_norm_before=2.5904, grad_norm_after=1.0000, noise_norm=4.6632, epsilon_total=8.0000
2026-05-24 16:18:05,961 - root - INFO - add_noise: grad_norm=1.0000, noise_norm=0.1025, sigma=0.6571, epsilon_per_round=8.0000
2026-05-24 16:18:05,961 - root - INFO - DP Round 2: clipping_ratio=0.2810, grad_norm_before=3.5588, grad_norm_after=1.0000, noise_norm=0.1025, epsilon_total=16.0000
2026-05-24 16:18:05,978 - root - INFO - 
======================================================================
2026-05-24 16:18:05,978 - root - INFO - Differential Privacy Mechanism Initialized: GaussianDP
2026-05-24 16:18:05,978 - root - INFO - ======================================================================
2026-05-24 16:18:05,978 - root - INFO -   Privacy Budget (ε):     8.0000
2026-05-24 16:18:05,978 - root - INFO -   Failure Probability (δ): 0.000001
2026-05-24 16:18:05,978 - root - INFO -   Clipping Norm (C):      1.0000
2026-05-24 16:18:05,978 - root - INFO -   Noise Scale (σ):        0.6571
2026-05-24 16:18:05,978 - root - INFO - ======================================================================

2026-05-24 16:18:05,978 - root - INFO - add_noise: grad_norm=1.0000, noise_norm=4.0401, sigma=0.6571, epsilon_per_round=8.0000
2026-05-24 16:18:05,978 - root - INFO - DP Round 1: clipping_ratio=0.4010, grad_norm_before=2.4938, grad_norm_after=1.0000, noise_norm=4.0401, epsilon_total=8.0000
2026-05-24 16:18:05,978 - root - INFO - add_noise: grad_norm=1.0000, noise_norm=0.0098, sigma=0.6571, epsilon_per_round=8.0000
2026-05-24 16:18:05,978 - root - INFO - DP Round 2: clipping_ratio=0.3453, grad_norm_before=2.8958, grad_norm_after=1.0000, noise_norm=0.0098, epsilon_total=16.0000
2026-05-24 16:18:06,005 - root - INFO - 
======================================================================
2026-05-24 16:18:06,005 - root - INFO - Differential Privacy Mechanism Initialized: GaussianDP
2026-05-24 16:18:06,005 - root - INFO - ======================================================================
2026-05-24 16:18:06,005 - root - INFO -   Privacy Budget (ε):     8.0000
2026-05-24 16:18:06,005 - root - INFO -   Failure Probability (δ): 0.000001
2026-05-24 16:18:06,005 - root - INFO -   Clipping Norm (C):      1.0000
2026-05-24 16:18:06,005 - root - INFO -   Noise Scale (σ):        0.6571
2026-05-24 16:18:06,005 - root - INFO - ======================================================================

2026-05-24 16:18:06,005 - root - INFO - add_noise: grad_norm=1.0000, noise_norm=3.9870, sigma=0.6571, epsilon_per_round=8.0000
2026-05-24 16:18:06,005 - root - INFO - DP Round 1: clipping_ratio=0.5408, grad_norm_before=1.8491, grad_norm_after=1.0000, noise_norm=3.9870, epsilon_total=8.0000
2026-05-24 16:18:06,005 - root - INFO - add_noise: grad_norm=1.0000, noise_norm=0.9685, sigma=0.6571, epsilon_per_round=8.0000
2026-05-24 16:18:06,005 - root - INFO - DP Round 2: clipping_ratio=0.4247, grad_norm_before=2.3548, grad_norm_after=1.0000, noise_norm=0.9685, epsilon_total=16.0000
2026-05-24 16:18:06,033 - root - INFO - 
======================================================================
2026-05-24 16:18:06,033 - root - INFO - Differential Privacy Mechanism Initialized: GaussianDP
2026-05-24 16:18:06,033 - root - INFO - ======================================================================
2026-05-24 16:18:06,033 - root - INFO -   Privacy Budget (ε):     8.0000
2026-05-24 16:18:06,033 - root - INFO -   Failure Probability (δ): 0.000001
2026-05-24 16:18:06,033 - root - INFO -   Clipping Norm (C):      1.0000
2026-05-24 16:18:06,033 - root - INFO -   Noise Scale (σ):        0.6571
2026-05-24 16:18:06,033 - root - INFO - ======================================================================

2026-05-24 16:18:06,033 - root - INFO - add_noise: grad_norm=1.0000, noise_norm=4.6109, sigma=0.6571, epsilon_per_round=8.0000
2026-05-24 16:18:06,033 - root - INFO - DP Round 1: clipping_ratio=0.3947, grad_norm_before=2.5337, grad_norm_after=1.0000, noise_norm=4.6109, epsilon_total=8.0000
2026-05-24 16:18:06,033 - root - INFO - add_noise: grad_norm=1.0000, noise_norm=0.2259, sigma=0.6571, epsilon_per_round=8.0000
2026-05-24 16:18:06,033 - root - INFO - DP Round 2: clipping_ratio=0.3771, grad_norm_before=2.6518, grad_norm_after=1.0000, noise_norm=0.2259, epsilon_total=16.0000
2026-05-24 16:18:06,041 - root - INFO - 
======================================================================
2026-05-24 16:18:06,041 - root - INFO - Differential Privacy Mechanism Initialized: GaussianDP
2026-05-24 16:18:06,041 - root - INFO - ======================================================================
2026-05-24 16:18:06,041 - root - INFO -   Privacy Budget (ε):     8.0000
2026-05-24 16:18:06,041 - root - INFO -   Failure Probability (δ): 0.000001
2026-05-24 16:18:06,041 - root - INFO -   Clipping Norm (C):      1.0000
2026-05-24 16:18:06,041 - root - INFO -   Noise Scale (σ):        0.6571
2026-05-24 16:18:06,041 - root - INFO - ======================================================================

2026-05-24 16:18:06,041 - root - INFO - add_noise: grad_norm=1.0000, noise_norm=3.4341, sigma=0.6571, epsilon_per_round=8.0000
2026-05-24 16:18:06,041 - root - INFO - DP Round 1: clipping_ratio=0.3096, grad_norm_before=3.2300, grad_norm_after=1.0000, noise_norm=3.4341, epsilon_total=8.0000
2026-05-24 16:18:06,041 - root - INFO - add_noise: grad_norm=1.0000, noise_norm=0.0635, sigma=0.6571, epsilon_per_round=8.0000
2026-05-24 16:18:06,041 - root - INFO - DP Round 2: clipping_ratio=0.7093, grad_norm_before=1.4097, grad_norm_after=1.0000, noise_norm=0.0635, epsilon_total=16.0000
2026-05-24 16:18:06,062 - root - INFO - 
======================================================================
2026-05-24 16:18:06,062 - root - INFO - Differential Privacy Mechanism Initialized: GaussianDP
2026-05-24 16:18:06,062 - root - INFO - ======================================================================
2026-05-24 16:18:06,062 - root - INFO -   Privacy Budget (ε):     8.0000
2026-05-24 16:18:06,062 - root - INFO -   Failure Probability (δ): 0.000001
2026-05-24 16:18:06,062 - root - INFO -   Clipping Norm (C):      1.0000
2026-05-24 16:18:06,062 - root - INFO -   Noise Scale (σ):        0.6571
2026-05-24 16:18:06,062 - root - INFO - ======================================================================

2026-05-24 16:18:06,062 - root - INFO - add_noise: grad_norm=1.0000, noise_norm=3.5382, sigma=0.6571, epsilon_per_round=8.0000
2026-05-24 16:18:06,062 - root - INFO - DP Round 1: clipping_ratio=0.3351, grad_norm_before=2.9842, grad_norm_after=1.0000, noise_norm=3.5382, epsilon_total=8.0000
2026-05-24 16:18:06,063 - root - INFO - add_noise: grad_norm=1.0000, noise_norm=0.7833, sigma=0.6571, epsilon_per_round=8.0000
2026-05-24 16:18:06,063 - root - INFO - DP Round 2: clipping_ratio=0.3861, grad_norm_before=2.5900, grad_norm_after=1.0000, noise_norm=0.7833, epsilon_total=16.0000
2026-05-24 16:18:06,080 - root - INFO - 
======================================================================
2026-05-24 16:18:06,080 - root - INFO - Differential Privacy Mechanism Initialized: GaussianDP
2026-05-24 16:18:06,080 - root - INFO - ======================================================================
2026-05-24 16:18:06,080 - root - INFO -   Privacy Budget (ε):     8.0000
2026-05-24 16:18:06,080 - root - INFO -   Failure Probability (δ): 0.000001
2026-05-24 16:18:06,080 - root - INFO -   Clipping Norm (C):      1.0000
2026-05-24 16:18:06,080 - root - INFO -   Noise Scale (σ):        0.6571
2026-05-24 16:18:06,080 - root - INFO - ======================================================================

2026-05-24 16:18:06,080 - root - INFO - add_noise: grad_norm=1.0000, noise_norm=3.7195, sigma=0.6571, epsilon_per_round=8.0000
2026-05-24 16:18:06,080 - root - INFO - DP Round 1: clipping_ratio=0.4027, grad_norm_before=2.4832, grad_norm_after=1.0000, noise_norm=3.7195, epsilon_total=8.0000
2026-05-24 16:18:06,080 - root - INFO - add_noise: grad_norm=1.0000, noise_norm=0.3411, sigma=0.6571, epsilon_per_round=8.0000
2026-05-24 16:18:06,080 - root - INFO - DP Round 2: clipping_ratio=0.3486, grad_norm_before=2.8690, grad_norm_after=1.0000, noise_norm=0.3411, epsilon_total=16.0000
2026-05-24 16:18:06,086 - __main__ - INFO - Round 2 Validation AUROC: 0.7580
2026-05-24 16:18:06,086 - root - INFO - Round 3/3 - mode client
2026-05-24 16:18:06,109 - root - INFO - 
======================================================================
2026-05-24 16:18:06,109 - root - INFO - Differential Privacy Mechanism Initialized: GaussianDP
2026-05-24 16:18:06,109 - root - INFO - ======================================================================
2026-05-24 16:18:06,109 - root - INFO -   Privacy Budget (ε):     8.0000
2026-05-24 16:18:06,109 - root - INFO -   Failure Probability (δ): 0.000001
2026-05-24 16:18:06,110 - root - INFO -   Clipping Norm (C):      1.0000
2026-05-24 16:18:06,110 - root - INFO -   Noise Scale (σ):        0.6571
2026-05-24 16:18:06,110 - root - INFO - ======================================================================

2026-05-24 16:18:06,110 - root - INFO - add_noise: grad_norm=1.0000, noise_norm=3.1248, sigma=0.6571, epsilon_per_round=8.0000
2026-05-24 16:18:06,110 - root - INFO - DP Round 1: clipping_ratio=0.3860, grad_norm_before=2.5904, grad_norm_after=1.0000, noise_norm=3.1248, epsilon_total=8.0000
2026-05-24 16:18:06,110 - root - INFO - add_noise: grad_norm=1.0000, noise_norm=0.0441, sigma=0.6571, epsilon_per_round=8.0000
2026-05-24 16:18:06,110 - root - INFO - DP Round 2: clipping_ratio=0.2810, grad_norm_before=3.5588, grad_norm_after=1.0000, noise_norm=0.0441, epsilon_total=16.0000
2026-05-24 16:18:06,135 - root - INFO - 
======================================================================
2026-05-24 16:18:06,135 - root - INFO - Differential Privacy Mechanism Initialized: GaussianDP
2026-05-24 16:18:06,135 - root - INFO - ======================================================================
2026-05-24 16:18:06,135 - root - INFO -   Privacy Budget (ε):     8.0000
2026-05-24 16:18:06,135 - root - INFO -   Failure Probability (δ): 0.000001
2026-05-24 16:18:06,135 - root - INFO -   Clipping Norm (C):      1.0000
2026-05-24 16:18:06,135 - root - INFO -   Noise Scale (σ):        0.6571
2026-05-24 16:18:06,135 - root - INFO - ======================================================================

2026-05-24 16:18:06,135 - root - INFO - add_noise: grad_norm=1.0000, noise_norm=3.6940, sigma=0.6571, epsilon_per_round=8.0000
2026-05-24 16:18:06,135 - root - INFO - DP Round 1: clipping_ratio=0.4010, grad_norm_before=2.4938, grad_norm_after=1.0000, noise_norm=3.6940, epsilon_total=8.0000
2026-05-24 16:18:06,135 - root - INFO - add_noise: grad_norm=1.0000, noise_norm=0.6601, sigma=0.6571, epsilon_per_round=8.0000
2026-05-24 16:18:06,135 - root - INFO - DP Round 2: clipping_ratio=0.3453, grad_norm_before=2.8958, grad_norm_after=1.0000, noise_norm=0.6601, epsilon_total=16.0000
2026-05-24 16:18:06,188 - root - INFO - 
======================================================================
2026-05-24 16:18:06,188 - root - INFO - Differential Privacy Mechanism Initialized: GaussianDP
2026-05-24 16:18:06,188 - root - INFO - ======================================================================
2026-05-24 16:18:06,188 - root - INFO -   Privacy Budget (ε):     8.0000
2026-05-24 16:18:06,188 - root - INFO -   Failure Probability (δ): 0.000001
2026-05-24 16:18:06,188 - root - INFO -   Clipping Norm (C):      1.0000
2026-05-24 16:18:06,188 - root - INFO -   Noise Scale (σ):        0.6571
2026-05-24 16:18:06,188 - root - INFO - ======================================================================

2026-05-24 16:18:06,188 - root - INFO - add_noise: grad_norm=1.0000, noise_norm=3.6637, sigma=0.6571, epsilon_per_round=8.0000
2026-05-24 16:18:06,188 - root - INFO - DP Round 1: clipping_ratio=0.5408, grad_norm_before=1.8491, grad_norm_after=1.0000, noise_norm=3.6637, epsilon_total=8.0000
2026-05-24 16:18:06,188 - root - INFO - add_noise: grad_norm=1.0000, noise_norm=0.3192, sigma=0.6571, epsilon_per_round=8.0000
2026-05-24 16:18:06,188 - root - INFO - DP Round 2: clipping_ratio=0.4247, grad_norm_before=2.3548, grad_norm_after=1.0000, noise_norm=0.3192, epsilon_total=16.0000
2026-05-24 16:18:06,273 - root - INFO - 
======================================================================
2026-05-24 16:18:06,273 - root - INFO - Differential Privacy Mechanism Initialized: GaussianDP
2026-05-24 16:18:06,273 - root - INFO - ======================================================================
2026-05-24 16:18:06,273 - root - INFO -   Privacy Budget (ε):     8.0000
2026-05-24 16:18:06,273 - root - INFO -   Failure Probability (δ): 0.000001
2026-05-24 16:18:06,273 - root - INFO -   Clipping Norm (C):      1.0000
2026-05-24 16:18:06,273 - root - INFO -   Noise Scale (σ):        0.6571
2026-05-24 16:18:06,273 - root - INFO - ======================================================================

2026-05-24 16:18:06,273 - root - INFO - add_noise: grad_norm=1.0000, noise_norm=3.8497, sigma=0.6571, epsilon_per_round=8.0000
2026-05-24 16:18:06,273 - root - INFO - DP Round 1: clipping_ratio=0.3947, grad_norm_before=2.5337, grad_norm_after=1.0000, noise_norm=3.8497, epsilon_total=8.0000
2026-05-24 16:18:06,273 - root - INFO - add_noise: grad_norm=1.0000, noise_norm=0.4399, sigma=0.6571, epsilon_per_round=8.0000
2026-05-24 16:18:06,273 - root - INFO - DP Round 2: clipping_ratio=0.3771, grad_norm_before=2.6518, grad_norm_after=1.0000, noise_norm=0.4399, epsilon_total=16.0000
2026-05-24 16:18:06,283 - root - INFO - 
======================================================================
2026-05-24 16:18:06,283 - root - INFO - Differential Privacy Mechanism Initialized: GaussianDP
2026-05-24 16:18:06,283 - root - INFO - ======================================================================
2026-05-24 16:18:06,283 - root - INFO -   Privacy Budget (ε):     8.0000
2026-05-24 16:18:06,283 - root - INFO -   Failure Probability (δ): 0.000001
2026-05-24 16:18:06,283 - root - INFO -   Clipping Norm (C):      1.0000
2026-05-24 16:18:06,283 - root - INFO -   Noise Scale (σ):        0.6571
2026-05-24 16:18:06,283 - root - INFO - ======================================================================

2026-05-24 16:18:06,283 - root - INFO - add_noise: grad_norm=1.0000, noise_norm=4.0645, sigma=0.6571, epsilon_per_round=8.0000
2026-05-24 16:18:06,283 - root - INFO - DP Round 1: clipping_ratio=0.3096, grad_norm_before=3.2300, grad_norm_after=1.0000, noise_norm=4.0645, epsilon_total=8.0000
2026-05-24 16:18:06,283 - root - INFO - add_noise: grad_norm=1.0000, noise_norm=0.2227, sigma=0.6571, epsilon_per_round=8.0000
2026-05-24 16:18:06,283 - root - INFO - DP Round 2: clipping_ratio=0.7093, grad_norm_before=1.4097, grad_norm_after=1.0000, noise_norm=0.2227, epsilon_total=16.0000
2026-05-24 16:18:06,343 - root - INFO - 
======================================================================
2026-05-24 16:18:06,343 - root - INFO - Differential Privacy Mechanism Initialized: GaussianDP
2026-05-24 16:18:06,343 - root - INFO - ======================================================================
2026-05-24 16:18:06,343 - root - INFO -   Privacy Budget (ε):     8.0000
2026-05-24 16:18:06,343 - root - INFO -   Failure Probability (δ): 0.000001
2026-05-24 16:18:06,343 - root - INFO -   Clipping Norm (C):      1.0000
2026-05-24 16:18:06,343 - root - INFO -   Noise Scale (σ):        0.6571
2026-05-24 16:18:06,343 - root - INFO - ======================================================================

2026-05-24 16:18:06,343 - root - INFO - add_noise: grad_norm=1.0000, noise_norm=2.8486, sigma=0.6571, epsilon_per_round=8.0000
2026-05-24 16:18:06,343 - root - INFO - DP Round 1: clipping_ratio=0.3351, grad_norm_before=2.9842, grad_norm_after=1.0000, noise_norm=2.8486, epsilon_total=8.0000
2026-05-24 16:18:06,343 - root - INFO - add_noise: grad_norm=1.0000, noise_norm=0.4010, sigma=0.6571, epsilon_per_round=8.0000
2026-05-24 16:18:06,343 - root - INFO - DP Round 2: clipping_ratio=0.3861, grad_norm_before=2.5900, grad_norm_after=1.0000, noise_norm=0.4010, epsilon_total=16.0000
2026-05-24 16:18:06,359 - root - INFO - 
======================================================================
2026-05-24 16:18:06,359 - root - INFO - Differential Privacy Mechanism Initialized: GaussianDP
2026-05-24 16:18:06,360 - root - INFO - ======================================================================
2026-05-24 16:18:06,360 - root - INFO -   Privacy Budget (ε):     8.0000
2026-05-24 16:18:06,360 - root - INFO -   Failure Probability (δ): 0.000001
2026-05-24 16:18:06,360 - root - INFO -   Clipping Norm (C):      1.0000
2026-05-24 16:18:06,360 - root - INFO -   Noise Scale (σ):        0.6571
2026-05-24 16:18:06,360 - root - INFO - ======================================================================

2026-05-24 16:18:06,360 - root - INFO - add_noise: grad_norm=1.0000, noise_norm=3.7758, sigma=0.6571, epsilon_per_round=8.0000
2026-05-24 16:18:06,360 - root - INFO - DP Round 1: clipping_ratio=0.4027, grad_norm_before=2.4832, grad_norm_after=1.0000, noise_norm=3.7758, epsilon_total=8.0000
2026-05-24 16:18:06,360 - root - INFO - add_noise: grad_norm=1.0000, noise_norm=0.3694, sigma=0.6571, epsilon_per_round=8.0000
2026-05-24 16:18:06,360 - root - INFO - DP Round 2: clipping_ratio=0.3486, grad_norm_before=2.8690, grad_norm_after=1.0000, noise_norm=0.3694, epsilon_total=16.0000
2026-05-24 16:18:06,365 - __main__ - INFO - Round 3 Validation AUROC: 0.6639
2026-05-24 16:18:06,372 - __main__ - INFO - Final Test AUROC: 0.6651
2026-05-24 16:18:06,373 - __main__ - INFO - Completed client eps=8 seed=3 -> test_auc=0.6651
2026-05-24 16:18:06,373 - __main__ - INFO - Starting prototype run: mode=client, eps=16, C=1.0, rounds=3, seed=1
2026-05-24 16:18:06,373 - src.data.loader - INFO - Loading cohort from cache: /home/raiyanjiyon/Projects/federated-healthcare-ml/data/cache/mimic_iv_cohort.csv
2026-05-24 16:18:06,533 - src.data.loader - WARNING - Missing features: {'admission_type_emergency'}
2026-05-24 16:18:06,541 - src.data.loader - INFO - Dataset: 65273 patients, 31 features
2026-05-24 16:18:06,542 - src.data.loader - INFO - Target distribution: [58207  7066]
2026-05-24 16:18:06,547 - src.data.split - INFO - ✓ Medical Intensive Care Unit (MICU): 8791 patients, 1410 deaths (16.0%)
2026-05-24 16:18:06,552 - src.data.split - INFO - ✓ Surgical Intensive Care Unit (SICU): 6372 patients, 754 deaths (11.8%)
2026-05-24 16:18:06,555 - src.data.split - INFO - ✓ Medical/Surgical Intensive Care Unit (MICU/SICU): 6983 patients, 957 deaths (13.7%)
2026-05-24 16:18:06,559 - src.data.split - INFO - ✓ Cardiac Vascular Intensive Care Unit (CVICU): 8118 patients, 265 deaths (3.3%)
2026-05-24 16:18:06,563 - src.data.split - INFO - ✓ Coronary Care Unit (CCU): 5113 patients, 643 deaths (12.6%)
2026-05-24 16:18:06,567 - src.data.split - INFO - ✓ Trauma SICU (TSICU): 5458 patients, 569 deaths (10.4%)
2026-05-24 16:18:06,570 - src.data.split - INFO - ✓ Neuro Surgical Intensive Care Unit (Neuro SICU): 907 patients, 256 deaths (28.2%)
2026-05-24 16:18:06,575 - src.data.split - INFO -   (skipped Intensive Care Unit (ICU): 16 patients, < 100)
2026-05-24 16:18:06,577 - src.data.split - INFO -   (skipped Medicine: 9 patients, < 100)
2026-05-24 16:18:06,579 - src.data.split - INFO -   (skipped Neuro Intermediate: 3035 patients, < 100)
2026-05-24 16:18:06,581 - src.data.split - INFO -   (skipped Neuro Stepdown: 784 patients, < 100)
2026-05-24 16:18:06,584 - src.data.split - INFO -   (skipped PACU: 43 patients, < 100)
2026-05-24 16:18:06,586 - src.data.split - INFO -   (skipped Surgery/Trauma: 2 patients, < 100)
2026-05-24 16:18:06,588 - src.data.split - INFO -   (skipped Surgery/Vascular/Intermediate: 60 patients, < 100)
2026-05-24 16:18:06,588 - src.data.split - INFO - 
✓ Federated learning ready: 7 clients
2026-05-24 16:18:06,601 - src.training.federated - INFO - FederatedTrainer initialized:
2026-05-24 16:18:06,601 - src.training.federated - INFO -   Clients: 7
2026-05-24 16:18:06,601 - src.training.federated - INFO -   Training samples: 41742
2026-05-24 16:18:06,601 - src.training.federated - INFO -   Validation samples: 9791
2026-05-24 16:18:06,601 - src.training.federated - INFO -   Test samples: 9791
2026-05-24 16:18:06,601 - src.training.federated - INFO -   Features: 31
2026-05-24 16:18:06,601 - src.training.federated - INFO -   Rounds: 3
2026-05-24 16:18:06,601 - src.training.federated - INFO -   Strategy: FEDAVG
2026-05-24 16:18:06,601 - src.training.federated - INFO -   Privacy: Disabled
2026-05-24 16:18:06,601 - root - INFO - 
======================================================================
2026-05-24 16:18:06,601 - root - INFO - Differential Privacy Mechanism Initialized: GaussianDP
2026-05-24 16:18:06,601 - root - INFO - ======================================================================
2026-05-24 16:18:06,601 - root - INFO -   Privacy Budget (ε):     16.0000
2026-05-24 16:18:06,601 - root - INFO -   Failure Probability (δ): 0.000001
2026-05-24 16:18:06,601 - root - INFO -   Clipping Norm (C):      1.0000
2026-05-24 16:18:06,601 - root - INFO -   Noise Scale (σ):        0.3285
2026-05-24 16:18:06,601 - root - INFO - ======================================================================

2026-05-24 16:18:06,602 - root - INFO - Round 1/3 - mode client
2026-05-24 16:18:06,620 - root - INFO - 
======================================================================
2026-05-24 16:18:06,620 - root - INFO - Differential Privacy Mechanism Initialized: GaussianDP
2026-05-24 16:18:06,620 - root - INFO - ======================================================================
2026-05-24 16:18:06,620 - root - INFO -   Privacy Budget (ε):     16.0000
2026-05-24 16:18:06,620 - root - INFO -   Failure Probability (δ): 0.000001
2026-05-24 16:18:06,620 - root - INFO -   Clipping Norm (C):      1.0000
2026-05-24 16:18:06,621 - root - INFO -   Noise Scale (σ):        0.3285
2026-05-24 16:18:06,621 - root - INFO - ======================================================================

2026-05-24 16:18:06,621 - root - INFO - add_noise: grad_norm=1.0000, noise_norm=1.8332, sigma=0.3285, epsilon_per_round=16.0000
2026-05-24 16:18:06,621 - root - INFO - DP Round 1: clipping_ratio=0.3860, grad_norm_before=2.5904, grad_norm_after=1.0000, noise_norm=1.8332, epsilon_total=16.0000
2026-05-24 16:18:06,621 - root - INFO - add_noise: grad_norm=1.0000, noise_norm=0.1303, sigma=0.3285, epsilon_per_round=16.0000
2026-05-24 16:18:06,621 - root - INFO - DP Round 2: clipping_ratio=0.2810, grad_norm_before=3.5588, grad_norm_after=1.0000, noise_norm=0.1303, epsilon_total=32.0000
2026-05-24 16:18:06,635 - root - INFO - 
======================================================================
2026-05-24 16:18:06,636 - root - INFO - Differential Privacy Mechanism Initialized: GaussianDP
2026-05-24 16:18:06,636 - root - INFO - ======================================================================
2026-05-24 16:18:06,636 - root - INFO -   Privacy Budget (ε):     16.0000
2026-05-24 16:18:06,636 - root - INFO -   Failure Probability (δ): 0.000001
2026-05-24 16:18:06,636 - root - INFO -   Clipping Norm (C):      1.0000
2026-05-24 16:18:06,636 - root - INFO -   Noise Scale (σ):        0.3285
2026-05-24 16:18:06,636 - root - INFO - ======================================================================

2026-05-24 16:18:06,636 - root - INFO - add_noise: grad_norm=1.0000, noise_norm=1.5622, sigma=0.3285, epsilon_per_round=16.0000
2026-05-24 16:18:06,636 - root - INFO - DP Round 1: clipping_ratio=0.4010, grad_norm_before=2.4938, grad_norm_after=1.0000, noise_norm=1.5622, epsilon_total=16.0000
2026-05-24 16:18:06,636 - root - INFO - add_noise: grad_norm=1.0000, noise_norm=0.0979, sigma=0.3285, epsilon_per_round=16.0000
2026-05-24 16:18:06,636 - root - INFO - DP Round 2: clipping_ratio=0.3453, grad_norm_before=2.8958, grad_norm_after=1.0000, noise_norm=0.0979, epsilon_total=32.0000
2026-05-24 16:18:06,658 - root - INFO - 
======================================================================
2026-05-24 16:18:06,658 - root - INFO - Differential Privacy Mechanism Initialized: GaussianDP
2026-05-24 16:18:06,658 - root - INFO - ======================================================================
2026-05-24 16:18:06,658 - root - INFO -   Privacy Budget (ε):     16.0000
2026-05-24 16:18:06,658 - root - INFO -   Failure Probability (δ): 0.000001
2026-05-24 16:18:06,658 - root - INFO -   Clipping Norm (C):      1.0000
2026-05-24 16:18:06,658 - root - INFO -   Noise Scale (σ):        0.3285
2026-05-24 16:18:06,658 - root - INFO - ======================================================================

2026-05-24 16:18:06,658 - root - INFO - add_noise: grad_norm=1.0000, noise_norm=1.6003, sigma=0.3285, epsilon_per_round=16.0000
2026-05-24 16:18:06,659 - root - INFO - DP Round 1: clipping_ratio=0.5408, grad_norm_before=1.8491, grad_norm_after=1.0000, noise_norm=1.6003, epsilon_total=16.0000
2026-05-24 16:18:06,659 - root - INFO - add_noise: grad_norm=1.0000, noise_norm=0.0254, sigma=0.3285, epsilon_per_round=16.0000
2026-05-24 16:18:06,659 - root - INFO - DP Round 2: clipping_ratio=0.4247, grad_norm_before=2.3548, grad_norm_after=1.0000, noise_norm=0.0254, epsilon_total=32.0000
2026-05-24 16:18:06,682 - root - INFO - 
======================================================================
2026-05-24 16:18:06,682 - root - INFO - Differential Privacy Mechanism Initialized: GaussianDP
2026-05-24 16:18:06,683 - root - INFO - ======================================================================
2026-05-24 16:18:06,683 - root - INFO -   Privacy Budget (ε):     16.0000
2026-05-24 16:18:06,683 - root - INFO -   Failure Probability (δ): 0.000001
2026-05-24 16:18:06,683 - root - INFO -   Clipping Norm (C):      1.0000
2026-05-24 16:18:06,683 - root - INFO -   Noise Scale (σ):        0.3285
2026-05-24 16:18:06,683 - root - INFO - ======================================================================

2026-05-24 16:18:06,683 - root - INFO - add_noise: grad_norm=1.0000, noise_norm=1.7694, sigma=0.3285, epsilon_per_round=16.0000
2026-05-24 16:18:06,683 - root - INFO - DP Round 1: clipping_ratio=0.3947, grad_norm_before=2.5337, grad_norm_after=1.0000, noise_norm=1.7694, epsilon_total=16.0000
2026-05-24 16:18:06,683 - root - INFO - add_noise: grad_norm=1.0000, noise_norm=0.1110, sigma=0.3285, epsilon_per_round=16.0000
2026-05-24 16:18:06,683 - root - INFO - DP Round 2: clipping_ratio=0.3771, grad_norm_before=2.6518, grad_norm_after=1.0000, noise_norm=0.1110, epsilon_total=32.0000
2026-05-24 16:18:06,690 - root - INFO - 
======================================================================
2026-05-24 16:18:06,690 - root - INFO - Differential Privacy Mechanism Initialized: GaussianDP
2026-05-24 16:18:06,690 - root - INFO - ======================================================================
2026-05-24 16:18:06,690 - root - INFO -   Privacy Budget (ε):     16.0000
2026-05-24 16:18:06,690 - root - INFO -   Failure Probability (δ): 0.000001
2026-05-24 16:18:06,690 - root - INFO -   Clipping Norm (C):      1.0000
2026-05-24 16:18:06,690 - root - INFO -   Noise Scale (σ):        0.3285
2026-05-24 16:18:06,690 - root - INFO - ======================================================================

2026-05-24 16:18:06,690 - root - INFO - add_noise: grad_norm=1.0000, noise_norm=1.5527, sigma=0.3285, epsilon_per_round=16.0000
2026-05-24 16:18:06,690 - root - INFO - DP Round 1: clipping_ratio=0.3096, grad_norm_before=3.2300, grad_norm_after=1.0000, noise_norm=1.5527, epsilon_total=16.0000
2026-05-24 16:18:06,690 - root - INFO - add_noise: grad_norm=1.0000, noise_norm=0.3686, sigma=0.3285, epsilon_per_round=16.0000
2026-05-24 16:18:06,690 - root - INFO - DP Round 2: clipping_ratio=0.7093, grad_norm_before=1.4097, grad_norm_after=1.0000, noise_norm=0.3686, epsilon_total=32.0000
2026-05-24 16:18:06,708 - root - INFO - 
======================================================================
2026-05-24 16:18:06,708 - root - INFO - Differential Privacy Mechanism Initialized: GaussianDP
2026-05-24 16:18:06,708 - root - INFO - ======================================================================
2026-05-24 16:18:06,708 - root - INFO -   Privacy Budget (ε):     16.0000
2026-05-24 16:18:06,708 - root - INFO -   Failure Probability (δ): 0.000001
2026-05-24 16:18:06,708 - root - INFO -   Clipping Norm (C):      1.0000
2026-05-24 16:18:06,708 - root - INFO -   Noise Scale (σ):        0.3285
2026-05-24 16:18:06,708 - root - INFO - ======================================================================

2026-05-24 16:18:06,709 - root - INFO - add_noise: grad_norm=1.0000, noise_norm=1.7103, sigma=0.3285, epsilon_per_round=16.0000
2026-05-24 16:18:06,709 - root - INFO - DP Round 1: clipping_ratio=0.3351, grad_norm_before=2.9842, grad_norm_after=1.0000, noise_norm=1.7103, epsilon_total=16.0000
2026-05-24 16:18:06,709 - root - INFO - add_noise: grad_norm=1.0000, noise_norm=0.1214, sigma=0.3285, epsilon_per_round=16.0000
2026-05-24 16:18:06,709 - root - INFO - DP Round 2: clipping_ratio=0.3861, grad_norm_before=2.5900, grad_norm_after=1.0000, noise_norm=0.1214, epsilon_total=32.0000
2026-05-24 16:18:06,723 - root - INFO - 
======================================================================
2026-05-24 16:18:06,723 - root - INFO - Differential Privacy Mechanism Initialized: GaussianDP
2026-05-24 16:18:06,723 - root - INFO - ======================================================================
2026-05-24 16:18:06,723 - root - INFO -   Privacy Budget (ε):     16.0000
2026-05-24 16:18:06,723 - root - INFO -   Failure Probability (δ): 0.000001
2026-05-24 16:18:06,723 - root - INFO -   Clipping Norm (C):      1.0000
2026-05-24 16:18:06,723 - root - INFO -   Noise Scale (σ):        0.3285
2026-05-24 16:18:06,723 - root - INFO - ======================================================================

2026-05-24 16:18:06,723 - root - INFO - add_noise: grad_norm=1.0000, noise_norm=2.1379, sigma=0.3285, epsilon_per_round=16.0000
2026-05-24 16:18:06,723 - root - INFO - DP Round 1: clipping_ratio=0.4027, grad_norm_before=2.4832, grad_norm_after=1.0000, noise_norm=2.1379, epsilon_total=16.0000
2026-05-24 16:18:06,723 - root - INFO - add_noise: grad_norm=1.0000, noise_norm=0.0359, sigma=0.3285, epsilon_per_round=16.0000
2026-05-24 16:18:06,724 - root - INFO - DP Round 2: clipping_ratio=0.3486, grad_norm_before=2.8690, grad_norm_after=1.0000, noise_norm=0.0359, epsilon_total=32.0000
2026-05-24 16:18:06,729 - __main__ - INFO - Round 1 Validation AUROC: 0.8341
2026-05-24 16:18:06,729 - root - INFO - Round 2/3 - mode client
2026-05-24 16:18:06,749 - root - INFO - 
======================================================================
2026-05-24 16:18:06,749 - root - INFO - Differential Privacy Mechanism Initialized: GaussianDP
2026-05-24 16:18:06,749 - root - INFO - ======================================================================
2026-05-24 16:18:06,749 - root - INFO -   Privacy Budget (ε):     16.0000
2026-05-24 16:18:06,749 - root - INFO -   Failure Probability (δ): 0.000001
2026-05-24 16:18:06,749 - root - INFO -   Clipping Norm (C):      1.0000
2026-05-24 16:18:06,749 - root - INFO -   Noise Scale (σ):        0.3285
2026-05-24 16:18:06,749 - root - INFO - ======================================================================

2026-05-24 16:18:06,749 - root - INFO - add_noise: grad_norm=1.0000, noise_norm=2.0747, sigma=0.3285, epsilon_per_round=16.0000
2026-05-24 16:18:06,749 - root - INFO - DP Round 1: clipping_ratio=0.3860, grad_norm_before=2.5904, grad_norm_after=1.0000, noise_norm=2.0747, epsilon_total=16.0000
2026-05-24 16:18:06,749 - root - INFO - add_noise: grad_norm=1.0000, noise_norm=0.3432, sigma=0.3285, epsilon_per_round=16.0000
2026-05-24 16:18:06,749 - root - INFO - DP Round 2: clipping_ratio=0.2810, grad_norm_before=3.5588, grad_norm_after=1.0000, noise_norm=0.3432, epsilon_total=32.0000
2026-05-24 16:18:06,763 - root - INFO - 
======================================================================
2026-05-24 16:18:06,763 - root - INFO - Differential Privacy Mechanism Initialized: GaussianDP
2026-05-24 16:18:06,763 - root - INFO - ======================================================================
2026-05-24 16:18:06,763 - root - INFO -   Privacy Budget (ε):     16.0000
2026-05-24 16:18:06,763 - root - INFO -   Failure Probability (δ): 0.000001
2026-05-24 16:18:06,763 - root - INFO -   Clipping Norm (C):      1.0000
2026-05-24 16:18:06,763 - root - INFO -   Noise Scale (σ):        0.3285
2026-05-24 16:18:06,763 - root - INFO - ======================================================================

2026-05-24 16:18:06,763 - root - INFO - add_noise: grad_norm=1.0000, noise_norm=1.6005, sigma=0.3285, epsilon_per_round=16.0000
2026-05-24 16:18:06,763 - root - INFO - DP Round 1: clipping_ratio=0.4010, grad_norm_before=2.4938, grad_norm_after=1.0000, noise_norm=1.6005, epsilon_total=16.0000
2026-05-24 16:18:06,763 - root - INFO - add_noise: grad_norm=1.0000, noise_norm=0.0582, sigma=0.3285, epsilon_per_round=16.0000
2026-05-24 16:18:06,763 - root - INFO - DP Round 2: clipping_ratio=0.3453, grad_norm_before=2.8958, grad_norm_after=1.0000, noise_norm=0.0582, epsilon_total=32.0000
2026-05-24 16:18:06,786 - root - INFO - 
======================================================================
2026-05-24 16:18:06,786 - root - INFO - Differential Privacy Mechanism Initialized: GaussianDP
2026-05-24 16:18:06,786 - root - INFO - ======================================================================
2026-05-24 16:18:06,786 - root - INFO -   Privacy Budget (ε):     16.0000
2026-05-24 16:18:06,786 - root - INFO -   Failure Probability (δ): 0.000001
2026-05-24 16:18:06,786 - root - INFO -   Clipping Norm (C):      1.0000
2026-05-24 16:18:06,786 - root - INFO -   Noise Scale (σ):        0.3285
2026-05-24 16:18:06,786 - root - INFO - ======================================================================

2026-05-24 16:18:06,786 - root - INFO - add_noise: grad_norm=1.0000, noise_norm=1.8150, sigma=0.3285, epsilon_per_round=16.0000
2026-05-24 16:18:06,787 - root - INFO - DP Round 1: clipping_ratio=0.5408, grad_norm_before=1.8491, grad_norm_after=1.0000, noise_norm=1.8150, epsilon_total=16.0000
2026-05-24 16:18:06,787 - root - INFO - add_noise: grad_norm=1.0000, noise_norm=0.2851, sigma=0.3285, epsilon_per_round=16.0000
2026-05-24 16:18:06,787 - root - INFO - DP Round 2: clipping_ratio=0.4247, grad_norm_before=2.3548, grad_norm_after=1.0000, noise_norm=0.2851, epsilon_total=32.0000
2026-05-24 16:18:06,809 - root - INFO - 
======================================================================
2026-05-24 16:18:06,809 - root - INFO - Differential Privacy Mechanism Initialized: GaussianDP
2026-05-24 16:18:06,810 - root - INFO - ======================================================================
2026-05-24 16:18:06,810 - root - INFO -   Privacy Budget (ε):     16.0000
2026-05-24 16:18:06,810 - root - INFO -   Failure Probability (δ): 0.000001
2026-05-24 16:18:06,810 - root - INFO -   Clipping Norm (C):      1.0000
2026-05-24 16:18:06,810 - root - INFO -   Noise Scale (σ):        0.3285
2026-05-24 16:18:06,810 - root - INFO - ======================================================================

2026-05-24 16:18:06,810 - root - INFO - add_noise: grad_norm=1.0000, noise_norm=1.9280, sigma=0.3285, epsilon_per_round=16.0000
2026-05-24 16:18:06,810 - root - INFO - DP Round 1: clipping_ratio=0.3947, grad_norm_before=2.5337, grad_norm_after=1.0000, noise_norm=1.9280, epsilon_total=16.0000
2026-05-24 16:18:06,810 - root - INFO - add_noise: grad_norm=1.0000, noise_norm=0.3023, sigma=0.3285, epsilon_per_round=16.0000
2026-05-24 16:18:06,810 - root - INFO - DP Round 2: clipping_ratio=0.3771, grad_norm_before=2.6518, grad_norm_after=1.0000, noise_norm=0.3023, epsilon_total=32.0000
2026-05-24 16:18:06,817 - root - INFO - 
======================================================================
2026-05-24 16:18:06,817 - root - INFO - Differential Privacy Mechanism Initialized: GaussianDP
2026-05-24 16:18:06,817 - root - INFO - ======================================================================
2026-05-24 16:18:06,817 - root - INFO -   Privacy Budget (ε):     16.0000
2026-05-24 16:18:06,817 - root - INFO -   Failure Probability (δ): 0.000001
2026-05-24 16:18:06,817 - root - INFO -   Clipping Norm (C):      1.0000
2026-05-24 16:18:06,817 - root - INFO -   Noise Scale (σ):        0.3285
2026-05-24 16:18:06,817 - root - INFO - ======================================================================

2026-05-24 16:18:06,818 - root - INFO - add_noise: grad_norm=1.0000, noise_norm=1.8872, sigma=0.3285, epsilon_per_round=16.0000
2026-05-24 16:18:06,818 - root - INFO - DP Round 1: clipping_ratio=0.3096, grad_norm_before=3.2300, grad_norm_after=1.0000, noise_norm=1.8872, epsilon_total=16.0000
2026-05-24 16:18:06,818 - root - INFO - add_noise: grad_norm=1.0000, noise_norm=0.1471, sigma=0.3285, epsilon_per_round=16.0000
2026-05-24 16:18:06,818 - root - INFO - DP Round 2: clipping_ratio=0.7093, grad_norm_before=1.4097, grad_norm_after=1.0000, noise_norm=0.1471, epsilon_total=32.0000
2026-05-24 16:18:06,836 - root - INFO - 
======================================================================
2026-05-24 16:18:06,836 - root - INFO - Differential Privacy Mechanism Initialized: GaussianDP
2026-05-24 16:18:06,836 - root - INFO - ======================================================================
2026-05-24 16:18:06,836 - root - INFO -   Privacy Budget (ε):     16.0000
2026-05-24 16:18:06,836 - root - INFO -   Failure Probability (δ): 0.000001
2026-05-24 16:18:06,836 - root - INFO -   Clipping Norm (C):      1.0000
2026-05-24 16:18:06,836 - root - INFO -   Noise Scale (σ):        0.3285
2026-05-24 16:18:06,836 - root - INFO - ======================================================================

2026-05-24 16:18:06,836 - root - INFO - add_noise: grad_norm=1.0000, noise_norm=2.1090, sigma=0.3285, epsilon_per_round=16.0000
2026-05-24 16:18:06,836 - root - INFO - DP Round 1: clipping_ratio=0.3351, grad_norm_before=2.9842, grad_norm_after=1.0000, noise_norm=2.1090, epsilon_total=16.0000
2026-05-24 16:18:06,836 - root - INFO - add_noise: grad_norm=1.0000, noise_norm=0.5840, sigma=0.3285, epsilon_per_round=16.0000
2026-05-24 16:18:06,836 - root - INFO - DP Round 2: clipping_ratio=0.3861, grad_norm_before=2.5900, grad_norm_after=1.0000, noise_norm=0.5840, epsilon_total=32.0000
2026-05-24 16:18:06,851 - root - INFO - 
======================================================================
2026-05-24 16:18:06,851 - root - INFO - Differential Privacy Mechanism Initialized: GaussianDP
2026-05-24 16:18:06,851 - root - INFO - ======================================================================
2026-05-24 16:18:06,851 - root - INFO -   Privacy Budget (ε):     16.0000
2026-05-24 16:18:06,851 - root - INFO -   Failure Probability (δ): 0.000001
2026-05-24 16:18:06,851 - root - INFO -   Clipping Norm (C):      1.0000
2026-05-24 16:18:06,851 - root - INFO -   Noise Scale (σ):        0.3285
2026-05-24 16:18:06,851 - root - INFO - ======================================================================

2026-05-24 16:18:06,851 - root - INFO - add_noise: grad_norm=1.0000, noise_norm=1.8447, sigma=0.3285, epsilon_per_round=16.0000
2026-05-24 16:18:06,851 - root - INFO - DP Round 1: clipping_ratio=0.4027, grad_norm_before=2.4832, grad_norm_after=1.0000, noise_norm=1.8447, epsilon_total=16.0000
2026-05-24 16:18:06,851 - root - INFO - add_noise: grad_norm=1.0000, noise_norm=0.3288, sigma=0.3285, epsilon_per_round=16.0000
2026-05-24 16:18:06,851 - root - INFO - DP Round 2: clipping_ratio=0.3486, grad_norm_before=2.8690, grad_norm_after=1.0000, noise_norm=0.3288, epsilon_total=32.0000
2026-05-24 16:18:06,856 - __main__ - INFO - Round 2 Validation AUROC: 0.7414
2026-05-24 16:18:06,856 - root - INFO - Round 3/3 - mode client
2026-05-24 16:18:06,876 - root - INFO - 
======================================================================
2026-05-24 16:18:06,876 - root - INFO - Differential Privacy Mechanism Initialized: GaussianDP
2026-05-24 16:18:06,876 - root - INFO - ======================================================================
2026-05-24 16:18:06,876 - root - INFO -   Privacy Budget (ε):     16.0000
2026-05-24 16:18:06,876 - root - INFO -   Failure Probability (δ): 0.000001
2026-05-24 16:18:06,876 - root - INFO -   Clipping Norm (C):      1.0000
2026-05-24 16:18:06,876 - root - INFO -   Noise Scale (σ):        0.3285
2026-05-24 16:18:06,876 - root - INFO - ======================================================================

2026-05-24 16:18:06,876 - root - INFO - add_noise: grad_norm=1.0000, noise_norm=1.6819, sigma=0.3285, epsilon_per_round=16.0000
2026-05-24 16:18:06,876 - root - INFO - DP Round 1: clipping_ratio=0.3860, grad_norm_before=2.5904, grad_norm_after=1.0000, noise_norm=1.6819, epsilon_total=16.0000
2026-05-24 16:18:06,876 - root - INFO - add_noise: grad_norm=1.0000, noise_norm=0.2283, sigma=0.3285, epsilon_per_round=16.0000
2026-05-24 16:18:06,876 - root - INFO - DP Round 2: clipping_ratio=0.2810, grad_norm_before=3.5588, grad_norm_after=1.0000, noise_norm=0.2283, epsilon_total=32.0000
2026-05-24 16:18:06,891 - root - INFO - 
======================================================================
2026-05-24 16:18:06,891 - root - INFO - Differential Privacy Mechanism Initialized: GaussianDP
2026-05-24 16:18:06,891 - root - INFO - ======================================================================
2026-05-24 16:18:06,891 - root - INFO -   Privacy Budget (ε):     16.0000
2026-05-24 16:18:06,891 - root - INFO -   Failure Probability (δ): 0.000001
2026-05-24 16:18:06,891 - root - INFO -   Clipping Norm (C):      1.0000
2026-05-24 16:18:06,891 - root - INFO -   Noise Scale (σ):        0.3285
2026-05-24 16:18:06,891 - root - INFO - ======================================================================

2026-05-24 16:18:06,891 - root - INFO - add_noise: grad_norm=1.0000, noise_norm=1.7823, sigma=0.3285, epsilon_per_round=16.0000
2026-05-24 16:18:06,891 - root - INFO - DP Round 1: clipping_ratio=0.4010, grad_norm_before=2.4938, grad_norm_after=1.0000, noise_norm=1.7823, epsilon_total=16.0000
2026-05-24 16:18:06,891 - root - INFO - add_noise: grad_norm=1.0000, noise_norm=0.0647, sigma=0.3285, epsilon_per_round=16.0000
2026-05-24 16:18:06,891 - root - INFO - DP Round 2: clipping_ratio=0.3453, grad_norm_before=2.8958, grad_norm_after=1.0000, noise_norm=0.0647, epsilon_total=32.0000
2026-05-24 16:18:06,914 - root - INFO - 
======================================================================
2026-05-24 16:18:06,914 - root - INFO - Differential Privacy Mechanism Initialized: GaussianDP
2026-05-24 16:18:06,914 - root - INFO - ======================================================================
2026-05-24 16:18:06,914 - root - INFO -   Privacy Budget (ε):     16.0000
2026-05-24 16:18:06,914 - root - INFO -   Failure Probability (δ): 0.000001
2026-05-24 16:18:06,914 - root - INFO -   Clipping Norm (C):      1.0000
2026-05-24 16:18:06,914 - root - INFO -   Noise Scale (σ):        0.3285
2026-05-24 16:18:06,914 - root - INFO - ======================================================================

2026-05-24 16:18:06,915 - root - INFO - add_noise: grad_norm=1.0000, noise_norm=1.7029, sigma=0.3285, epsilon_per_round=16.0000
2026-05-24 16:18:06,915 - root - INFO - DP Round 1: clipping_ratio=0.5408, grad_norm_before=1.8491, grad_norm_after=1.0000, noise_norm=1.7029, epsilon_total=16.0000
2026-05-24 16:18:06,915 - root - INFO - add_noise: grad_norm=1.0000, noise_norm=0.3331, sigma=0.3285, epsilon_per_round=16.0000
2026-05-24 16:18:06,915 - root - INFO - DP Round 2: clipping_ratio=0.4247, grad_norm_before=2.3548, grad_norm_after=1.0000, noise_norm=0.3331, epsilon_total=32.0000
2026-05-24 16:18:06,938 - root - INFO - 
======================================================================
2026-05-24 16:18:06,939 - root - INFO - Differential Privacy Mechanism Initialized: GaussianDP
2026-05-24 16:18:06,939 - root - INFO - ======================================================================
2026-05-24 16:18:06,939 - root - INFO -   Privacy Budget (ε):     16.0000
2026-05-24 16:18:06,939 - root - INFO -   Failure Probability (δ): 0.000001
2026-05-24 16:18:06,939 - root - INFO -   Clipping Norm (C):      1.0000
2026-05-24 16:18:06,939 - root - INFO -   Noise Scale (σ):        0.3285
2026-05-24 16:18:06,939 - root - INFO - ======================================================================

2026-05-24 16:18:06,939 - root - INFO - add_noise: grad_norm=1.0000, noise_norm=2.3260, sigma=0.3285, epsilon_per_round=16.0000
2026-05-24 16:18:06,939 - root - INFO - DP Round 1: clipping_ratio=0.3947, grad_norm_before=2.5337, grad_norm_after=1.0000, noise_norm=2.3260, epsilon_total=16.0000
2026-05-24 16:18:06,939 - root - INFO - add_noise: grad_norm=1.0000, noise_norm=0.1687, sigma=0.3285, epsilon_per_round=16.0000
2026-05-24 16:18:06,939 - root - INFO - DP Round 2: clipping_ratio=0.3771, grad_norm_before=2.6518, grad_norm_after=1.0000, noise_norm=0.1687, epsilon_total=32.0000
2026-05-24 16:18:06,946 - root - INFO - 
======================================================================
2026-05-24 16:18:06,946 - root - INFO - Differential Privacy Mechanism Initialized: GaussianDP
2026-05-24 16:18:06,946 - root - INFO - ======================================================================
2026-05-24 16:18:06,946 - root - INFO -   Privacy Budget (ε):     16.0000
2026-05-24 16:18:06,946 - root - INFO -   Failure Probability (δ): 0.000001
2026-05-24 16:18:06,946 - root - INFO -   Clipping Norm (C):      1.0000
2026-05-24 16:18:06,946 - root - INFO -   Noise Scale (σ):        0.3285
2026-05-24 16:18:06,946 - root - INFO - ======================================================================

2026-05-24 16:18:06,946 - root - INFO - add_noise: grad_norm=1.0000, noise_norm=1.7815, sigma=0.3285, epsilon_per_round=16.0000
2026-05-24 16:18:06,946 - root - INFO - DP Round 1: clipping_ratio=0.3096, grad_norm_before=3.2300, grad_norm_after=1.0000, noise_norm=1.7815, epsilon_total=16.0000
2026-05-24 16:18:06,946 - root - INFO - add_noise: grad_norm=1.0000, noise_norm=0.0226, sigma=0.3285, epsilon_per_round=16.0000
2026-05-24 16:18:06,946 - root - INFO - DP Round 2: clipping_ratio=0.7093, grad_norm_before=1.4097, grad_norm_after=1.0000, noise_norm=0.0226, epsilon_total=32.0000
2026-05-24 16:18:06,963 - root - INFO - 
======================================================================
2026-05-24 16:18:06,963 - root - INFO - Differential Privacy Mechanism Initialized: GaussianDP
2026-05-24 16:18:06,963 - root - INFO - ======================================================================
2026-05-24 16:18:06,964 - root - INFO -   Privacy Budget (ε):     16.0000
2026-05-24 16:18:06,964 - root - INFO -   Failure Probability (δ): 0.000001
2026-05-24 16:18:06,964 - root - INFO -   Clipping Norm (C):      1.0000
2026-05-24 16:18:06,964 - root - INFO -   Noise Scale (σ):        0.3285
2026-05-24 16:18:06,964 - root - INFO - ======================================================================

2026-05-24 16:18:06,964 - root - INFO - add_noise: grad_norm=1.0000, noise_norm=1.7093, sigma=0.3285, epsilon_per_round=16.0000
2026-05-24 16:18:06,964 - root - INFO - DP Round 1: clipping_ratio=0.3351, grad_norm_before=2.9842, grad_norm_after=1.0000, noise_norm=1.7093, epsilon_total=16.0000
2026-05-24 16:18:06,964 - root - INFO - add_noise: grad_norm=1.0000, noise_norm=0.1338, sigma=0.3285, epsilon_per_round=16.0000
2026-05-24 16:18:06,964 - root - INFO - DP Round 2: clipping_ratio=0.3861, grad_norm_before=2.5900, grad_norm_after=1.0000, noise_norm=0.1338, epsilon_total=32.0000
2026-05-24 16:18:06,979 - root - INFO - 
======================================================================
2026-05-24 16:18:06,979 - root - INFO - Differential Privacy Mechanism Initialized: GaussianDP
2026-05-24 16:18:06,979 - root - INFO - ======================================================================
2026-05-24 16:18:06,979 - root - INFO -   Privacy Budget (ε):     16.0000
2026-05-24 16:18:06,979 - root - INFO -   Failure Probability (δ): 0.000001
2026-05-24 16:18:06,979 - root - INFO -   Clipping Norm (C):      1.0000
2026-05-24 16:18:06,979 - root - INFO -   Noise Scale (σ):        0.3285
2026-05-24 16:18:06,979 - root - INFO - ======================================================================

2026-05-24 16:18:06,979 - root - INFO - add_noise: grad_norm=1.0000, noise_norm=2.0000, sigma=0.3285, epsilon_per_round=16.0000
2026-05-24 16:18:06,979 - root - INFO - DP Round 1: clipping_ratio=0.4027, grad_norm_before=2.4832, grad_norm_after=1.0000, noise_norm=2.0000, epsilon_total=16.0000
2026-05-24 16:18:06,979 - root - INFO - add_noise: grad_norm=1.0000, noise_norm=0.0295, sigma=0.3285, epsilon_per_round=16.0000
2026-05-24 16:18:06,979 - root - INFO - DP Round 2: clipping_ratio=0.3486, grad_norm_before=2.8690, grad_norm_after=1.0000, noise_norm=0.0295, epsilon_total=32.0000
2026-05-24 16:18:06,986 - __main__ - INFO - Round 3 Validation AUROC: 0.8112
2026-05-24 16:18:06,991 - __main__ - INFO - Final Test AUROC: 0.8188
2026-05-24 16:18:06,992 - __main__ - INFO - Completed client eps=16 seed=1 -> test_auc=0.8188
2026-05-24 16:18:06,992 - __main__ - INFO - Starting prototype run: mode=client, eps=16, C=1.0, rounds=3, seed=2
2026-05-24 16:18:06,992 - src.data.loader - INFO - Loading cohort from cache: /home/raiyanjiyon/Projects/federated-healthcare-ml/data/cache/mimic_iv_cohort.csv
2026-05-24 16:18:07,159 - src.data.loader - WARNING - Missing features: {'admission_type_emergency'}
2026-05-24 16:18:07,167 - src.data.loader - INFO - Dataset: 65273 patients, 31 features
2026-05-24 16:18:07,168 - src.data.loader - INFO - Target distribution: [58207  7066]
2026-05-24 16:18:07,171 - src.data.split - INFO - ✓ Medical Intensive Care Unit (MICU): 8791 patients, 1410 deaths (16.0%)
2026-05-24 16:18:07,175 - src.data.split - INFO - ✓ Surgical Intensive Care Unit (SICU): 6372 patients, 754 deaths (11.8%)
2026-05-24 16:18:07,179 - src.data.split - INFO - ✓ Medical/Surgical Intensive Care Unit (MICU/SICU): 6983 patients, 957 deaths (13.7%)
2026-05-24 16:18:07,183 - src.data.split - INFO - ✓ Cardiac Vascular Intensive Care Unit (CVICU): 8118 patients, 265 deaths (3.3%)
2026-05-24 16:18:07,187 - src.data.split - INFO - ✓ Coronary Care Unit (CCU): 5113 patients, 643 deaths (12.6%)
2026-05-24 16:18:07,191 - src.data.split - INFO - ✓ Trauma SICU (TSICU): 5458 patients, 569 deaths (10.4%)
2026-05-24 16:18:07,194 - src.data.split - INFO - ✓ Neuro Surgical Intensive Care Unit (Neuro SICU): 907 patients, 256 deaths (28.2%)
2026-05-24 16:18:07,198 - src.data.split - INFO -   (skipped Intensive Care Unit (ICU): 16 patients, < 100)
2026-05-24 16:18:07,201 - src.data.split - INFO -   (skipped Medicine: 9 patients, < 100)
2026-05-24 16:18:07,203 - src.data.split - INFO -   (skipped Neuro Intermediate: 3035 patients, < 100)
2026-05-24 16:18:07,205 - src.data.split - INFO -   (skipped Neuro Stepdown: 784 patients, < 100)
2026-05-24 16:18:07,207 - src.data.split - INFO -   (skipped PACU: 43 patients, < 100)
2026-05-24 16:18:07,209 - src.data.split - INFO -   (skipped Surgery/Trauma: 2 patients, < 100)
2026-05-24 16:18:07,212 - src.data.split - INFO -   (skipped Surgery/Vascular/Intermediate: 60 patients, < 100)
2026-05-24 16:18:07,212 - src.data.split - INFO - 
✓ Federated learning ready: 7 clients
2026-05-24 16:18:07,224 - src.training.federated - INFO - FederatedTrainer initialized:
2026-05-24 16:18:07,224 - src.training.federated - INFO -   Clients: 7
2026-05-24 16:18:07,224 - src.training.federated - INFO -   Training samples: 41742
2026-05-24 16:18:07,224 - src.training.federated - INFO -   Validation samples: 9791
2026-05-24 16:18:07,224 - src.training.federated - INFO -   Test samples: 9791
2026-05-24 16:18:07,224 - src.training.federated - INFO -   Features: 31
2026-05-24 16:18:07,225 - src.training.federated - INFO -   Rounds: 3
2026-05-24 16:18:07,225 - src.training.federated - INFO -   Strategy: FEDAVG
2026-05-24 16:18:07,225 - src.training.federated - INFO -   Privacy: Disabled
2026-05-24 16:18:07,225 - root - INFO - 
======================================================================
2026-05-24 16:18:07,225 - root - INFO - Differential Privacy Mechanism Initialized: GaussianDP
2026-05-24 16:18:07,225 - root - INFO - ======================================================================
2026-05-24 16:18:07,225 - root - INFO -   Privacy Budget (ε):     16.0000
2026-05-24 16:18:07,225 - root - INFO -   Failure Probability (δ): 0.000001
2026-05-24 16:18:07,225 - root - INFO -   Clipping Norm (C):      1.0000
2026-05-24 16:18:07,225 - root - INFO -   Noise Scale (σ):        0.3285
2026-05-24 16:18:07,225 - root - INFO - ======================================================================

2026-05-24 16:18:07,225 - root - INFO - Round 1/3 - mode client
2026-05-24 16:18:07,247 - root - INFO - 
======================================================================
2026-05-24 16:18:07,247 - root - INFO - Differential Privacy Mechanism Initialized: GaussianDP
2026-05-24 16:18:07,247 - root - INFO - ======================================================================
2026-05-24 16:18:07,247 - root - INFO -   Privacy Budget (ε):     16.0000
2026-05-24 16:18:07,247 - root - INFO -   Failure Probability (δ): 0.000001
2026-05-24 16:18:07,247 - root - INFO -   Clipping Norm (C):      1.0000
2026-05-24 16:18:07,247 - root - INFO -   Noise Scale (σ):        0.3285
2026-05-24 16:18:07,247 - root - INFO - ======================================================================

2026-05-24 16:18:07,247 - root - INFO - add_noise: grad_norm=1.0000, noise_norm=1.8127, sigma=0.3285, epsilon_per_round=16.0000
2026-05-24 16:18:07,247 - root - INFO - DP Round 1: clipping_ratio=0.3860, grad_norm_before=2.5904, grad_norm_after=1.0000, noise_norm=1.8127, epsilon_total=16.0000
2026-05-24 16:18:07,248 - root - INFO - add_noise: grad_norm=1.0000, noise_norm=0.7331, sigma=0.3285, epsilon_per_round=16.0000
2026-05-24 16:18:07,248 - root - INFO - DP Round 2: clipping_ratio=0.2810, grad_norm_before=3.5588, grad_norm_after=1.0000, noise_norm=0.7331, epsilon_total=32.0000
2026-05-24 16:18:07,264 - root - INFO - 
======================================================================
2026-05-24 16:18:07,265 - root - INFO - Differential Privacy Mechanism Initialized: GaussianDP
2026-05-24 16:18:07,265 - root - INFO - ======================================================================
2026-05-24 16:18:07,265 - root - INFO -   Privacy Budget (ε):     16.0000
2026-05-24 16:18:07,265 - root - INFO -   Failure Probability (δ): 0.000001
2026-05-24 16:18:07,265 - root - INFO -   Clipping Norm (C):      1.0000
2026-05-24 16:18:07,265 - root - INFO -   Noise Scale (σ):        0.3285
2026-05-24 16:18:07,265 - root - INFO - ======================================================================

2026-05-24 16:18:07,265 - root - INFO - add_noise: grad_norm=1.0000, noise_norm=1.7126, sigma=0.3285, epsilon_per_round=16.0000
2026-05-24 16:18:07,265 - root - INFO - DP Round 1: clipping_ratio=0.4010, grad_norm_before=2.4938, grad_norm_after=1.0000, noise_norm=1.7126, epsilon_total=16.0000
2026-05-24 16:18:07,265 - root - INFO - add_noise: grad_norm=1.0000, noise_norm=0.1071, sigma=0.3285, epsilon_per_round=16.0000
2026-05-24 16:18:07,265 - root - INFO - DP Round 2: clipping_ratio=0.3453, grad_norm_before=2.8958, grad_norm_after=1.0000, noise_norm=0.1071, epsilon_total=32.0000
2026-05-24 16:18:07,292 - root - INFO - 
======================================================================
2026-05-24 16:18:07,292 - root - INFO - Differential Privacy Mechanism Initialized: GaussianDP
2026-05-24 16:18:07,292 - root - INFO - ======================================================================
2026-05-24 16:18:07,292 - root - INFO -   Privacy Budget (ε):     16.0000
2026-05-24 16:18:07,292 - root - INFO -   Failure Probability (δ): 0.000001
2026-05-24 16:18:07,292 - root - INFO -   Clipping Norm (C):      1.0000
2026-05-24 16:18:07,292 - root - INFO -   Noise Scale (σ):        0.3285
2026-05-24 16:18:07,292 - root - INFO - ======================================================================

2026-05-24 16:18:07,292 - root - INFO - add_noise: grad_norm=1.0000, noise_norm=2.0191, sigma=0.3285, epsilon_per_round=16.0000
2026-05-24 16:18:07,292 - root - INFO - DP Round 1: clipping_ratio=0.5408, grad_norm_before=1.8491, grad_norm_after=1.0000, noise_norm=2.0191, epsilon_total=16.0000
2026-05-24 16:18:07,292 - root - INFO - add_noise: grad_norm=1.0000, noise_norm=0.3419, sigma=0.3285, epsilon_per_round=16.0000
2026-05-24 16:18:07,292 - root - INFO - DP Round 2: clipping_ratio=0.4247, grad_norm_before=2.3548, grad_norm_after=1.0000, noise_norm=0.3419, epsilon_total=32.0000
2026-05-24 16:18:07,320 - root - INFO - 
======================================================================
2026-05-24 16:18:07,321 - root - INFO - Differential Privacy Mechanism Initialized: GaussianDP
2026-05-24 16:18:07,321 - root - INFO - ======================================================================
2026-05-24 16:18:07,321 - root - INFO -   Privacy Budget (ε):     16.0000
2026-05-24 16:18:07,321 - root - INFO -   Failure Probability (δ): 0.000001
2026-05-24 16:18:07,321 - root - INFO -   Clipping Norm (C):      1.0000
2026-05-24 16:18:07,321 - root - INFO -   Noise Scale (σ):        0.3285
2026-05-24 16:18:07,321 - root - INFO - ======================================================================

2026-05-24 16:18:07,321 - root - INFO - add_noise: grad_norm=1.0000, noise_norm=2.0117, sigma=0.3285, epsilon_per_round=16.0000
2026-05-24 16:18:07,321 - root - INFO - DP Round 1: clipping_ratio=0.3947, grad_norm_before=2.5337, grad_norm_after=1.0000, noise_norm=2.0117, epsilon_total=16.0000
2026-05-24 16:18:07,321 - root - INFO - add_noise: grad_norm=1.0000, noise_norm=0.3265, sigma=0.3285, epsilon_per_round=16.0000
2026-05-24 16:18:07,321 - root - INFO - DP Round 2: clipping_ratio=0.3771, grad_norm_before=2.6518, grad_norm_after=1.0000, noise_norm=0.3265, epsilon_total=32.0000
2026-05-24 16:18:07,329 - root - INFO - 
======================================================================
2026-05-24 16:18:07,329 - root - INFO - Differential Privacy Mechanism Initialized: GaussianDP
2026-05-24 16:18:07,329 - root - INFO - ======================================================================
2026-05-24 16:18:07,329 - root - INFO -   Privacy Budget (ε):     16.0000
2026-05-24 16:18:07,329 - root - INFO -   Failure Probability (δ): 0.000001
2026-05-24 16:18:07,329 - root - INFO -   Clipping Norm (C):      1.0000
2026-05-24 16:18:07,329 - root - INFO -   Noise Scale (σ):        0.3285
2026-05-24 16:18:07,329 - root - INFO - ======================================================================

2026-05-24 16:18:07,329 - root - INFO - add_noise: grad_norm=1.0000, noise_norm=2.1993, sigma=0.3285, epsilon_per_round=16.0000
2026-05-24 16:18:07,329 - root - INFO - DP Round 1: clipping_ratio=0.3096, grad_norm_before=3.2300, grad_norm_after=1.0000, noise_norm=2.1993, epsilon_total=16.0000
2026-05-24 16:18:07,329 - root - INFO - add_noise: grad_norm=1.0000, noise_norm=0.1470, sigma=0.3285, epsilon_per_round=16.0000
2026-05-24 16:18:07,329 - root - INFO - DP Round 2: clipping_ratio=0.7093, grad_norm_before=1.4097, grad_norm_after=1.0000, noise_norm=0.1470, epsilon_total=32.0000
2026-05-24 16:18:07,350 - root - INFO - 
======================================================================
2026-05-24 16:18:07,350 - root - INFO - Differential Privacy Mechanism Initialized: GaussianDP
2026-05-24 16:18:07,350 - root - INFO - ======================================================================
2026-05-24 16:18:07,350 - root - INFO -   Privacy Budget (ε):     16.0000
2026-05-24 16:18:07,350 - root - INFO -   Failure Probability (δ): 0.000001
2026-05-24 16:18:07,350 - root - INFO -   Clipping Norm (C):      1.0000
2026-05-24 16:18:07,350 - root - INFO -   Noise Scale (σ):        0.3285
2026-05-24 16:18:07,350 - root - INFO - ======================================================================

2026-05-24 16:18:07,350 - root - INFO - add_noise: grad_norm=1.0000, noise_norm=2.0687, sigma=0.3285, epsilon_per_round=16.0000
2026-05-24 16:18:07,350 - root - INFO - DP Round 1: clipping_ratio=0.3351, grad_norm_before=2.9842, grad_norm_after=1.0000, noise_norm=2.0687, epsilon_total=16.0000
2026-05-24 16:18:07,350 - root - INFO - add_noise: grad_norm=1.0000, noise_norm=0.2491, sigma=0.3285, epsilon_per_round=16.0000
2026-05-24 16:18:07,350 - root - INFO - DP Round 2: clipping_ratio=0.3861, grad_norm_before=2.5900, grad_norm_after=1.0000, noise_norm=0.2491, epsilon_total=32.0000
2026-05-24 16:18:07,367 - root - INFO - 
======================================================================
2026-05-24 16:18:07,367 - root - INFO - Differential Privacy Mechanism Initialized: GaussianDP
2026-05-24 16:18:07,367 - root - INFO - ======================================================================
2026-05-24 16:18:07,367 - root - INFO -   Privacy Budget (ε):     16.0000
2026-05-24 16:18:07,367 - root - INFO -   Failure Probability (δ): 0.000001
2026-05-24 16:18:07,367 - root - INFO -   Clipping Norm (C):      1.0000
2026-05-24 16:18:07,367 - root - INFO -   Noise Scale (σ):        0.3285
2026-05-24 16:18:07,367 - root - INFO - ======================================================================

2026-05-24 16:18:07,367 - root - INFO - add_noise: grad_norm=1.0000, noise_norm=1.7387, sigma=0.3285, epsilon_per_round=16.0000
2026-05-24 16:18:07,367 - root - INFO - DP Round 1: clipping_ratio=0.4027, grad_norm_before=2.4832, grad_norm_after=1.0000, noise_norm=1.7387, epsilon_total=16.0000
2026-05-24 16:18:07,367 - root - INFO - add_noise: grad_norm=1.0000, noise_norm=0.2782, sigma=0.3285, epsilon_per_round=16.0000
2026-05-24 16:18:07,367 - root - INFO - DP Round 2: clipping_ratio=0.3486, grad_norm_before=2.8690, grad_norm_after=1.0000, noise_norm=0.2782, epsilon_total=32.0000
2026-05-24 16:18:07,373 - __main__ - INFO - Round 1 Validation AUROC: 0.7764
2026-05-24 16:18:07,373 - root - INFO - Round 2/3 - mode client
2026-05-24 16:18:07,397 - root - INFO - 
======================================================================
2026-05-24 16:18:07,397 - root - INFO - Differential Privacy Mechanism Initialized: GaussianDP
2026-05-24 16:18:07,397 - root - INFO - ======================================================================
2026-05-24 16:18:07,397 - root - INFO -   Privacy Budget (ε):     16.0000
2026-05-24 16:18:07,397 - root - INFO -   Failure Probability (δ): 0.000001
2026-05-24 16:18:07,397 - root - INFO -   Clipping Norm (C):      1.0000
2026-05-24 16:18:07,397 - root - INFO -   Noise Scale (σ):        0.3285
2026-05-24 16:18:07,397 - root - INFO - ======================================================================

2026-05-24 16:18:07,397 - root - INFO - add_noise: grad_norm=1.0000, noise_norm=1.9099, sigma=0.3285, epsilon_per_round=16.0000
2026-05-24 16:18:07,397 - root - INFO - DP Round 1: clipping_ratio=0.3860, grad_norm_before=2.5904, grad_norm_after=1.0000, noise_norm=1.9099, epsilon_total=16.0000
2026-05-24 16:18:07,397 - root - INFO - add_noise: grad_norm=1.0000, noise_norm=0.0192, sigma=0.3285, epsilon_per_round=16.0000
2026-05-24 16:18:07,397 - root - INFO - DP Round 2: clipping_ratio=0.2810, grad_norm_before=3.5588, grad_norm_after=1.0000, noise_norm=0.0192, epsilon_total=32.0000
2026-05-24 16:18:07,413 - root - INFO - 
======================================================================
2026-05-24 16:18:07,413 - root - INFO - Differential Privacy Mechanism Initialized: GaussianDP
2026-05-24 16:18:07,413 - root - INFO - ======================================================================
2026-05-24 16:18:07,413 - root - INFO -   Privacy Budget (ε):     16.0000
2026-05-24 16:18:07,413 - root - INFO -   Failure Probability (δ): 0.000001
2026-05-24 16:18:07,413 - root - INFO -   Clipping Norm (C):      1.0000
2026-05-24 16:18:07,413 - root - INFO -   Noise Scale (σ):        0.3285
2026-05-24 16:18:07,413 - root - INFO - ======================================================================

2026-05-24 16:18:07,413 - root - INFO - add_noise: grad_norm=1.0000, noise_norm=1.7285, sigma=0.3285, epsilon_per_round=16.0000
2026-05-24 16:18:07,413 - root - INFO - DP Round 1: clipping_ratio=0.4010, grad_norm_before=2.4938, grad_norm_after=1.0000, noise_norm=1.7285, epsilon_total=16.0000
2026-05-24 16:18:07,413 - root - INFO - add_noise: grad_norm=1.0000, noise_norm=0.5390, sigma=0.3285, epsilon_per_round=16.0000
2026-05-24 16:18:07,414 - root - INFO - DP Round 2: clipping_ratio=0.3453, grad_norm_before=2.8958, grad_norm_after=1.0000, noise_norm=0.5390, epsilon_total=32.0000
2026-05-24 16:18:07,440 - root - INFO - 
======================================================================
2026-05-24 16:18:07,440 - root - INFO - Differential Privacy Mechanism Initialized: GaussianDP
2026-05-24 16:18:07,440 - root - INFO - ======================================================================
2026-05-24 16:18:07,440 - root - INFO -   Privacy Budget (ε):     16.0000
2026-05-24 16:18:07,440 - root - INFO -   Failure Probability (δ): 0.000001
2026-05-24 16:18:07,440 - root - INFO -   Clipping Norm (C):      1.0000
2026-05-24 16:18:07,440 - root - INFO -   Noise Scale (σ):        0.3285
2026-05-24 16:18:07,440 - root - INFO - ======================================================================

2026-05-24 16:18:07,440 - root - INFO - add_noise: grad_norm=1.0000, noise_norm=1.6328, sigma=0.3285, epsilon_per_round=16.0000
2026-05-24 16:18:07,440 - root - INFO - DP Round 1: clipping_ratio=0.5408, grad_norm_before=1.8491, grad_norm_after=1.0000, noise_norm=1.6328, epsilon_total=16.0000
2026-05-24 16:18:07,440 - root - INFO - add_noise: grad_norm=1.0000, noise_norm=0.4781, sigma=0.3285, epsilon_per_round=16.0000
2026-05-24 16:18:07,440 - root - INFO - DP Round 2: clipping_ratio=0.4247, grad_norm_before=2.3548, grad_norm_after=1.0000, noise_norm=0.4781, epsilon_total=32.0000
2026-05-24 16:18:07,467 - root - INFO - 
======================================================================
2026-05-24 16:18:07,467 - root - INFO - Differential Privacy Mechanism Initialized: GaussianDP
2026-05-24 16:18:07,467 - root - INFO - ======================================================================
2026-05-24 16:18:07,467 - root - INFO -   Privacy Budget (ε):     16.0000
2026-05-24 16:18:07,467 - root - INFO -   Failure Probability (δ): 0.000001
2026-05-24 16:18:07,467 - root - INFO -   Clipping Norm (C):      1.0000
2026-05-24 16:18:07,467 - root - INFO -   Noise Scale (σ):        0.3285
2026-05-24 16:18:07,467 - root - INFO - ======================================================================

2026-05-24 16:18:07,467 - root - INFO - add_noise: grad_norm=1.0000, noise_norm=1.9316, sigma=0.3285, epsilon_per_round=16.0000
2026-05-24 16:18:07,467 - root - INFO - DP Round 1: clipping_ratio=0.3947, grad_norm_before=2.5337, grad_norm_after=1.0000, noise_norm=1.9316, epsilon_total=16.0000
2026-05-24 16:18:07,467 - root - INFO - add_noise: grad_norm=1.0000, noise_norm=0.0138, sigma=0.3285, epsilon_per_round=16.0000
2026-05-24 16:18:07,468 - root - INFO - DP Round 2: clipping_ratio=0.3771, grad_norm_before=2.6518, grad_norm_after=1.0000, noise_norm=0.0138, epsilon_total=32.0000
2026-05-24 16:18:07,475 - root - INFO - 
======================================================================
2026-05-24 16:18:07,475 - root - INFO - Differential Privacy Mechanism Initialized: GaussianDP
2026-05-24 16:18:07,475 - root - INFO - ======================================================================
2026-05-24 16:18:07,475 - root - INFO -   Privacy Budget (ε):     16.0000
2026-05-24 16:18:07,475 - root - INFO -   Failure Probability (δ): 0.000001
2026-05-24 16:18:07,475 - root - INFO -   Clipping Norm (C):      1.0000
2026-05-24 16:18:07,475 - root - INFO -   Noise Scale (σ):        0.3285
2026-05-24 16:18:07,475 - root - INFO - ======================================================================

2026-05-24 16:18:07,476 - root - INFO - add_noise: grad_norm=1.0000, noise_norm=1.9722, sigma=0.3285, epsilon_per_round=16.0000
2026-05-24 16:18:07,476 - root - INFO - DP Round 1: clipping_ratio=0.3096, grad_norm_before=3.2300, grad_norm_after=1.0000, noise_norm=1.9722, epsilon_total=16.0000
2026-05-24 16:18:07,476 - root - INFO - add_noise: grad_norm=1.0000, noise_norm=0.0375, sigma=0.3285, epsilon_per_round=16.0000
2026-05-24 16:18:07,476 - root - INFO - DP Round 2: clipping_ratio=0.7093, grad_norm_before=1.4097, grad_norm_after=1.0000, noise_norm=0.0375, epsilon_total=32.0000
2026-05-24 16:18:07,496 - root - INFO - 
======================================================================
2026-05-24 16:18:07,496 - root - INFO - Differential Privacy Mechanism Initialized: GaussianDP
2026-05-24 16:18:07,496 - root - INFO - ======================================================================
2026-05-24 16:18:07,496 - root - INFO -   Privacy Budget (ε):     16.0000
2026-05-24 16:18:07,496 - root - INFO -   Failure Probability (δ): 0.000001
2026-05-24 16:18:07,496 - root - INFO -   Clipping Norm (C):      1.0000
2026-05-24 16:18:07,496 - root - INFO -   Noise Scale (σ):        0.3285
2026-05-24 16:18:07,496 - root - INFO - ======================================================================

2026-05-24 16:18:07,496 - root - INFO - add_noise: grad_norm=1.0000, noise_norm=1.9420, sigma=0.3285, epsilon_per_round=16.0000
2026-05-24 16:18:07,496 - root - INFO - DP Round 1: clipping_ratio=0.3351, grad_norm_before=2.9842, grad_norm_after=1.0000, noise_norm=1.9420, epsilon_total=16.0000
2026-05-24 16:18:07,496 - root - INFO - add_noise: grad_norm=1.0000, noise_norm=0.0836, sigma=0.3285, epsilon_per_round=16.0000
2026-05-24 16:18:07,496 - root - INFO - DP Round 2: clipping_ratio=0.3861, grad_norm_before=2.5900, grad_norm_after=1.0000, noise_norm=0.0836, epsilon_total=32.0000
2026-05-24 16:18:07,513 - root - INFO - 
======================================================================
2026-05-24 16:18:07,514 - root - INFO - Differential Privacy Mechanism Initialized: GaussianDP
2026-05-24 16:18:07,514 - root - INFO - ======================================================================
2026-05-24 16:18:07,514 - root - INFO -   Privacy Budget (ε):     16.0000
2026-05-24 16:18:07,514 - root - INFO -   Failure Probability (δ): 0.000001
2026-05-24 16:18:07,514 - root - INFO -   Clipping Norm (C):      1.0000
2026-05-24 16:18:07,514 - root - INFO -   Noise Scale (σ):        0.3285
2026-05-24 16:18:07,514 - root - INFO - ======================================================================

2026-05-24 16:18:07,514 - root - INFO - add_noise: grad_norm=1.0000, noise_norm=1.6218, sigma=0.3285, epsilon_per_round=16.0000
2026-05-24 16:18:07,514 - root - INFO - DP Round 1: clipping_ratio=0.4027, grad_norm_before=2.4832, grad_norm_after=1.0000, noise_norm=1.6218, epsilon_total=16.0000
2026-05-24 16:18:07,514 - root - INFO - add_noise: grad_norm=1.0000, noise_norm=0.3532, sigma=0.3285, epsilon_per_round=16.0000
2026-05-24 16:18:07,514 - root - INFO - DP Round 2: clipping_ratio=0.3486, grad_norm_before=2.8690, grad_norm_after=1.0000, noise_norm=0.3532, epsilon_total=32.0000
2026-05-24 16:18:07,520 - __main__ - INFO - Round 2 Validation AUROC: 0.8038
2026-05-24 16:18:07,520 - root - INFO - Round 3/3 - mode client
2026-05-24 16:18:07,543 - root - INFO - 
======================================================================
2026-05-24 16:18:07,543 - root - INFO - Differential Privacy Mechanism Initialized: GaussianDP
2026-05-24 16:18:07,543 - root - INFO - ======================================================================
2026-05-24 16:18:07,543 - root - INFO -   Privacy Budget (ε):     16.0000
2026-05-24 16:18:07,543 - root - INFO -   Failure Probability (δ): 0.000001
2026-05-24 16:18:07,543 - root - INFO -   Clipping Norm (C):      1.0000
2026-05-24 16:18:07,543 - root - INFO -   Noise Scale (σ):        0.3285
2026-05-24 16:18:07,543 - root - INFO - ======================================================================

2026-05-24 16:18:07,543 - root - INFO - add_noise: grad_norm=1.0000, noise_norm=1.8933, sigma=0.3285, epsilon_per_round=16.0000
2026-05-24 16:18:07,543 - root - INFO - DP Round 1: clipping_ratio=0.3860, grad_norm_before=2.5904, grad_norm_after=1.0000, noise_norm=1.8933, epsilon_total=16.0000
2026-05-24 16:18:07,543 - root - INFO - add_noise: grad_norm=1.0000, noise_norm=0.0233, sigma=0.3285, epsilon_per_round=16.0000
2026-05-24 16:18:07,543 - root - INFO - DP Round 2: clipping_ratio=0.2810, grad_norm_before=3.5588, grad_norm_after=1.0000, noise_norm=0.0233, epsilon_total=32.0000
2026-05-24 16:18:07,560 - root - INFO - 
======================================================================
2026-05-24 16:18:07,560 - root - INFO - Differential Privacy Mechanism Initialized: GaussianDP
2026-05-24 16:18:07,560 - root - INFO - ======================================================================
2026-05-24 16:18:07,560 - root - INFO -   Privacy Budget (ε):     16.0000
2026-05-24 16:18:07,560 - root - INFO -   Failure Probability (δ): 0.000001
2026-05-24 16:18:07,560 - root - INFO -   Clipping Norm (C):      1.0000
2026-05-24 16:18:07,560 - root - INFO -   Noise Scale (σ):        0.3285
2026-05-24 16:18:07,560 - root - INFO - ======================================================================

2026-05-24 16:18:07,560 - root - INFO - add_noise: grad_norm=1.0000, noise_norm=2.0130, sigma=0.3285, epsilon_per_round=16.0000
2026-05-24 16:18:07,560 - root - INFO - DP Round 1: clipping_ratio=0.4010, grad_norm_before=2.4938, grad_norm_after=1.0000, noise_norm=2.0130, epsilon_total=16.0000
2026-05-24 16:18:07,560 - root - INFO - add_noise: grad_norm=1.0000, noise_norm=0.2726, sigma=0.3285, epsilon_per_round=16.0000
2026-05-24 16:18:07,560 - root - INFO - DP Round 2: clipping_ratio=0.3453, grad_norm_before=2.8958, grad_norm_after=1.0000, noise_norm=0.2726, epsilon_total=32.0000
2026-05-24 16:18:07,586 - root - INFO - 
======================================================================
2026-05-24 16:18:07,586 - root - INFO - Differential Privacy Mechanism Initialized: GaussianDP
2026-05-24 16:18:07,586 - root - INFO - ======================================================================
2026-05-24 16:18:07,586 - root - INFO -   Privacy Budget (ε):     16.0000
2026-05-24 16:18:07,586 - root - INFO -   Failure Probability (δ): 0.000001
2026-05-24 16:18:07,586 - root - INFO -   Clipping Norm (C):      1.0000
2026-05-24 16:18:07,586 - root - INFO -   Noise Scale (σ):        0.3285
2026-05-24 16:18:07,586 - root - INFO - ======================================================================

2026-05-24 16:18:07,586 - root - INFO - add_noise: grad_norm=1.0000, noise_norm=2.2355, sigma=0.3285, epsilon_per_round=16.0000
2026-05-24 16:18:07,587 - root - INFO - DP Round 1: clipping_ratio=0.5408, grad_norm_before=1.8491, grad_norm_after=1.0000, noise_norm=2.2355, epsilon_total=16.0000
2026-05-24 16:18:07,587 - root - INFO - add_noise: grad_norm=1.0000, noise_norm=0.2450, sigma=0.3285, epsilon_per_round=16.0000
2026-05-24 16:18:07,587 - root - INFO - DP Round 2: clipping_ratio=0.4247, grad_norm_before=2.3548, grad_norm_after=1.0000, noise_norm=0.2450, epsilon_total=32.0000
2026-05-24 16:18:07,615 - root - INFO - 
======================================================================
2026-05-24 16:18:07,615 - root - INFO - Differential Privacy Mechanism Initialized: GaussianDP
2026-05-24 16:18:07,615 - root - INFO - ======================================================================
2026-05-24 16:18:07,615 - root - INFO -   Privacy Budget (ε):     16.0000
2026-05-24 16:18:07,615 - root - INFO -   Failure Probability (δ): 0.000001
2026-05-24 16:18:07,615 - root - INFO -   Clipping Norm (C):      1.0000
2026-05-24 16:18:07,615 - root - INFO -   Noise Scale (σ):        0.3285
2026-05-24 16:18:07,615 - root - INFO - ======================================================================

2026-05-24 16:18:07,615 - root - INFO - add_noise: grad_norm=1.0000, noise_norm=1.7088, sigma=0.3285, epsilon_per_round=16.0000
2026-05-24 16:18:07,615 - root - INFO - DP Round 1: clipping_ratio=0.3947, grad_norm_before=2.5337, grad_norm_after=1.0000, noise_norm=1.7088, epsilon_total=16.0000
2026-05-24 16:18:07,615 - root - INFO - add_noise: grad_norm=1.0000, noise_norm=0.1437, sigma=0.3285, epsilon_per_round=16.0000
2026-05-24 16:18:07,615 - root - INFO - DP Round 2: clipping_ratio=0.3771, grad_norm_before=2.6518, grad_norm_after=1.0000, noise_norm=0.1437, epsilon_total=32.0000
2026-05-24 16:18:07,623 - root - INFO - 
======================================================================
2026-05-24 16:18:07,623 - root - INFO - Differential Privacy Mechanism Initialized: GaussianDP
2026-05-24 16:18:07,623 - root - INFO - ======================================================================
2026-05-24 16:18:07,623 - root - INFO -   Privacy Budget (ε):     16.0000
2026-05-24 16:18:07,623 - root - INFO -   Failure Probability (δ): 0.000001
2026-05-24 16:18:07,623 - root - INFO -   Clipping Norm (C):      1.0000
2026-05-24 16:18:07,623 - root - INFO -   Noise Scale (σ):        0.3285
2026-05-24 16:18:07,623 - root - INFO - ======================================================================

2026-05-24 16:18:07,623 - root - INFO - add_noise: grad_norm=1.0000, noise_norm=1.7197, sigma=0.3285, epsilon_per_round=16.0000
2026-05-24 16:18:07,623 - root - INFO - DP Round 1: clipping_ratio=0.3096, grad_norm_before=3.2300, grad_norm_after=1.0000, noise_norm=1.7197, epsilon_total=16.0000
2026-05-24 16:18:07,624 - root - INFO - add_noise: grad_norm=1.0000, noise_norm=0.2199, sigma=0.3285, epsilon_per_round=16.0000
2026-05-24 16:18:07,624 - root - INFO - DP Round 2: clipping_ratio=0.7093, grad_norm_before=1.4097, grad_norm_after=1.0000, noise_norm=0.2199, epsilon_total=32.0000
2026-05-24 16:18:07,644 - root - INFO - 
======================================================================
2026-05-24 16:18:07,644 - root - INFO - Differential Privacy Mechanism Initialized: GaussianDP
2026-05-24 16:18:07,645 - root - INFO - ======================================================================
2026-05-24 16:18:07,645 - root - INFO -   Privacy Budget (ε):     16.0000
2026-05-24 16:18:07,645 - root - INFO -   Failure Probability (δ): 0.000001
2026-05-24 16:18:07,645 - root - INFO -   Clipping Norm (C):      1.0000
2026-05-24 16:18:07,645 - root - INFO -   Noise Scale (σ):        0.3285
2026-05-24 16:18:07,645 - root - INFO - ======================================================================

2026-05-24 16:18:07,645 - root - INFO - add_noise: grad_norm=1.0000, noise_norm=1.6110, sigma=0.3285, epsilon_per_round=16.0000
2026-05-24 16:18:07,645 - root - INFO - DP Round 1: clipping_ratio=0.3351, grad_norm_before=2.9842, grad_norm_after=1.0000, noise_norm=1.6110, epsilon_total=16.0000
2026-05-24 16:18:07,645 - root - INFO - add_noise: grad_norm=1.0000, noise_norm=0.3290, sigma=0.3285, epsilon_per_round=16.0000
2026-05-24 16:18:07,645 - root - INFO - DP Round 2: clipping_ratio=0.3861, grad_norm_before=2.5900, grad_norm_after=1.0000, noise_norm=0.3290, epsilon_total=32.0000
2026-05-24 16:18:07,662 - root - INFO - 
======================================================================
2026-05-24 16:18:07,662 - root - INFO - Differential Privacy Mechanism Initialized: GaussianDP
2026-05-24 16:18:07,662 - root - INFO - ======================================================================
2026-05-24 16:18:07,662 - root - INFO -   Privacy Budget (ε):     16.0000
2026-05-24 16:18:07,662 - root - INFO -   Failure Probability (δ): 0.000001
2026-05-24 16:18:07,662 - root - INFO -   Clipping Norm (C):      1.0000
2026-05-24 16:18:07,662 - root - INFO -   Noise Scale (σ):        0.3285
2026-05-24 16:18:07,662 - root - INFO - ======================================================================

2026-05-24 16:18:07,662 - root - INFO - add_noise: grad_norm=1.0000, noise_norm=1.7720, sigma=0.3285, epsilon_per_round=16.0000
2026-05-24 16:18:07,662 - root - INFO - DP Round 1: clipping_ratio=0.4027, grad_norm_before=2.4832, grad_norm_after=1.0000, noise_norm=1.7720, epsilon_total=16.0000
2026-05-24 16:18:07,662 - root - INFO - add_noise: grad_norm=1.0000, noise_norm=0.4192, sigma=0.3285, epsilon_per_round=16.0000
2026-05-24 16:18:07,662 - root - INFO - DP Round 2: clipping_ratio=0.3486, grad_norm_before=2.8690, grad_norm_after=1.0000, noise_norm=0.4192, epsilon_total=32.0000
2026-05-24 16:18:07,668 - __main__ - INFO - Round 3 Validation AUROC: 0.7749
2026-05-24 16:18:07,675 - __main__ - INFO - Final Test AUROC: 0.7604
2026-05-24 16:18:07,676 - __main__ - INFO - Completed client eps=16 seed=2 -> test_auc=0.7604
2026-05-24 16:18:07,676 - __main__ - INFO - Starting prototype run: mode=client, eps=16, C=1.0, rounds=3, seed=3
2026-05-24 16:18:07,676 - src.data.loader - INFO - Loading cohort from cache: /home/raiyanjiyon/Projects/federated-healthcare-ml/data/cache/mimic_iv_cohort.csv
2026-05-24 16:18:07,848 - src.data.loader - WARNING - Missing features: {'admission_type_emergency'}
2026-05-24 16:18:07,856 - src.data.loader - INFO - Dataset: 65273 patients, 31 features
2026-05-24 16:18:07,857 - src.data.loader - INFO - Target distribution: [58207  7066]
2026-05-24 16:18:07,860 - src.data.split - INFO - ✓ Medical Intensive Care Unit (MICU): 8791 patients, 1410 deaths (16.0%)
2026-05-24 16:18:07,864 - src.data.split - INFO - ✓ Surgical Intensive Care Unit (SICU): 6372 patients, 754 deaths (11.8%)
2026-05-24 16:18:07,868 - src.data.split - INFO - ✓ Medical/Surgical Intensive Care Unit (MICU/SICU): 6983 patients, 957 deaths (13.7%)
2026-05-24 16:18:07,872 - src.data.split - INFO - ✓ Cardiac Vascular Intensive Care Unit (CVICU): 8118 patients, 265 deaths (3.3%)
2026-05-24 16:18:07,876 - src.data.split - INFO - ✓ Coronary Care Unit (CCU): 5113 patients, 643 deaths (12.6%)
2026-05-24 16:18:07,880 - src.data.split - INFO - ✓ Trauma SICU (TSICU): 5458 patients, 569 deaths (10.4%)
2026-05-24 16:18:07,882 - src.data.split - INFO - ✓ Neuro Surgical Intensive Care Unit (Neuro SICU): 907 patients, 256 deaths (28.2%)
2026-05-24 16:18:07,887 - src.data.split - INFO -   (skipped Intensive Care Unit (ICU): 16 patients, < 100)
2026-05-24 16:18:07,889 - src.data.split - INFO -   (skipped Medicine: 9 patients, < 100)
2026-05-24 16:18:07,892 - src.data.split - INFO -   (skipped Neuro Intermediate: 3035 patients, < 100)
2026-05-24 16:18:07,894 - src.data.split - INFO -   (skipped Neuro Stepdown: 784 patients, < 100)
2026-05-24 16:18:07,896 - src.data.split - INFO -   (skipped PACU: 43 patients, < 100)
2026-05-24 16:18:07,898 - src.data.split - INFO -   (skipped Surgery/Trauma: 2 patients, < 100)
2026-05-24 16:18:07,900 - src.data.split - INFO -   (skipped Surgery/Vascular/Intermediate: 60 patients, < 100)
2026-05-24 16:18:07,900 - src.data.split - INFO - 
✓ Federated learning ready: 7 clients
2026-05-24 16:18:07,913 - src.training.federated - INFO - FederatedTrainer initialized:
2026-05-24 16:18:07,913 - src.training.federated - INFO -   Clients: 7
2026-05-24 16:18:07,913 - src.training.federated - INFO -   Training samples: 41742
2026-05-24 16:18:07,913 - src.training.federated - INFO -   Validation samples: 9791
2026-05-24 16:18:07,913 - src.training.federated - INFO -   Test samples: 9791
2026-05-24 16:18:07,913 - src.training.federated - INFO -   Features: 31
2026-05-24 16:18:07,913 - src.training.federated - INFO -   Rounds: 3
2026-05-24 16:18:07,913 - src.training.federated - INFO -   Strategy: FEDAVG
2026-05-24 16:18:07,913 - src.training.federated - INFO -   Privacy: Disabled
2026-05-24 16:18:07,913 - root - INFO - 
======================================================================
2026-05-24 16:18:07,913 - root - INFO - Differential Privacy Mechanism Initialized: GaussianDP
2026-05-24 16:18:07,914 - root - INFO - ======================================================================
2026-05-24 16:18:07,914 - root - INFO -   Privacy Budget (ε):     16.0000
2026-05-24 16:18:07,914 - root - INFO -   Failure Probability (δ): 0.000001
2026-05-24 16:18:07,914 - root - INFO -   Clipping Norm (C):      1.0000
2026-05-24 16:18:07,914 - root - INFO -   Noise Scale (σ):        0.3285
2026-05-24 16:18:07,914 - root - INFO - ======================================================================

2026-05-24 16:18:07,914 - root - INFO - Round 1/3 - mode client
2026-05-24 16:18:07,935 - root - INFO - 
======================================================================
2026-05-24 16:18:07,935 - root - INFO - Differential Privacy Mechanism Initialized: GaussianDP
2026-05-24 16:18:07,935 - root - INFO - ======================================================================
2026-05-24 16:18:07,935 - root - INFO -   Privacy Budget (ε):     16.0000
2026-05-24 16:18:07,935 - root - INFO -   Failure Probability (δ): 0.000001
2026-05-24 16:18:07,935 - root - INFO -   Clipping Norm (C):      1.0000
2026-05-24 16:18:07,935 - root - INFO -   Noise Scale (σ):        0.3285
2026-05-24 16:18:07,935 - root - INFO - ======================================================================

2026-05-24 16:18:07,935 - root - INFO - add_noise: grad_norm=1.0000, noise_norm=1.6697, sigma=0.3285, epsilon_per_round=16.0000
2026-05-24 16:18:07,935 - root - INFO - DP Round 1: clipping_ratio=0.3860, grad_norm_before=2.5904, grad_norm_after=1.0000, noise_norm=1.6697, epsilon_total=16.0000
2026-05-24 16:18:07,935 - root - INFO - add_noise: grad_norm=1.0000, noise_norm=0.6492, sigma=0.3285, epsilon_per_round=16.0000
2026-05-24 16:18:07,935 - root - INFO - DP Round 2: clipping_ratio=0.2810, grad_norm_before=3.5588, grad_norm_after=1.0000, noise_norm=0.6492, epsilon_total=32.0000
2026-05-24 16:18:07,952 - root - INFO - 
======================================================================
2026-05-24 16:18:07,952 - root - INFO - Differential Privacy Mechanism Initialized: GaussianDP
2026-05-24 16:18:07,952 - root - INFO - ======================================================================
2026-05-24 16:18:07,952 - root - INFO -   Privacy Budget (ε):     16.0000
2026-05-24 16:18:07,952 - root - INFO -   Failure Probability (δ): 0.000001
2026-05-24 16:18:07,952 - root - INFO -   Clipping Norm (C):      1.0000
2026-05-24 16:18:07,952 - root - INFO -   Noise Scale (σ):        0.3285
2026-05-24 16:18:07,952 - root - INFO - ======================================================================

2026-05-24 16:18:07,952 - root - INFO - add_noise: grad_norm=1.0000, noise_norm=2.1607, sigma=0.3285, epsilon_per_round=16.0000
2026-05-24 16:18:07,952 - root - INFO - DP Round 1: clipping_ratio=0.4010, grad_norm_before=2.4938, grad_norm_after=1.0000, noise_norm=2.1607, epsilon_total=16.0000
2026-05-24 16:18:07,952 - root - INFO - add_noise: grad_norm=1.0000, noise_norm=0.5830, sigma=0.3285, epsilon_per_round=16.0000
2026-05-24 16:18:07,952 - root - INFO - DP Round 2: clipping_ratio=0.3453, grad_norm_before=2.8958, grad_norm_after=1.0000, noise_norm=0.5830, epsilon_total=32.0000
2026-05-24 16:18:07,980 - root - INFO - 
======================================================================
2026-05-24 16:18:07,980 - root - INFO - Differential Privacy Mechanism Initialized: GaussianDP
2026-05-24 16:18:07,980 - root - INFO - ======================================================================
2026-05-24 16:18:07,980 - root - INFO -   Privacy Budget (ε):     16.0000
2026-05-24 16:18:07,980 - root - INFO -   Failure Probability (δ): 0.000001
2026-05-24 16:18:07,980 - root - INFO -   Clipping Norm (C):      1.0000
2026-05-24 16:18:07,980 - root - INFO -   Noise Scale (σ):        0.3285
2026-05-24 16:18:07,980 - root - INFO - ======================================================================

2026-05-24 16:18:07,980 - root - INFO - add_noise: grad_norm=1.0000, noise_norm=1.8671, sigma=0.3285, epsilon_per_round=16.0000
2026-05-24 16:18:07,980 - root - INFO - DP Round 1: clipping_ratio=0.5408, grad_norm_before=1.8491, grad_norm_after=1.0000, noise_norm=1.8671, epsilon_total=16.0000
2026-05-24 16:18:07,980 - root - INFO - add_noise: grad_norm=1.0000, noise_norm=0.0360, sigma=0.3285, epsilon_per_round=16.0000
2026-05-24 16:18:07,980 - root - INFO - DP Round 2: clipping_ratio=0.4247, grad_norm_before=2.3548, grad_norm_after=1.0000, noise_norm=0.0360, epsilon_total=32.0000
2026-05-24 16:18:08,008 - root - INFO - 
======================================================================
2026-05-24 16:18:08,008 - root - INFO - Differential Privacy Mechanism Initialized: GaussianDP
2026-05-24 16:18:08,008 - root - INFO - ======================================================================
2026-05-24 16:18:08,008 - root - INFO -   Privacy Budget (ε):     16.0000
2026-05-24 16:18:08,008 - root - INFO -   Failure Probability (δ): 0.000001
2026-05-24 16:18:08,008 - root - INFO -   Clipping Norm (C):      1.0000
2026-05-24 16:18:08,008 - root - INFO -   Noise Scale (σ):        0.3285
2026-05-24 16:18:08,008 - root - INFO - ======================================================================

2026-05-24 16:18:08,008 - root - INFO - add_noise: grad_norm=1.0000, noise_norm=1.5108, sigma=0.3285, epsilon_per_round=16.0000
2026-05-24 16:18:08,008 - root - INFO - DP Round 1: clipping_ratio=0.3947, grad_norm_before=2.5337, grad_norm_after=1.0000, noise_norm=1.5108, epsilon_total=16.0000
2026-05-24 16:18:08,008 - root - INFO - add_noise: grad_norm=1.0000, noise_norm=0.0907, sigma=0.3285, epsilon_per_round=16.0000
2026-05-24 16:18:08,008 - root - INFO - DP Round 2: clipping_ratio=0.3771, grad_norm_before=2.6518, grad_norm_after=1.0000, noise_norm=0.0907, epsilon_total=32.0000
2026-05-24 16:18:08,016 - root - INFO - 
======================================================================
2026-05-24 16:18:08,016 - root - INFO - Differential Privacy Mechanism Initialized: GaussianDP
2026-05-24 16:18:08,016 - root - INFO - ======================================================================
2026-05-24 16:18:08,016 - root - INFO -   Privacy Budget (ε):     16.0000
2026-05-24 16:18:08,016 - root - INFO -   Failure Probability (δ): 0.000001
2026-05-24 16:18:08,016 - root - INFO -   Clipping Norm (C):      1.0000
2026-05-24 16:18:08,016 - root - INFO -   Noise Scale (σ):        0.3285
2026-05-24 16:18:08,016 - root - INFO - ======================================================================

2026-05-24 16:18:08,016 - root - INFO - add_noise: grad_norm=1.0000, noise_norm=1.4259, sigma=0.3285, epsilon_per_round=16.0000
2026-05-24 16:18:08,017 - root - INFO - DP Round 1: clipping_ratio=0.3096, grad_norm_before=3.2300, grad_norm_after=1.0000, noise_norm=1.4259, epsilon_total=16.0000
2026-05-24 16:18:08,017 - root - INFO - add_noise: grad_norm=1.0000, noise_norm=0.3276, sigma=0.3285, epsilon_per_round=16.0000
2026-05-24 16:18:08,017 - root - INFO - DP Round 2: clipping_ratio=0.7093, grad_norm_before=1.4097, grad_norm_after=1.0000, noise_norm=0.3276, epsilon_total=32.0000
2026-05-24 16:18:08,037 - root - INFO - 
======================================================================
2026-05-24 16:18:08,037 - root - INFO - Differential Privacy Mechanism Initialized: GaussianDP
2026-05-24 16:18:08,037 - root - INFO - ======================================================================
2026-05-24 16:18:08,037 - root - INFO -   Privacy Budget (ε):     16.0000
2026-05-24 16:18:08,037 - root - INFO -   Failure Probability (δ): 0.000001
2026-05-24 16:18:08,037 - root - INFO -   Clipping Norm (C):      1.0000
2026-05-24 16:18:08,037 - root - INFO -   Noise Scale (σ):        0.3285
2026-05-24 16:18:08,037 - root - INFO - ======================================================================

2026-05-24 16:18:08,037 - root - INFO - add_noise: grad_norm=1.0000, noise_norm=1.8970, sigma=0.3285, epsilon_per_round=16.0000
2026-05-24 16:18:08,037 - root - INFO - DP Round 1: clipping_ratio=0.3351, grad_norm_before=2.9842, grad_norm_after=1.0000, noise_norm=1.8970, epsilon_total=16.0000
2026-05-24 16:18:08,037 - root - INFO - add_noise: grad_norm=1.0000, noise_norm=0.5081, sigma=0.3285, epsilon_per_round=16.0000
2026-05-24 16:18:08,037 - root - INFO - DP Round 2: clipping_ratio=0.3861, grad_norm_before=2.5900, grad_norm_after=1.0000, noise_norm=0.5081, epsilon_total=32.0000
2026-05-24 16:18:08,055 - root - INFO - 
======================================================================
2026-05-24 16:18:08,055 - root - INFO - Differential Privacy Mechanism Initialized: GaussianDP
2026-05-24 16:18:08,055 - root - INFO - ======================================================================
2026-05-24 16:18:08,055 - root - INFO -   Privacy Budget (ε):     16.0000
2026-05-24 16:18:08,055 - root - INFO -   Failure Probability (δ): 0.000001
2026-05-24 16:18:08,055 - root - INFO -   Clipping Norm (C):      1.0000
2026-05-24 16:18:08,055 - root - INFO -   Noise Scale (σ):        0.3285
2026-05-24 16:18:08,055 - root - INFO - ======================================================================

2026-05-24 16:18:08,055 - root - INFO - add_noise: grad_norm=1.0000, noise_norm=1.5211, sigma=0.3285, epsilon_per_round=16.0000
2026-05-24 16:18:08,055 - root - INFO - DP Round 1: clipping_ratio=0.4027, grad_norm_before=2.4832, grad_norm_after=1.0000, noise_norm=1.5211, epsilon_total=16.0000
2026-05-24 16:18:08,055 - root - INFO - add_noise: grad_norm=1.0000, noise_norm=0.5360, sigma=0.3285, epsilon_per_round=16.0000
2026-05-24 16:18:08,055 - root - INFO - DP Round 2: clipping_ratio=0.3486, grad_norm_before=2.8690, grad_norm_after=1.0000, noise_norm=0.5360, epsilon_total=32.0000
2026-05-24 16:18:08,061 - __main__ - INFO - Round 1 Validation AUROC: 0.6998
2026-05-24 16:18:08,062 - root - INFO - Round 2/3 - mode client
2026-05-24 16:18:08,085 - root - INFO - 
======================================================================
2026-05-24 16:18:08,085 - root - INFO - Differential Privacy Mechanism Initialized: GaussianDP
2026-05-24 16:18:08,085 - root - INFO - ======================================================================
2026-05-24 16:18:08,085 - root - INFO -   Privacy Budget (ε):     16.0000
2026-05-24 16:18:08,085 - root - INFO -   Failure Probability (δ): 0.000001
2026-05-24 16:18:08,085 - root - INFO -   Clipping Norm (C):      1.0000
2026-05-24 16:18:08,085 - root - INFO -   Noise Scale (σ):        0.3285
2026-05-24 16:18:08,085 - root - INFO - ======================================================================

2026-05-24 16:18:08,085 - root - INFO - add_noise: grad_norm=1.0000, noise_norm=2.3316, sigma=0.3285, epsilon_per_round=16.0000
2026-05-24 16:18:08,085 - root - INFO - DP Round 1: clipping_ratio=0.3860, grad_norm_before=2.5904, grad_norm_after=1.0000, noise_norm=2.3316, epsilon_total=16.0000
2026-05-24 16:18:08,085 - root - INFO - add_noise: grad_norm=1.0000, noise_norm=0.0513, sigma=0.3285, epsilon_per_round=16.0000
2026-05-24 16:18:08,085 - root - INFO - DP Round 2: clipping_ratio=0.2810, grad_norm_before=3.5588, grad_norm_after=1.0000, noise_norm=0.0513, epsilon_total=32.0000
2026-05-24 16:18:08,101 - root - INFO - 
======================================================================
2026-05-24 16:18:08,102 - root - INFO - Differential Privacy Mechanism Initialized: GaussianDP
2026-05-24 16:18:08,102 - root - INFO - ======================================================================
2026-05-24 16:18:08,102 - root - INFO -   Privacy Budget (ε):     16.0000
2026-05-24 16:18:08,102 - root - INFO -   Failure Probability (δ): 0.000001
2026-05-24 16:18:08,102 - root - INFO -   Clipping Norm (C):      1.0000
2026-05-24 16:18:08,102 - root - INFO -   Noise Scale (σ):        0.3285
2026-05-24 16:18:08,102 - root - INFO - ======================================================================

2026-05-24 16:18:08,102 - root - INFO - add_noise: grad_norm=1.0000, noise_norm=2.0201, sigma=0.3285, epsilon_per_round=16.0000
2026-05-24 16:18:08,102 - root - INFO - DP Round 1: clipping_ratio=0.4010, grad_norm_before=2.4938, grad_norm_after=1.0000, noise_norm=2.0201, epsilon_total=16.0000
2026-05-24 16:18:08,102 - root - INFO - add_noise: grad_norm=1.0000, noise_norm=0.0049, sigma=0.3285, epsilon_per_round=16.0000
2026-05-24 16:18:08,102 - root - INFO - DP Round 2: clipping_ratio=0.3453, grad_norm_before=2.8958, grad_norm_after=1.0000, noise_norm=0.0049, epsilon_total=32.0000
2026-05-24 16:18:08,129 - root - INFO - 
======================================================================
2026-05-24 16:18:08,129 - root - INFO - Differential Privacy Mechanism Initialized: GaussianDP
2026-05-24 16:18:08,129 - root - INFO - ======================================================================
2026-05-24 16:18:08,129 - root - INFO -   Privacy Budget (ε):     16.0000
2026-05-24 16:18:08,129 - root - INFO -   Failure Probability (δ): 0.000001
2026-05-24 16:18:08,129 - root - INFO -   Clipping Norm (C):      1.0000
2026-05-24 16:18:08,129 - root - INFO -   Noise Scale (σ):        0.3285
2026-05-24 16:18:08,129 - root - INFO - ======================================================================

2026-05-24 16:18:08,129 - root - INFO - add_noise: grad_norm=1.0000, noise_norm=1.9935, sigma=0.3285, epsilon_per_round=16.0000
2026-05-24 16:18:08,129 - root - INFO - DP Round 1: clipping_ratio=0.5408, grad_norm_before=1.8491, grad_norm_after=1.0000, noise_norm=1.9935, epsilon_total=16.0000
2026-05-24 16:18:08,129 - root - INFO - add_noise: grad_norm=1.0000, noise_norm=0.4842, sigma=0.3285, epsilon_per_round=16.0000
2026-05-24 16:18:08,129 - root - INFO - DP Round 2: clipping_ratio=0.4247, grad_norm_before=2.3548, grad_norm_after=1.0000, noise_norm=0.4842, epsilon_total=32.0000
2026-05-24 16:18:08,156 - root - INFO - 
======================================================================
2026-05-24 16:18:08,156 - root - INFO - Differential Privacy Mechanism Initialized: GaussianDP
2026-05-24 16:18:08,156 - root - INFO - ======================================================================
2026-05-24 16:18:08,156 - root - INFO -   Privacy Budget (ε):     16.0000
2026-05-24 16:18:08,157 - root - INFO -   Failure Probability (δ): 0.000001
2026-05-24 16:18:08,157 - root - INFO -   Clipping Norm (C):      1.0000
2026-05-24 16:18:08,157 - root - INFO -   Noise Scale (σ):        0.3285
2026-05-24 16:18:08,157 - root - INFO - ======================================================================

2026-05-24 16:18:08,157 - root - INFO - add_noise: grad_norm=1.0000, noise_norm=2.3055, sigma=0.3285, epsilon_per_round=16.0000
2026-05-24 16:18:08,157 - root - INFO - DP Round 1: clipping_ratio=0.3947, grad_norm_before=2.5337, grad_norm_after=1.0000, noise_norm=2.3055, epsilon_total=16.0000
2026-05-24 16:18:08,157 - root - INFO - add_noise: grad_norm=1.0000, noise_norm=0.1129, sigma=0.3285, epsilon_per_round=16.0000
2026-05-24 16:18:08,157 - root - INFO - DP Round 2: clipping_ratio=0.3771, grad_norm_before=2.6518, grad_norm_after=1.0000, noise_norm=0.1129, epsilon_total=32.0000
2026-05-24 16:18:08,165 - root - INFO - 
======================================================================
2026-05-24 16:18:08,165 - root - INFO - Differential Privacy Mechanism Initialized: GaussianDP
2026-05-24 16:18:08,165 - root - INFO - ======================================================================
2026-05-24 16:18:08,165 - root - INFO -   Privacy Budget (ε):     16.0000
2026-05-24 16:18:08,165 - root - INFO -   Failure Probability (δ): 0.000001
2026-05-24 16:18:08,165 - root - INFO -   Clipping Norm (C):      1.0000
2026-05-24 16:18:08,165 - root - INFO -   Noise Scale (σ):        0.3285
2026-05-24 16:18:08,165 - root - INFO - ======================================================================

2026-05-24 16:18:08,165 - root - INFO - add_noise: grad_norm=1.0000, noise_norm=1.7171, sigma=0.3285, epsilon_per_round=16.0000
2026-05-24 16:18:08,165 - root - INFO - DP Round 1: clipping_ratio=0.3096, grad_norm_before=3.2300, grad_norm_after=1.0000, noise_norm=1.7171, epsilon_total=16.0000
2026-05-24 16:18:08,165 - root - INFO - add_noise: grad_norm=1.0000, noise_norm=0.0317, sigma=0.3285, epsilon_per_round=16.0000
2026-05-24 16:18:08,165 - root - INFO - DP Round 2: clipping_ratio=0.7093, grad_norm_before=1.4097, grad_norm_after=1.0000, noise_norm=0.0317, epsilon_total=32.0000
2026-05-24 16:18:08,186 - root - INFO - 
======================================================================
2026-05-24 16:18:08,186 - root - INFO - Differential Privacy Mechanism Initialized: GaussianDP
2026-05-24 16:18:08,186 - root - INFO - ======================================================================
2026-05-24 16:18:08,186 - root - INFO -   Privacy Budget (ε):     16.0000
2026-05-24 16:18:08,186 - root - INFO -   Failure Probability (δ): 0.000001
2026-05-24 16:18:08,186 - root - INFO -   Clipping Norm (C):      1.0000
2026-05-24 16:18:08,186 - root - INFO -   Noise Scale (σ):        0.3285
2026-05-24 16:18:08,186 - root - INFO - ======================================================================

2026-05-24 16:18:08,186 - root - INFO - add_noise: grad_norm=1.0000, noise_norm=1.7691, sigma=0.3285, epsilon_per_round=16.0000
2026-05-24 16:18:08,186 - root - INFO - DP Round 1: clipping_ratio=0.3351, grad_norm_before=2.9842, grad_norm_after=1.0000, noise_norm=1.7691, epsilon_total=16.0000
2026-05-24 16:18:08,186 - root - INFO - add_noise: grad_norm=1.0000, noise_norm=0.3917, sigma=0.3285, epsilon_per_round=16.0000
2026-05-24 16:18:08,186 - root - INFO - DP Round 2: clipping_ratio=0.3861, grad_norm_before=2.5900, grad_norm_after=1.0000, noise_norm=0.3917, epsilon_total=32.0000
2026-05-24 16:18:08,203 - root - INFO - 
======================================================================
2026-05-24 16:18:08,203 - root - INFO - Differential Privacy Mechanism Initialized: GaussianDP
2026-05-24 16:18:08,203 - root - INFO - ======================================================================
2026-05-24 16:18:08,203 - root - INFO -   Privacy Budget (ε):     16.0000
2026-05-24 16:18:08,203 - root - INFO -   Failure Probability (δ): 0.000001
2026-05-24 16:18:08,203 - root - INFO -   Clipping Norm (C):      1.0000
2026-05-24 16:18:08,203 - root - INFO -   Noise Scale (σ):        0.3285
2026-05-24 16:18:08,203 - root - INFO - ======================================================================

2026-05-24 16:18:08,203 - root - INFO - add_noise: grad_norm=1.0000, noise_norm=1.8597, sigma=0.3285, epsilon_per_round=16.0000
2026-05-24 16:18:08,203 - root - INFO - DP Round 1: clipping_ratio=0.4027, grad_norm_before=2.4832, grad_norm_after=1.0000, noise_norm=1.8597, epsilon_total=16.0000
2026-05-24 16:18:08,203 - root - INFO - add_noise: grad_norm=1.0000, noise_norm=0.1705, sigma=0.3285, epsilon_per_round=16.0000
2026-05-24 16:18:08,203 - root - INFO - DP Round 2: clipping_ratio=0.3486, grad_norm_before=2.8690, grad_norm_after=1.0000, noise_norm=0.1705, epsilon_total=32.0000
2026-05-24 16:18:08,210 - __main__ - INFO - Round 2 Validation AUROC: 0.8155
2026-05-24 16:18:08,210 - root - INFO - Round 3/3 - mode client
2026-05-24 16:18:08,233 - root - INFO - 
======================================================================
2026-05-24 16:18:08,233 - root - INFO - Differential Privacy Mechanism Initialized: GaussianDP
2026-05-24 16:18:08,233 - root - INFO - ======================================================================
2026-05-24 16:18:08,233 - root - INFO -   Privacy Budget (ε):     16.0000
2026-05-24 16:18:08,233 - root - INFO -   Failure Probability (δ): 0.000001
2026-05-24 16:18:08,233 - root - INFO -   Clipping Norm (C):      1.0000
2026-05-24 16:18:08,233 - root - INFO -   Noise Scale (σ):        0.3285
2026-05-24 16:18:08,233 - root - INFO - ======================================================================

2026-05-24 16:18:08,233 - root - INFO - add_noise: grad_norm=1.0000, noise_norm=1.5624, sigma=0.3285, epsilon_per_round=16.0000
2026-05-24 16:18:08,233 - root - INFO - DP Round 1: clipping_ratio=0.3860, grad_norm_before=2.5904, grad_norm_after=1.0000, noise_norm=1.5624, epsilon_total=16.0000
2026-05-24 16:18:08,233 - root - INFO - add_noise: grad_norm=1.0000, noise_norm=0.0220, sigma=0.3285, epsilon_per_round=16.0000
2026-05-24 16:18:08,233 - root - INFO - DP Round 2: clipping_ratio=0.2810, grad_norm_before=3.5588, grad_norm_after=1.0000, noise_norm=0.0220, epsilon_total=32.0000
2026-05-24 16:18:08,250 - root - INFO - 
======================================================================
2026-05-24 16:18:08,250 - root - INFO - Differential Privacy Mechanism Initialized: GaussianDP
2026-05-24 16:18:08,250 - root - INFO - ======================================================================
2026-05-24 16:18:08,250 - root - INFO -   Privacy Budget (ε):     16.0000
2026-05-24 16:18:08,250 - root - INFO -   Failure Probability (δ): 0.000001
2026-05-24 16:18:08,250 - root - INFO -   Clipping Norm (C):      1.0000
2026-05-24 16:18:08,250 - root - INFO -   Noise Scale (σ):        0.3285
2026-05-24 16:18:08,250 - root - INFO - ======================================================================

2026-05-24 16:18:08,250 - root - INFO - add_noise: grad_norm=1.0000, noise_norm=1.8470, sigma=0.3285, epsilon_per_round=16.0000
2026-05-24 16:18:08,250 - root - INFO - DP Round 1: clipping_ratio=0.4010, grad_norm_before=2.4938, grad_norm_after=1.0000, noise_norm=1.8470, epsilon_total=16.0000
2026-05-24 16:18:08,250 - root - INFO - add_noise: grad_norm=1.0000, noise_norm=0.3300, sigma=0.3285, epsilon_per_round=16.0000
2026-05-24 16:18:08,250 - root - INFO - DP Round 2: clipping_ratio=0.3453, grad_norm_before=2.8958, grad_norm_after=1.0000, noise_norm=0.3300, epsilon_total=32.0000
2026-05-24 16:18:08,277 - root - INFO - 
======================================================================
2026-05-24 16:18:08,277 - root - INFO - Differential Privacy Mechanism Initialized: GaussianDP
2026-05-24 16:18:08,277 - root - INFO - ======================================================================
2026-05-24 16:18:08,277 - root - INFO -   Privacy Budget (ε):     16.0000
2026-05-24 16:18:08,277 - root - INFO -   Failure Probability (δ): 0.000001
2026-05-24 16:18:08,277 - root - INFO -   Clipping Norm (C):      1.0000
2026-05-24 16:18:08,277 - root - INFO -   Noise Scale (σ):        0.3285
2026-05-24 16:18:08,277 - root - INFO - ======================================================================

2026-05-24 16:18:08,277 - root - INFO - add_noise: grad_norm=1.0000, noise_norm=1.8319, sigma=0.3285, epsilon_per_round=16.0000
2026-05-24 16:18:08,277 - root - INFO - DP Round 1: clipping_ratio=0.5408, grad_norm_before=1.8491, grad_norm_after=1.0000, noise_norm=1.8319, epsilon_total=16.0000
2026-05-24 16:18:08,277 - root - INFO - add_noise: grad_norm=1.0000, noise_norm=0.1596, sigma=0.3285, epsilon_per_round=16.0000
2026-05-24 16:18:08,277 - root - INFO - DP Round 2: clipping_ratio=0.4247, grad_norm_before=2.3548, grad_norm_after=1.0000, noise_norm=0.1596, epsilon_total=32.0000
2026-05-24 16:18:08,304 - root - INFO - 
======================================================================
2026-05-24 16:18:08,304 - root - INFO - Differential Privacy Mechanism Initialized: GaussianDP
2026-05-24 16:18:08,304 - root - INFO - ======================================================================
2026-05-24 16:18:08,304 - root - INFO -   Privacy Budget (ε):     16.0000
2026-05-24 16:18:08,304 - root - INFO -   Failure Probability (δ): 0.000001
2026-05-24 16:18:08,304 - root - INFO -   Clipping Norm (C):      1.0000
2026-05-24 16:18:08,304 - root - INFO -   Noise Scale (σ):        0.3285
2026-05-24 16:18:08,304 - root - INFO - ======================================================================

2026-05-24 16:18:08,305 - root - INFO - add_noise: grad_norm=1.0000, noise_norm=1.9248, sigma=0.3285, epsilon_per_round=16.0000
2026-05-24 16:18:08,305 - root - INFO - DP Round 1: clipping_ratio=0.3947, grad_norm_before=2.5337, grad_norm_after=1.0000, noise_norm=1.9248, epsilon_total=16.0000
2026-05-24 16:18:08,305 - root - INFO - add_noise: grad_norm=1.0000, noise_norm=0.2200, sigma=0.3285, epsilon_per_round=16.0000
2026-05-24 16:18:08,305 - root - INFO - DP Round 2: clipping_ratio=0.3771, grad_norm_before=2.6518, grad_norm_after=1.0000, noise_norm=0.2200, epsilon_total=32.0000
2026-05-24 16:18:08,313 - root - INFO - 
======================================================================
2026-05-24 16:18:08,313 - root - INFO - Differential Privacy Mechanism Initialized: GaussianDP
2026-05-24 16:18:08,313 - root - INFO - ======================================================================
2026-05-24 16:18:08,313 - root - INFO -   Privacy Budget (ε):     16.0000
2026-05-24 16:18:08,313 - root - INFO -   Failure Probability (δ): 0.000001
2026-05-24 16:18:08,313 - root - INFO -   Clipping Norm (C):      1.0000
2026-05-24 16:18:08,313 - root - INFO -   Noise Scale (σ):        0.3285
2026-05-24 16:18:08,313 - root - INFO - ======================================================================

2026-05-24 16:18:08,313 - root - INFO - add_noise: grad_norm=1.0000, noise_norm=2.0323, sigma=0.3285, epsilon_per_round=16.0000
2026-05-24 16:18:08,313 - root - INFO - DP Round 1: clipping_ratio=0.3096, grad_norm_before=3.2300, grad_norm_after=1.0000, noise_norm=2.0323, epsilon_total=16.0000
2026-05-24 16:18:08,313 - root - INFO - add_noise: grad_norm=1.0000, noise_norm=0.1114, sigma=0.3285, epsilon_per_round=16.0000
2026-05-24 16:18:08,313 - root - INFO - DP Round 2: clipping_ratio=0.7093, grad_norm_before=1.4097, grad_norm_after=1.0000, noise_norm=0.1114, epsilon_total=32.0000
2026-05-24 16:18:08,334 - root - INFO - 
======================================================================
2026-05-24 16:18:08,334 - root - INFO - Differential Privacy Mechanism Initialized: GaussianDP
2026-05-24 16:18:08,334 - root - INFO - ======================================================================
2026-05-24 16:18:08,334 - root - INFO -   Privacy Budget (ε):     16.0000
2026-05-24 16:18:08,334 - root - INFO -   Failure Probability (δ): 0.000001
2026-05-24 16:18:08,334 - root - INFO -   Clipping Norm (C):      1.0000
2026-05-24 16:18:08,334 - root - INFO -   Noise Scale (σ):        0.3285
2026-05-24 16:18:08,334 - root - INFO - ======================================================================

2026-05-24 16:18:08,334 - root - INFO - add_noise: grad_norm=1.0000, noise_norm=1.4243, sigma=0.3285, epsilon_per_round=16.0000
2026-05-24 16:18:08,334 - root - INFO - DP Round 1: clipping_ratio=0.3351, grad_norm_before=2.9842, grad_norm_after=1.0000, noise_norm=1.4243, epsilon_total=16.0000
2026-05-24 16:18:08,334 - root - INFO - add_noise: grad_norm=1.0000, noise_norm=0.2005, sigma=0.3285, epsilon_per_round=16.0000
2026-05-24 16:18:08,334 - root - INFO - DP Round 2: clipping_ratio=0.3861, grad_norm_before=2.5900, grad_norm_after=1.0000, noise_norm=0.2005, epsilon_total=32.0000
2026-05-24 16:18:08,351 - root - INFO - 
======================================================================
2026-05-24 16:18:08,351 - root - INFO - Differential Privacy Mechanism Initialized: GaussianDP
2026-05-24 16:18:08,351 - root - INFO - ======================================================================
2026-05-24 16:18:08,351 - root - INFO -   Privacy Budget (ε):     16.0000
2026-05-24 16:18:08,351 - root - INFO -   Failure Probability (δ): 0.000001
2026-05-24 16:18:08,351 - root - INFO -   Clipping Norm (C):      1.0000
2026-05-24 16:18:08,351 - root - INFO -   Noise Scale (σ):        0.3285
2026-05-24 16:18:08,351 - root - INFO - ======================================================================

2026-05-24 16:18:08,352 - root - INFO - add_noise: grad_norm=1.0000, noise_norm=1.8879, sigma=0.3285, epsilon_per_round=16.0000
2026-05-24 16:18:08,352 - root - INFO - DP Round 1: clipping_ratio=0.4027, grad_norm_before=2.4832, grad_norm_after=1.0000, noise_norm=1.8879, epsilon_total=16.0000
2026-05-24 16:18:08,352 - root - INFO - add_noise: grad_norm=1.0000, noise_norm=0.1847, sigma=0.3285, epsilon_per_round=16.0000
2026-05-24 16:18:08,352 - root - INFO - DP Round 2: clipping_ratio=0.3486, grad_norm_before=2.8690, grad_norm_after=1.0000, noise_norm=0.1847, epsilon_total=32.0000
2026-05-24 16:18:08,358 - __main__ - INFO - Round 3 Validation AUROC: 0.7864
2026-05-24 16:18:08,364 - __main__ - INFO - Final Test AUROC: 0.7884
2026-05-24 16:18:08,365 - __main__ - INFO - Completed client eps=16 seed=3 -> test_auc=0.7884
2026-05-24 16:18:08,365 - __main__ - INFO - Starting prototype run: mode=server, eps=8, C=1.0, rounds=3, seed=1
2026-05-24 16:18:08,366 - src.data.loader - INFO - Loading cohort from cache: /home/raiyanjiyon/Projects/federated-healthcare-ml/data/cache/mimic_iv_cohort.csv
2026-05-24 16:18:08,540 - src.data.loader - WARNING - Missing features: {'admission_type_emergency'}
2026-05-24 16:18:08,547 - src.data.loader - INFO - Dataset: 65273 patients, 31 features
2026-05-24 16:18:08,547 - src.data.loader - INFO - Target distribution: [58207  7066]
2026-05-24 16:18:08,551 - src.data.split - INFO - ✓ Medical Intensive Care Unit (MICU): 8791 patients, 1410 deaths (16.0%)
2026-05-24 16:18:08,555 - src.data.split - INFO - ✓ Surgical Intensive Care Unit (SICU): 6372 patients, 754 deaths (11.8%)
2026-05-24 16:18:08,559 - src.data.split - INFO - ✓ Medical/Surgical Intensive Care Unit (MICU/SICU): 6983 patients, 957 deaths (13.7%)
2026-05-24 16:18:08,563 - src.data.split - INFO - ✓ Cardiac Vascular Intensive Care Unit (CVICU): 8118 patients, 265 deaths (3.3%)
2026-05-24 16:18:08,566 - src.data.split - INFO - ✓ Coronary Care Unit (CCU): 5113 patients, 643 deaths (12.6%)
2026-05-24 16:18:08,570 - src.data.split - INFO - ✓ Trauma SICU (TSICU): 5458 patients, 569 deaths (10.4%)
2026-05-24 16:18:08,573 - src.data.split - INFO - ✓ Neuro Surgical Intensive Care Unit (Neuro SICU): 907 patients, 256 deaths (28.2%)
2026-05-24 16:18:08,577 - src.data.split - INFO -   (skipped Intensive Care Unit (ICU): 16 patients, < 100)
2026-05-24 16:18:08,579 - src.data.split - INFO -   (skipped Medicine: 9 patients, < 100)
2026-05-24 16:18:08,582 - src.data.split - INFO -   (skipped Neuro Intermediate: 3035 patients, < 100)
2026-05-24 16:18:08,584 - src.data.split - INFO -   (skipped Neuro Stepdown: 784 patients, < 100)
2026-05-24 16:18:08,586 - src.data.split - INFO -   (skipped PACU: 43 patients, < 100)
2026-05-24 16:18:08,588 - src.data.split - INFO -   (skipped Surgery/Trauma: 2 patients, < 100)
2026-05-24 16:18:08,590 - src.data.split - INFO -   (skipped Surgery/Vascular/Intermediate: 60 patients, < 100)
2026-05-24 16:18:08,590 - src.data.split - INFO - 
✓ Federated learning ready: 7 clients
2026-05-24 16:18:08,603 - src.training.federated - INFO - FederatedTrainer initialized:
2026-05-24 16:18:08,603 - src.training.federated - INFO -   Clients: 7
2026-05-24 16:18:08,603 - src.training.federated - INFO -   Training samples: 41742
2026-05-24 16:18:08,603 - src.training.federated - INFO -   Validation samples: 9791
2026-05-24 16:18:08,603 - src.training.federated - INFO -   Test samples: 9791
2026-05-24 16:18:08,603 - src.training.federated - INFO -   Features: 31
2026-05-24 16:18:08,603 - src.training.federated - INFO -   Rounds: 3
2026-05-24 16:18:08,603 - src.training.federated - INFO -   Strategy: FEDAVG
2026-05-24 16:18:08,603 - src.training.federated - INFO -   Privacy: Disabled
2026-05-24 16:18:08,603 - root - INFO - 
======================================================================
2026-05-24 16:18:08,603 - root - INFO - Differential Privacy Mechanism Initialized: GaussianDP
2026-05-24 16:18:08,603 - root - INFO - ======================================================================
2026-05-24 16:18:08,603 - root - INFO -   Privacy Budget (ε):     8.0000
2026-05-24 16:18:08,603 - root - INFO -   Failure Probability (δ): 0.000001
2026-05-24 16:18:08,603 - root - INFO -   Clipping Norm (C):      1.0000
2026-05-24 16:18:08,603 - root - INFO -   Noise Scale (σ):        0.6571
2026-05-24 16:18:08,603 - root - INFO - ======================================================================

2026-05-24 16:18:08,603 - root - INFO - Round 1/3 - mode server
2026-05-24 16:18:08,736 - root - INFO - Privatizing coefficients: max_abs=0.9097510566414493, mean=0.011651664054072877
2026-05-24 16:18:08,736 - root - INFO - add_noise: grad_norm=1.0000, noise_norm=3.6664, sigma=0.6571, epsilon_per_round=8.0000
2026-05-24 16:18:08,736 - root - INFO - DP Round 1: clipping_ratio=0.4996, grad_norm_before=2.0018, grad_norm_after=1.0000, noise_norm=3.6664, epsilon_total=8.0000
2026-05-24 16:18:08,736 - root - INFO - Post-privatization coefficients: max_abs=1.511662726046844, mean=-0.04695282057519581, noise_norm=3.6663716546669742
2026-05-24 16:18:08,736 - root - INFO - add_noise: grad_norm=1.0000, noise_norm=0.2607, sigma=0.6571, epsilon_per_round=8.0000
2026-05-24 16:18:08,736 - root - INFO - DP Round 2: clipping_ratio=0.3587, grad_norm_before=2.7875, grad_norm_after=1.0000, noise_norm=0.2607, epsilon_total=16.0000
2026-05-24 16:18:08,743 - __main__ - INFO - Round 1 Validation AUROC: 0.3364
2026-05-24 16:18:08,743 - root - INFO - Round 2/3 - mode server
2026-05-24 16:18:08,870 - root - INFO - Privatizing coefficients: max_abs=0.9097510566414493, mean=0.011651664054072877
2026-05-24 16:18:08,870 - root - INFO - add_noise: grad_norm=1.0000, noise_norm=3.1245, sigma=0.6571, epsilon_per_round=8.0000
2026-05-24 16:18:08,870 - root - INFO - DP Round 3: clipping_ratio=0.4996, grad_norm_before=2.0018, grad_norm_after=1.0000, noise_norm=3.1245, epsilon_total=24.0000
2026-05-24 16:18:08,870 - root - INFO - Post-privatization coefficients: max_abs=1.4277182266351955, mean=0.09901463798108222, noise_norm=3.12447459423551
2026-05-24 16:18:08,870 - root - INFO - add_noise: grad_norm=1.0000, noise_norm=0.1959, sigma=0.6571, epsilon_per_round=8.0000
2026-05-24 16:18:08,870 - root - INFO - DP Round 4: clipping_ratio=0.3587, grad_norm_before=2.7875, grad_norm_after=1.0000, noise_norm=0.1959, epsilon_total=32.0000
2026-05-24 16:18:08,877 - __main__ - INFO - Round 2 Validation AUROC: 0.7275
2026-05-24 16:18:08,877 - root - INFO - Round 3/3 - mode server
2026-05-24 16:18:08,999 - root - INFO - Privatizing coefficients: max_abs=0.9097510566414493, mean=0.011651664054072877
2026-05-24 16:18:08,999 - root - INFO - add_noise: grad_norm=1.0000, noise_norm=3.2005, sigma=0.6571, epsilon_per_round=8.0000
2026-05-24 16:18:08,999 - root - INFO - DP Round 5: clipping_ratio=0.4996, grad_norm_before=2.0018, grad_norm_after=1.0000, noise_norm=3.2005, epsilon_total=40.0000
2026-05-24 16:18:08,999 - root - INFO - Post-privatization coefficients: max_abs=1.4557053672161022, mean=0.11160828373794289, noise_norm=3.2005032186306814
2026-05-24 16:18:08,999 - root - INFO - add_noise: grad_norm=1.0000, noise_norm=0.0508, sigma=0.6571, epsilon_per_round=8.0000
2026-05-24 16:18:08,999 - root - INFO - DP Round 6: clipping_ratio=0.3587, grad_norm_before=2.7875, grad_norm_after=1.0000, noise_norm=0.0508, epsilon_total=48.0000
2026-05-24 16:18:09,005 - __main__ - INFO - Round 3 Validation AUROC: 0.4706
2026-05-24 16:18:09,011 - __main__ - INFO - Final Test AUROC: 0.4731
2026-05-24 16:18:09,012 - __main__ - INFO - Completed server eps=8 seed=1 -> test_auc=0.4731
2026-05-24 16:18:09,012 - __main__ - INFO - Starting prototype run: mode=server, eps=8, C=1.0, rounds=3, seed=2
2026-05-24 16:18:09,012 - src.data.loader - INFO - Loading cohort from cache: /home/raiyanjiyon/Projects/federated-healthcare-ml/data/cache/mimic_iv_cohort.csv
2026-05-24 16:18:09,177 - src.data.loader - WARNING - Missing features: {'admission_type_emergency'}
2026-05-24 16:18:09,183 - src.data.loader - INFO - Dataset: 65273 patients, 31 features
2026-05-24 16:18:09,184 - src.data.loader - INFO - Target distribution: [58207  7066]
2026-05-24 16:18:09,188 - src.data.split - INFO - ✓ Medical Intensive Care Unit (MICU): 8791 patients, 1410 deaths (16.0%)
2026-05-24 16:18:09,192 - src.data.split - INFO - ✓ Surgical Intensive Care Unit (SICU): 6372 patients, 754 deaths (11.8%)
2026-05-24 16:18:09,196 - src.data.split - INFO - ✓ Medical/Surgical Intensive Care Unit (MICU/SICU): 6983 patients, 957 deaths (13.7%)
2026-05-24 16:18:09,200 - src.data.split - INFO - ✓ Cardiac Vascular Intensive Care Unit (CVICU): 8118 patients, 265 deaths (3.3%)
2026-05-24 16:18:09,204 - src.data.split - INFO - ✓ Coronary Care Unit (CCU): 5113 patients, 643 deaths (12.6%)
2026-05-24 16:18:09,208 - src.data.split - INFO - ✓ Trauma SICU (TSICU): 5458 patients, 569 deaths (10.4%)
2026-05-24 16:18:09,210 - src.data.split - INFO - ✓ Neuro Surgical Intensive Care Unit (Neuro SICU): 907 patients, 256 deaths (28.2%)
2026-05-24 16:18:09,215 - src.data.split - INFO -   (skipped Intensive Care Unit (ICU): 16 patients, < 100)
2026-05-24 16:18:09,217 - src.data.split - INFO -   (skipped Medicine: 9 patients, < 100)
2026-05-24 16:18:09,219 - src.data.split - INFO -   (skipped Neuro Intermediate: 3035 patients, < 100)
2026-05-24 16:18:09,221 - src.data.split - INFO -   (skipped Neuro Stepdown: 784 patients, < 100)
2026-05-24 16:18:09,224 - src.data.split - INFO -   (skipped PACU: 43 patients, < 100)
2026-05-24 16:18:09,226 - src.data.split - INFO -   (skipped Surgery/Trauma: 2 patients, < 100)
2026-05-24 16:18:09,228 - src.data.split - INFO -   (skipped Surgery/Vascular/Intermediate: 60 patients, < 100)
2026-05-24 16:18:09,228 - src.data.split - INFO - 
✓ Federated learning ready: 7 clients
2026-05-24 16:18:09,241 - src.training.federated - INFO - FederatedTrainer initialized:
2026-05-24 16:18:09,241 - src.training.federated - INFO -   Clients: 7
2026-05-24 16:18:09,241 - src.training.federated - INFO -   Training samples: 41742
2026-05-24 16:18:09,241 - src.training.federated - INFO -   Validation samples: 9791
2026-05-24 16:18:09,241 - src.training.federated - INFO -   Test samples: 9791
2026-05-24 16:18:09,241 - src.training.federated - INFO -   Features: 31
2026-05-24 16:18:09,241 - src.training.federated - INFO -   Rounds: 3
2026-05-24 16:18:09,241 - src.training.federated - INFO -   Strategy: FEDAVG
2026-05-24 16:18:09,241 - src.training.federated - INFO -   Privacy: Disabled
2026-05-24 16:18:09,241 - root - INFO - 
======================================================================
2026-05-24 16:18:09,241 - root - INFO - Differential Privacy Mechanism Initialized: GaussianDP
2026-05-24 16:18:09,241 - root - INFO - ======================================================================
2026-05-24 16:18:09,241 - root - INFO -   Privacy Budget (ε):     8.0000
2026-05-24 16:18:09,241 - root - INFO -   Failure Probability (δ): 0.000001
2026-05-24 16:18:09,241 - root - INFO -   Clipping Norm (C):      1.0000
2026-05-24 16:18:09,241 - root - INFO -   Noise Scale (σ):        0.6571
2026-05-24 16:18:09,241 - root - INFO - ======================================================================

2026-05-24 16:18:09,241 - root - INFO - Round 1/3 - mode server
2026-05-24 16:18:09,352 - root - INFO - Privatizing coefficients: max_abs=0.9097510566414493, mean=0.011651664054072877
2026-05-24 16:18:09,353 - root - INFO - add_noise: grad_norm=1.0000, noise_norm=3.6254, sigma=0.6571, epsilon_per_round=8.0000
2026-05-24 16:18:09,353 - root - INFO - DP Round 1: clipping_ratio=0.4996, grad_norm_before=2.0018, grad_norm_after=1.0000, noise_norm=3.6254, epsilon_total=8.0000
2026-05-24 16:18:09,353 - root - INFO - Post-privatization coefficients: max_abs=1.6006220860397304, mean=-0.21031333038399508, noise_norm=3.6253969846631544
2026-05-24 16:18:09,353 - root - INFO - add_noise: grad_norm=1.0000, noise_norm=1.4662, sigma=0.6571, epsilon_per_round=8.0000
2026-05-24 16:18:09,353 - root - INFO - DP Round 2: clipping_ratio=0.3587, grad_norm_before=2.7875, grad_norm_after=1.0000, noise_norm=1.4662, epsilon_total=16.0000
2026-05-24 16:18:09,359 - __main__ - INFO - Round 1 Validation AUROC: 0.7051
2026-05-24 16:18:09,359 - root - INFO - Round 2/3 - mode server
2026-05-24 16:18:09,469 - root - INFO - Privatizing coefficients: max_abs=0.9097510566414493, mean=0.011651664054072877
2026-05-24 16:18:09,469 - root - INFO - add_noise: grad_norm=1.0000, noise_norm=3.4253, sigma=0.6571, epsilon_per_round=8.0000
2026-05-24 16:18:09,469 - root - INFO - DP Round 3: clipping_ratio=0.4996, grad_norm_before=2.0018, grad_norm_after=1.0000, noise_norm=3.4253, epsilon_total=24.0000
2026-05-24 16:18:09,469 - root - INFO - Post-privatization coefficients: max_abs=1.3018844928216902, mean=0.016408814700573083, noise_norm=3.425254298045153
2026-05-24 16:18:09,469 - root - INFO - add_noise: grad_norm=1.0000, noise_norm=0.2142, sigma=0.6571, epsilon_per_round=8.0000
2026-05-24 16:18:09,469 - root - INFO - DP Round 4: clipping_ratio=0.3587, grad_norm_before=2.7875, grad_norm_after=1.0000, noise_norm=0.2142, epsilon_total=32.0000
2026-05-24 16:18:09,475 - __main__ - INFO - Round 2 Validation AUROC: 0.5275
2026-05-24 16:18:09,475 - root - INFO - Round 3/3 - mode server
2026-05-24 16:18:09,595 - root - INFO - Privatizing coefficients: max_abs=0.9097510566414493, mean=0.011651664054072877
2026-05-24 16:18:09,595 - root - INFO - add_noise: grad_norm=1.0000, noise_norm=4.0383, sigma=0.6571, epsilon_per_round=8.0000
2026-05-24 16:18:09,595 - root - INFO - DP Round 5: clipping_ratio=0.4996, grad_norm_before=2.0018, grad_norm_after=1.0000, noise_norm=4.0383, epsilon_total=40.0000
2026-05-24 16:18:09,595 - root - INFO - Post-privatization coefficients: max_abs=1.6415771759113036, mean=-0.06344712388914903, noise_norm=4.038251604883586
2026-05-24 16:18:09,595 - root - INFO - add_noise: grad_norm=1.0000, noise_norm=0.6839, sigma=0.6571, epsilon_per_round=8.0000
2026-05-24 16:18:09,595 - root - INFO - DP Round 6: clipping_ratio=0.3587, grad_norm_before=2.7875, grad_norm_after=1.0000, noise_norm=0.6839, epsilon_total=48.0000
2026-05-24 16:18:09,601 - __main__ - INFO - Round 3 Validation AUROC: 0.4452
2026-05-24 16:18:09,608 - __main__ - INFO - Final Test AUROC: 0.4632
2026-05-24 16:18:09,610 - __main__ - INFO - Completed server eps=8 seed=2 -> test_auc=0.4632
2026-05-24 16:18:09,610 - __main__ - INFO - Starting prototype run: mode=server, eps=8, C=1.0, rounds=3, seed=3
2026-05-24 16:18:09,610 - src.data.loader - INFO - Loading cohort from cache: /home/raiyanjiyon/Projects/federated-healthcare-ml/data/cache/mimic_iv_cohort.csv
2026-05-24 16:18:09,775 - src.data.loader - WARNING - Missing features: {'admission_type_emergency'}
2026-05-24 16:18:09,782 - src.data.loader - INFO - Dataset: 65273 patients, 31 features
2026-05-24 16:18:09,783 - src.data.loader - INFO - Target distribution: [58207  7066]
2026-05-24 16:18:09,786 - src.data.split - INFO - ✓ Medical Intensive Care Unit (MICU): 8791 patients, 1410 deaths (16.0%)
2026-05-24 16:18:09,791 - src.data.split - INFO - ✓ Surgical Intensive Care Unit (SICU): 6372 patients, 754 deaths (11.8%)
2026-05-24 16:18:09,794 - src.data.split - INFO - ✓ Medical/Surgical Intensive Care Unit (MICU/SICU): 6983 patients, 957 deaths (13.7%)
2026-05-24 16:18:09,798 - src.data.split - INFO - ✓ Cardiac Vascular Intensive Care Unit (CVICU): 8118 patients, 265 deaths (3.3%)
2026-05-24 16:18:09,802 - src.data.split - INFO - ✓ Coronary Care Unit (CCU): 5113 patients, 643 deaths (12.6%)
2026-05-24 16:18:09,806 - src.data.split - INFO - ✓ Trauma SICU (TSICU): 5458 patients, 569 deaths (10.4%)
2026-05-24 16:18:09,809 - src.data.split - INFO - ✓ Neuro Surgical Intensive Care Unit (Neuro SICU): 907 patients, 256 deaths (28.2%)
2026-05-24 16:18:09,813 - src.data.split - INFO -   (skipped Intensive Care Unit (ICU): 16 patients, < 100)
2026-05-24 16:18:09,815 - src.data.split - INFO -   (skipped Medicine: 9 patients, < 100)
2026-05-24 16:18:09,817 - src.data.split - INFO -   (skipped Neuro Intermediate: 3035 patients, < 100)
2026-05-24 16:18:09,820 - src.data.split - INFO -   (skipped Neuro Stepdown: 784 patients, < 100)
2026-05-24 16:18:09,822 - src.data.split - INFO -   (skipped PACU: 43 patients, < 100)
2026-05-24 16:18:09,824 - src.data.split - INFO -   (skipped Surgery/Trauma: 2 patients, < 100)
2026-05-24 16:18:09,826 - src.data.split - INFO -   (skipped Surgery/Vascular/Intermediate: 60 patients, < 100)
2026-05-24 16:18:09,826 - src.data.split - INFO - 
✓ Federated learning ready: 7 clients
2026-05-24 16:18:09,839 - src.training.federated - INFO - FederatedTrainer initialized:
2026-05-24 16:18:09,839 - src.training.federated - INFO -   Clients: 7
2026-05-24 16:18:09,839 - src.training.federated - INFO -   Training samples: 41742
2026-05-24 16:18:09,839 - src.training.federated - INFO -   Validation samples: 9791
2026-05-24 16:18:09,839 - src.training.federated - INFO -   Test samples: 9791
2026-05-24 16:18:09,839 - src.training.federated - INFO -   Features: 31
2026-05-24 16:18:09,839 - src.training.federated - INFO -   Rounds: 3
2026-05-24 16:18:09,839 - src.training.federated - INFO -   Strategy: FEDAVG
2026-05-24 16:18:09,839 - src.training.federated - INFO -   Privacy: Disabled
2026-05-24 16:18:09,839 - root - INFO - 
======================================================================
2026-05-24 16:18:09,839 - root - INFO - Differential Privacy Mechanism Initialized: GaussianDP
2026-05-24 16:18:09,839 - root - INFO - ======================================================================
2026-05-24 16:18:09,839 - root - INFO -   Privacy Budget (ε):     8.0000
2026-05-24 16:18:09,839 - root - INFO -   Failure Probability (δ): 0.000001
2026-05-24 16:18:09,839 - root - INFO -   Clipping Norm (C):      1.0000
2026-05-24 16:18:09,839 - root - INFO -   Noise Scale (σ):        0.6571
2026-05-24 16:18:09,839 - root - INFO - ======================================================================

2026-05-24 16:18:09,839 - root - INFO - Round 1/3 - mode server
2026-05-24 16:18:09,949 - root - INFO - Privatizing coefficients: max_abs=0.9097510566414493, mean=0.011651664054072877
2026-05-24 16:18:09,949 - root - INFO - add_noise: grad_norm=1.0000, noise_norm=3.3393, sigma=0.6571, epsilon_per_round=8.0000
2026-05-24 16:18:09,949 - root - INFO - DP Round 1: clipping_ratio=0.4996, grad_norm_before=2.0018, grad_norm_after=1.0000, noise_norm=3.3393, epsilon_total=8.0000
2026-05-24 16:18:09,949 - root - INFO - Post-privatization coefficients: max_abs=1.4731621670376567, mean=-0.05780872976079191, noise_norm=3.3393224720424777
2026-05-24 16:18:09,949 - root - INFO - add_noise: grad_norm=1.0000, noise_norm=1.2984, sigma=0.6571, epsilon_per_round=8.0000
2026-05-24 16:18:09,949 - root - INFO - DP Round 2: clipping_ratio=0.3587, grad_norm_before=2.7875, grad_norm_after=1.0000, noise_norm=1.2984, epsilon_total=16.0000
2026-05-24 16:18:09,954 - __main__ - INFO - Round 1 Validation AUROC: 0.5016
2026-05-24 16:18:09,954 - root - INFO - Round 2/3 - mode server
2026-05-24 16:18:10,071 - root - INFO - Privatizing coefficients: max_abs=0.9097510566414493, mean=0.011651664054072877
2026-05-24 16:18:10,071 - root - INFO - add_noise: grad_norm=1.0000, noise_norm=4.3214, sigma=0.6571, epsilon_per_round=8.0000
2026-05-24 16:18:10,071 - root - INFO - DP Round 3: clipping_ratio=0.4996, grad_norm_before=2.0018, grad_norm_after=1.0000, noise_norm=4.3214, epsilon_total=24.0000
2026-05-24 16:18:10,071 - root - INFO - Post-privatization coefficients: max_abs=1.461289708101122, mean=-0.21791186823163336, noise_norm=4.321396987606681
2026-05-24 16:18:10,071 - root - INFO - add_noise: grad_norm=1.0000, noise_norm=1.1661, sigma=0.6571, epsilon_per_round=8.0000
2026-05-24 16:18:10,071 - root - INFO - DP Round 4: clipping_ratio=0.3587, grad_norm_before=2.7875, grad_norm_after=1.0000, noise_norm=1.1661, epsilon_total=32.0000
2026-05-24 16:18:10,077 - __main__ - INFO - Round 2 Validation AUROC: 0.3687
2026-05-24 16:18:10,077 - root - INFO - Round 3/3 - mode server
2026-05-24 16:18:10,193 - root - INFO - Privatizing coefficients: max_abs=0.9097510566414493, mean=0.011651664054072877
2026-05-24 16:18:10,193 - root - INFO - add_noise: grad_norm=1.0000, noise_norm=3.7342, sigma=0.6571, epsilon_per_round=8.0000
2026-05-24 16:18:10,193 - root - INFO - DP Round 5: clipping_ratio=0.4996, grad_norm_before=2.0018, grad_norm_after=1.0000, noise_norm=3.7342, epsilon_total=40.0000
2026-05-24 16:18:10,193 - root - INFO - Post-privatization coefficients: max_abs=1.9158298709000656, mean=-0.04990253536694002, noise_norm=3.7342090318848844
2026-05-24 16:18:10,193 - root - INFO - add_noise: grad_norm=1.0000, noise_norm=0.0719, sigma=0.6571, epsilon_per_round=8.0000
2026-05-24 16:18:10,193 - root - INFO - DP Round 6: clipping_ratio=0.3587, grad_norm_before=2.7875, grad_norm_after=1.0000, noise_norm=0.0719, epsilon_total=48.0000
2026-05-24 16:18:10,198 - __main__ - INFO - Round 3 Validation AUROC: 0.6660
2026-05-24 16:18:10,203 - __main__ - INFO - Final Test AUROC: 0.6720
2026-05-24 16:18:10,204 - __main__ - INFO - Completed server eps=8 seed=3 -> test_auc=0.6720
2026-05-24 16:18:10,205 - __main__ - INFO - Starting prototype run: mode=server, eps=16, C=1.0, rounds=3, seed=1
2026-05-24 16:18:10,205 - src.data.loader - INFO - Loading cohort from cache: /home/raiyanjiyon/Projects/federated-healthcare-ml/data/cache/mimic_iv_cohort.csv
2026-05-24 16:18:10,354 - src.data.loader - WARNING - Missing features: {'admission_type_emergency'}
2026-05-24 16:18:10,361 - src.data.loader - INFO - Dataset: 65273 patients, 31 features
2026-05-24 16:18:10,362 - src.data.loader - INFO - Target distribution: [58207  7066]
2026-05-24 16:18:10,366 - src.data.split - INFO - ✓ Medical Intensive Care Unit (MICU): 8791 patients, 1410 deaths (16.0%)
2026-05-24 16:18:10,369 - src.data.split - INFO - ✓ Surgical Intensive Care Unit (SICU): 6372 patients, 754 deaths (11.8%)
2026-05-24 16:18:10,374 - src.data.split - INFO - ✓ Medical/Surgical Intensive Care Unit (MICU/SICU): 6983 patients, 957 deaths (13.7%)
2026-05-24 16:18:10,378 - src.data.split - INFO - ✓ Cardiac Vascular Intensive Care Unit (CVICU): 8118 patients, 265 deaths (3.3%)
2026-05-24 16:18:10,381 - src.data.split - INFO - ✓ Coronary Care Unit (CCU): 5113 patients, 643 deaths (12.6%)
2026-05-24 16:18:10,385 - src.data.split - INFO - ✓ Trauma SICU (TSICU): 5458 patients, 569 deaths (10.4%)
2026-05-24 16:18:10,388 - src.data.split - INFO - ✓ Neuro Surgical Intensive Care Unit (Neuro SICU): 907 patients, 256 deaths (28.2%)
2026-05-24 16:18:10,393 - src.data.split - INFO -   (skipped Intensive Care Unit (ICU): 16 patients, < 100)
2026-05-24 16:18:10,395 - src.data.split - INFO -   (skipped Medicine: 9 patients, < 100)
2026-05-24 16:18:10,397 - src.data.split - INFO -   (skipped Neuro Intermediate: 3035 patients, < 100)
2026-05-24 16:18:10,399 - src.data.split - INFO -   (skipped Neuro Stepdown: 784 patients, < 100)
2026-05-24 16:18:10,401 - src.data.split - INFO -   (skipped PACU: 43 patients, < 100)
2026-05-24 16:18:10,403 - src.data.split - INFO -   (skipped Surgery/Trauma: 2 patients, < 100)
2026-05-24 16:18:10,406 - src.data.split - INFO -   (skipped Surgery/Vascular/Intermediate: 60 patients, < 100)
2026-05-24 16:18:10,406 - src.data.split - INFO - 
✓ Federated learning ready: 7 clients
2026-05-24 16:18:10,418 - src.training.federated - INFO - FederatedTrainer initialized:
2026-05-24 16:18:10,418 - src.training.federated - INFO -   Clients: 7
2026-05-24 16:18:10,418 - src.training.federated - INFO -   Training samples: 41742
2026-05-24 16:18:10,418 - src.training.federated - INFO -   Validation samples: 9791
2026-05-24 16:18:10,418 - src.training.federated - INFO -   Test samples: 9791
2026-05-24 16:18:10,418 - src.training.federated - INFO -   Features: 31
2026-05-24 16:18:10,418 - src.training.federated - INFO -   Rounds: 3
2026-05-24 16:18:10,418 - src.training.federated - INFO -   Strategy: FEDAVG
2026-05-24 16:18:10,418 - src.training.federated - INFO -   Privacy: Disabled
2026-05-24 16:18:10,418 - root - INFO - 
======================================================================
2026-05-24 16:18:10,418 - root - INFO - Differential Privacy Mechanism Initialized: GaussianDP
2026-05-24 16:18:10,418 - root - INFO - ======================================================================
2026-05-24 16:18:10,418 - root - INFO -   Privacy Budget (ε):     16.0000
2026-05-24 16:18:10,418 - root - INFO -   Failure Probability (δ): 0.000001
2026-05-24 16:18:10,418 - root - INFO -   Clipping Norm (C):      1.0000
2026-05-24 16:18:10,418 - root - INFO -   Noise Scale (σ):        0.3285
2026-05-24 16:18:10,418 - root - INFO - ======================================================================

2026-05-24 16:18:10,418 - root - INFO - Round 1/3 - mode server
2026-05-24 16:18:10,530 - root - INFO - Privatizing coefficients: max_abs=0.9097510566414493, mean=0.011651664054072877
2026-05-24 16:18:10,530 - root - INFO - add_noise: grad_norm=1.0000, noise_norm=1.8332, sigma=0.3285, epsilon_per_round=16.0000
2026-05-24 16:18:10,530 - root - INFO - DP Round 1: clipping_ratio=0.4996, grad_norm_before=2.0018, grad_norm_after=1.0000, noise_norm=1.8332, epsilon_total=16.0000
2026-05-24 16:18:10,530 - root - INFO - Post-privatization coefficients: max_abs=0.8625510368607097, mean=-0.020566055534400385, noise_norm=1.8331858273334871
2026-05-24 16:18:10,530 - root - INFO - add_noise: grad_norm=1.0000, noise_norm=0.1303, sigma=0.3285, epsilon_per_round=16.0000
2026-05-24 16:18:10,530 - root - INFO - DP Round 2: clipping_ratio=0.3587, grad_norm_before=2.7875, grad_norm_after=1.0000, noise_norm=0.1303, epsilon_total=32.0000
2026-05-24 16:18:10,535 - __main__ - INFO - Round 1 Validation AUROC: 0.4592
2026-05-24 16:18:10,535 - root - INFO - Round 2/3 - mode server
2026-05-24 16:18:10,663 - root - INFO - Privatizing coefficients: max_abs=0.9097510566414493, mean=0.011651664054072877
2026-05-24 16:18:10,663 - root - INFO - add_noise: grad_norm=1.0000, noise_norm=1.5622, sigma=0.3285, epsilon_per_round=16.0000
2026-05-24 16:18:10,663 - root - INFO - DP Round 3: clipping_ratio=0.4996, grad_norm_before=2.0018, grad_norm_after=1.0000, noise_norm=1.5622, epsilon_total=48.0000
2026-05-24 16:18:10,663 - root - INFO - Post-privatization coefficients: max_abs=0.8346226152817136, mean=0.0524176737437386, noise_norm=1.562237297117755
2026-05-24 16:18:10,663 - root - INFO - add_noise: grad_norm=1.0000, noise_norm=0.0979, sigma=0.3285, epsilon_per_round=16.0000
2026-05-24 16:18:10,663 - root - INFO - DP Round 4: clipping_ratio=0.3587, grad_norm_before=2.7875, grad_norm_after=1.0000, noise_norm=0.0979, epsilon_total=64.0000
2026-05-24 16:18:10,668 - __main__ - INFO - Round 2 Validation AUROC: 0.7761
2026-05-24 16:18:10,668 - root - INFO - Round 3/3 - mode server
2026-05-24 16:18:10,789 - root - INFO - Privatizing coefficients: max_abs=0.9097510566414493, mean=0.011651664054072877
2026-05-24 16:18:10,789 - root - INFO - add_noise: grad_norm=1.0000, noise_norm=1.6003, sigma=0.3285, epsilon_per_round=16.0000
2026-05-24 16:18:10,789 - root - INFO - DP Round 5: clipping_ratio=0.4996, grad_norm_before=2.0018, grad_norm_after=1.0000, noise_norm=1.6003, epsilon_total=80.0000
2026-05-24 16:18:10,789 - root - INFO - Post-privatization coefficients: max_abs=0.8942775168530905, mean=0.05871449662216896, noise_norm=1.6002516093153407
2026-05-24 16:18:10,789 - root - INFO - add_noise: grad_norm=1.0000, noise_norm=0.0254, sigma=0.3285, epsilon_per_round=16.0000
2026-05-24 16:18:10,789 - root - INFO - DP Round 6: clipping_ratio=0.3587, grad_norm_before=2.7875, grad_norm_after=1.0000, noise_norm=0.0254, epsilon_total=96.0000
2026-05-24 16:18:10,795 - __main__ - INFO - Round 3 Validation AUROC: 0.5976
2026-05-24 16:18:10,800 - __main__ - INFO - Final Test AUROC: 0.6007
2026-05-24 16:18:10,801 - __main__ - INFO - Completed server eps=16 seed=1 -> test_auc=0.6007
2026-05-24 16:18:10,801 - __main__ - INFO - Starting prototype run: mode=server, eps=16, C=1.0, rounds=3, seed=2
2026-05-24 16:18:10,801 - src.data.loader - INFO - Loading cohort from cache: /home/raiyanjiyon/Projects/federated-healthcare-ml/data/cache/mimic_iv_cohort.csv
2026-05-24 16:18:10,956 - src.data.loader - WARNING - Missing features: {'admission_type_emergency'}
2026-05-24 16:18:10,964 - src.data.loader - INFO - Dataset: 65273 patients, 31 features
2026-05-24 16:18:10,964 - src.data.loader - INFO - Target distribution: [58207  7066]
2026-05-24 16:18:10,968 - src.data.split - INFO - ✓ Medical Intensive Care Unit (MICU): 8791 patients, 1410 deaths (16.0%)
2026-05-24 16:18:10,972 - src.data.split - INFO - ✓ Surgical Intensive Care Unit (SICU): 6372 patients, 754 deaths (11.8%)
2026-05-24 16:18:10,976 - src.data.split - INFO - ✓ Medical/Surgical Intensive Care Unit (MICU/SICU): 6983 patients, 957 deaths (13.7%)
2026-05-24 16:18:10,980 - src.data.split - INFO - ✓ Cardiac Vascular Intensive Care Unit (CVICU): 8118 patients, 265 deaths (3.3%)
2026-05-24 16:18:10,983 - src.data.split - INFO - ✓ Coronary Care Unit (CCU): 5113 patients, 643 deaths (12.6%)
2026-05-24 16:18:10,987 - src.data.split - INFO - ✓ Trauma SICU (TSICU): 5458 patients, 569 deaths (10.4%)
2026-05-24 16:18:10,990 - src.data.split - INFO - ✓ Neuro Surgical Intensive Care Unit (Neuro SICU): 907 patients, 256 deaths (28.2%)
2026-05-24 16:18:10,995 - src.data.split - INFO -   (skipped Intensive Care Unit (ICU): 16 patients, < 100)
2026-05-24 16:18:10,997 - src.data.split - INFO -   (skipped Medicine: 9 patients, < 100)
2026-05-24 16:18:10,999 - src.data.split - INFO -   (skipped Neuro Intermediate: 3035 patients, < 100)
2026-05-24 16:18:11,001 - src.data.split - INFO -   (skipped Neuro Stepdown: 784 patients, < 100)
2026-05-24 16:18:11,003 - src.data.split - INFO -   (skipped PACU: 43 patients, < 100)
2026-05-24 16:18:11,006 - src.data.split - INFO -   (skipped Surgery/Trauma: 2 patients, < 100)
2026-05-24 16:18:11,008 - src.data.split - INFO -   (skipped Surgery/Vascular/Intermediate: 60 patients, < 100)
2026-05-24 16:18:11,008 - src.data.split - INFO - 
✓ Federated learning ready: 7 clients
2026-05-24 16:18:11,020 - src.training.federated - INFO - FederatedTrainer initialized:
2026-05-24 16:18:11,020 - src.training.federated - INFO -   Clients: 7
2026-05-24 16:18:11,020 - src.training.federated - INFO -   Training samples: 41742
2026-05-24 16:18:11,020 - src.training.federated - INFO -   Validation samples: 9791
2026-05-24 16:18:11,020 - src.training.federated - INFO -   Test samples: 9791
2026-05-24 16:18:11,020 - src.training.federated - INFO -   Features: 31
2026-05-24 16:18:11,020 - src.training.federated - INFO -   Rounds: 3
2026-05-24 16:18:11,020 - src.training.federated - INFO -   Strategy: FEDAVG
2026-05-24 16:18:11,020 - src.training.federated - INFO -   Privacy: Disabled
2026-05-24 16:18:11,020 - root - INFO - 
======================================================================
2026-05-24 16:18:11,020 - root - INFO - Differential Privacy Mechanism Initialized: GaussianDP
2026-05-24 16:18:11,020 - root - INFO - ======================================================================
2026-05-24 16:18:11,020 - root - INFO -   Privacy Budget (ε):     16.0000
2026-05-24 16:18:11,020 - root - INFO -   Failure Probability (δ): 0.000001
2026-05-24 16:18:11,020 - root - INFO -   Clipping Norm (C):      1.0000
2026-05-24 16:18:11,020 - root - INFO -   Noise Scale (σ):        0.3285
2026-05-24 16:18:11,020 - root - INFO - ======================================================================

2026-05-24 16:18:11,020 - root - INFO - Round 1/3 - mode server
2026-05-24 16:18:11,143 - root - INFO - Privatizing coefficients: max_abs=0.9097510566414493, mean=0.011651664054072877
2026-05-24 16:18:11,143 - root - INFO - add_noise: grad_norm=1.0000, noise_norm=1.8127, sigma=0.3285, epsilon_per_round=16.0000
2026-05-24 16:18:11,143 - root - INFO - DP Round 1: clipping_ratio=0.4996, grad_norm_before=2.0018, grad_norm_after=1.0000, noise_norm=1.8127, epsilon_total=16.0000
2026-05-24 16:18:11,143 - root - INFO - Post-privatization coefficients: max_abs=1.0114200112751328, mean=-0.10224631043880002, noise_norm=1.8126984923315772
2026-05-24 16:18:11,143 - root - INFO - add_noise: grad_norm=1.0000, noise_norm=0.7331, sigma=0.3285, epsilon_per_round=16.0000
2026-05-24 16:18:11,143 - root - INFO - DP Round 2: clipping_ratio=0.3587, grad_norm_before=2.7875, grad_norm_after=1.0000, noise_norm=0.7331, epsilon_total=32.0000
2026-05-24 16:18:11,149 - __main__ - INFO - Round 1 Validation AUROC: 0.7600
2026-05-24 16:18:11,149 - root - INFO - Round 2/3 - mode server
2026-05-24 16:18:11,266 - root - INFO - Privatizing coefficients: max_abs=0.9097510566414493, mean=0.011651664054072877
2026-05-24 16:18:11,266 - root - INFO - add_noise: grad_norm=1.0000, noise_norm=1.7126, sigma=0.3285, epsilon_per_round=16.0000
2026-05-24 16:18:11,266 - root - INFO - DP Round 3: clipping_ratio=0.4996, grad_norm_before=2.0018, grad_norm_after=1.0000, noise_norm=1.7126, epsilon_total=48.0000
2026-05-24 16:18:11,266 - root - INFO - Post-privatization coefficients: max_abs=0.8416521928825433, mean=0.011114762103484058, noise_norm=1.7126271490225764
2026-05-24 16:18:11,266 - root - INFO - add_noise: grad_norm=1.0000, noise_norm=0.1071, sigma=0.3285, epsilon_per_round=16.0000
2026-05-24 16:18:11,266 - root - INFO - DP Round 4: clipping_ratio=0.3587, grad_norm_before=2.7875, grad_norm_after=1.0000, noise_norm=0.1071, epsilon_total=64.0000
2026-05-24 16:18:11,271 - __main__ - INFO - Round 2 Validation AUROC: 0.6523
2026-05-24 16:18:11,271 - root - INFO - Round 3/3 - mode server
2026-05-24 16:18:11,387 - root - INFO - Privatizing coefficients: max_abs=0.9097510566414493, mean=0.011651664054072877
2026-05-24 16:18:11,387 - root - INFO - add_noise: grad_norm=1.0000, noise_norm=2.0191, sigma=0.3285, epsilon_per_round=16.0000
2026-05-24 16:18:11,388 - root - INFO - DP Round 5: clipping_ratio=0.4996, grad_norm_before=2.0018, grad_norm_after=1.0000, noise_norm=2.0191, epsilon_total=80.0000
2026-05-24 16:18:11,388 - root - INFO - Post-privatization coefficients: max_abs=0.7678613032208008, mean=-0.028813207191377015, noise_norm=2.019125802441793
2026-05-24 16:18:11,388 - root - INFO - add_noise: grad_norm=1.0000, noise_norm=0.3419, sigma=0.3285, epsilon_per_round=16.0000
2026-05-24 16:18:11,388 - root - INFO - DP Round 6: clipping_ratio=0.3587, grad_norm_before=2.7875, grad_norm_after=1.0000, noise_norm=0.3419, epsilon_total=96.0000
2026-05-24 16:18:11,394 - __main__ - INFO - Round 3 Validation AUROC: 0.5865
2026-05-24 16:18:11,399 - __main__ - INFO - Final Test AUROC: 0.6038
2026-05-24 16:18:11,400 - __main__ - INFO - Completed server eps=16 seed=2 -> test_auc=0.6038
2026-05-24 16:18:11,400 - __main__ - INFO - Starting prototype run: mode=server, eps=16, C=1.0, rounds=3, seed=3
2026-05-24 16:18:11,400 - src.data.loader - INFO - Loading cohort from cache: /home/raiyanjiyon/Projects/federated-healthcare-ml/data/cache/mimic_iv_cohort.csv
2026-05-24 16:18:11,554 - src.data.loader - WARNING - Missing features: {'admission_type_emergency'}
2026-05-24 16:18:11,561 - src.data.loader - INFO - Dataset: 65273 patients, 31 features
2026-05-24 16:18:11,562 - src.data.loader - INFO - Target distribution: [58207  7066]
2026-05-24 16:18:11,566 - src.data.split - INFO - ✓ Medical Intensive Care Unit (MICU): 8791 patients, 1410 deaths (16.0%)
2026-05-24 16:18:11,569 - src.data.split - INFO - ✓ Surgical Intensive Care Unit (SICU): 6372 patients, 754 deaths (11.8%)
2026-05-24 16:18:11,573 - src.data.split - INFO - ✓ Medical/Surgical Intensive Care Unit (MICU/SICU): 6983 patients, 957 deaths (13.7%)
2026-05-24 16:18:11,577 - src.data.split - INFO - ✓ Cardiac Vascular Intensive Care Unit (CVICU): 8118 patients, 265 deaths (3.3%)
2026-05-24 16:18:11,581 - src.data.split - INFO - ✓ Coronary Care Unit (CCU): 5113 patients, 643 deaths (12.6%)
2026-05-24 16:18:11,585 - src.data.split - INFO - ✓ Trauma SICU (TSICU): 5458 patients, 569 deaths (10.4%)
2026-05-24 16:18:11,587 - src.data.split - INFO - ✓ Neuro Surgical Intensive Care Unit (Neuro SICU): 907 patients, 256 deaths (28.2%)
2026-05-24 16:18:11,592 - src.data.split - INFO -   (skipped Intensive Care Unit (ICU): 16 patients, < 100)
2026-05-24 16:18:11,594 - src.data.split - INFO -   (skipped Medicine: 9 patients, < 100)
2026-05-24 16:18:11,596 - src.data.split - INFO -   (skipped Neuro Intermediate: 3035 patients, < 100)
2026-05-24 16:18:11,598 - src.data.split - INFO -   (skipped Neuro Stepdown: 784 patients, < 100)
2026-05-24 16:18:11,601 - src.data.split - INFO -   (skipped PACU: 43 patients, < 100)
2026-05-24 16:18:11,603 - src.data.split - INFO -   (skipped Surgery/Trauma: 2 patients, < 100)
2026-05-24 16:18:11,605 - src.data.split - INFO -   (skipped Surgery/Vascular/Intermediate: 60 patients, < 100)
2026-05-24 16:18:11,605 - src.data.split - INFO - 
✓ Federated learning ready: 7 clients
2026-05-24 16:18:11,618 - src.training.federated - INFO - FederatedTrainer initialized:
2026-05-24 16:18:11,618 - src.training.federated - INFO -   Clients: 7
2026-05-24 16:18:11,618 - src.training.federated - INFO -   Training samples: 41742
2026-05-24 16:18:11,618 - src.training.federated - INFO -   Validation samples: 9791
2026-05-24 16:18:11,618 - src.training.federated - INFO -   Test samples: 9791
2026-05-24 16:18:11,618 - src.training.federated - INFO -   Features: 31
2026-05-24 16:18:11,618 - src.training.federated - INFO -   Rounds: 3
2026-05-24 16:18:11,618 - src.training.federated - INFO -   Strategy: FEDAVG
2026-05-24 16:18:11,618 - src.training.federated - INFO -   Privacy: Disabled
2026-05-24 16:18:11,618 - root - INFO - 
======================================================================
2026-05-24 16:18:11,618 - root - INFO - Differential Privacy Mechanism Initialized: GaussianDP
2026-05-24 16:18:11,618 - root - INFO - ======================================================================
2026-05-24 16:18:11,618 - root - INFO -   Privacy Budget (ε):     16.0000
2026-05-24 16:18:11,618 - root - INFO -   Failure Probability (δ): 0.000001
2026-05-24 16:18:11,618 - root - INFO -   Clipping Norm (C):      1.0000
2026-05-24 16:18:11,618 - root - INFO -   Noise Scale (σ):        0.3285
2026-05-24 16:18:11,618 - root - INFO - ======================================================================

2026-05-24 16:18:11,618 - root - INFO - Round 1/3 - mode server
2026-05-24 16:18:11,739 - root - INFO - Privatizing coefficients: max_abs=0.9097510566414493, mean=0.011651664054072877
2026-05-24 16:18:11,740 - root - INFO - add_noise: grad_norm=1.0000, noise_norm=1.6697, sigma=0.3285, epsilon_per_round=16.0000
2026-05-24 16:18:11,740 - root - INFO - DP Round 1: clipping_ratio=0.4996, grad_norm_before=2.0018, grad_norm_after=1.0000, noise_norm=1.6697, epsilon_total=16.0000
2026-05-24 16:18:11,740 - root - INFO - Post-privatization coefficients: max_abs=0.885539385250558, mean=-0.02599401012719846, noise_norm=1.6696612360212388
2026-05-24 16:18:11,740 - root - INFO - add_noise: grad_norm=1.0000, noise_norm=0.6492, sigma=0.3285, epsilon_per_round=16.0000
2026-05-24 16:18:11,740 - root - INFO - DP Round 2: clipping_ratio=0.3587, grad_norm_before=2.7875, grad_norm_after=1.0000, noise_norm=0.6492, epsilon_total=32.0000
2026-05-24 16:18:11,746 - __main__ - INFO - Round 1 Validation AUROC: 0.6167
2026-05-24 16:18:11,746 - root - INFO - Round 2/3 - mode server
2026-05-24 16:18:11,869 - root - INFO - Privatizing coefficients: max_abs=0.9097510566414493, mean=0.011651664054072877
2026-05-24 16:18:11,869 - root - INFO - add_noise: grad_norm=1.0000, noise_norm=2.1607, sigma=0.3285, epsilon_per_round=16.0000
2026-05-24 16:18:11,869 - root - INFO - DP Round 3: clipping_ratio=0.4996, grad_norm_before=2.0018, grad_norm_after=1.0000, noise_norm=2.1607, epsilon_total=48.0000
2026-05-24 16:18:11,869 - root - INFO - Post-privatization coefficients: max_abs=0.7257137410587653, mean=-0.10604557936261914, noise_norm=2.1606984938033404
2026-05-24 16:18:11,870 - root - INFO - add_noise: grad_norm=1.0000, noise_norm=0.5830, sigma=0.3285, epsilon_per_round=16.0000
2026-05-24 16:18:11,870 - root - INFO - DP Round 4: clipping_ratio=0.3587, grad_norm_before=2.7875, grad_norm_after=1.0000, noise_norm=0.5830, epsilon_total=64.0000
2026-05-24 16:18:11,876 - __main__ - INFO - Round 2 Validation AUROC: 0.4591
2026-05-24 16:18:11,876 - root - INFO - Round 3/3 - mode server
2026-05-24 16:18:11,997 - root - INFO - Privatizing coefficients: max_abs=0.9097510566414493, mean=0.011651664054072877
2026-05-24 16:18:11,997 - root - INFO - add_noise: grad_norm=1.0000, noise_norm=1.8671, sigma=0.3285, epsilon_per_round=16.0000
2026-05-24 16:18:11,997 - root - INFO - DP Round 5: clipping_ratio=0.4996, grad_norm_before=2.0018, grad_norm_after=1.0000, noise_norm=1.8671, epsilon_total=80.0000
2026-05-24 16:18:11,997 - root - INFO - Post-privatization coefficients: max_abs=0.9579149354500328, mean=-0.02204091293027251, noise_norm=1.8671045159424422
2026-05-24 16:18:11,997 - root - INFO - add_noise: grad_norm=1.0000, noise_norm=0.0360, sigma=0.3285, epsilon_per_round=16.0000
2026-05-24 16:18:11,997 - root - INFO - DP Round 6: clipping_ratio=0.3587, grad_norm_before=2.7875, grad_norm_after=1.0000, noise_norm=0.0360, epsilon_total=96.0000
2026-05-24 16:18:12,002 - __main__ - INFO - Round 3 Validation AUROC: 0.7406
2026-05-24 16:18:12,009 - __main__ - INFO - Final Test AUROC: 0.7514
2026-05-24 16:18:12,010 - __main__ - INFO - Completed server eps=16 seed=3 -> test_auc=0.7514
2026-05-24 16:18:12,010 - __main__ - INFO - Starting prototype run: mode=per_sample_approx, eps=8, C=1.0, rounds=3, seed=1
2026-05-24 16:18:12,010 - src.data.loader - INFO - Loading cohort from cache: /home/raiyanjiyon/Projects/federated-healthcare-ml/data/cache/mimic_iv_cohort.csv
2026-05-24 16:18:12,165 - src.data.loader - WARNING - Missing features: {'admission_type_emergency'}
2026-05-24 16:18:12,172 - src.data.loader - INFO - Dataset: 65273 patients, 31 features
2026-05-24 16:18:12,173 - src.data.loader - INFO - Target distribution: [58207  7066]
2026-05-24 16:18:12,177 - src.data.split - INFO - ✓ Medical Intensive Care Unit (MICU): 8791 patients, 1410 deaths (16.0%)
2026-05-24 16:18:12,180 - src.data.split - INFO - ✓ Surgical Intensive Care Unit (SICU): 6372 patients, 754 deaths (11.8%)
2026-05-24 16:18:12,184 - src.data.split - INFO - ✓ Medical/Surgical Intensive Care Unit (MICU/SICU): 6983 patients, 957 deaths (13.7%)
2026-05-24 16:18:12,188 - src.data.split - INFO - ✓ Cardiac Vascular Intensive Care Unit (CVICU): 8118 patients, 265 deaths (3.3%)
2026-05-24 16:18:12,191 - src.data.split - INFO - ✓ Coronary Care Unit (CCU): 5113 patients, 643 deaths (12.6%)
2026-05-24 16:18:12,195 - src.data.split - INFO - ✓ Trauma SICU (TSICU): 5458 patients, 569 deaths (10.4%)
2026-05-24 16:18:12,198 - src.data.split - INFO - ✓ Neuro Surgical Intensive Care Unit (Neuro SICU): 907 patients, 256 deaths (28.2%)
2026-05-24 16:18:12,202 - src.data.split - INFO -   (skipped Intensive Care Unit (ICU): 16 patients, < 100)
2026-05-24 16:18:12,204 - src.data.split - INFO -   (skipped Medicine: 9 patients, < 100)
2026-05-24 16:18:12,206 - src.data.split - INFO -   (skipped Neuro Intermediate: 3035 patients, < 100)
2026-05-24 16:18:12,209 - src.data.split - INFO -   (skipped Neuro Stepdown: 784 patients, < 100)
2026-05-24 16:18:12,211 - src.data.split - INFO -   (skipped PACU: 43 patients, < 100)
2026-05-24 16:18:12,213 - src.data.split - INFO -   (skipped Surgery/Trauma: 2 patients, < 100)
2026-05-24 16:18:12,215 - src.data.split - INFO -   (skipped Surgery/Vascular/Intermediate: 60 patients, < 100)
2026-05-24 16:18:12,215 - src.data.split - INFO - 
✓ Federated learning ready: 7 clients
2026-05-24 16:18:12,227 - src.training.federated - INFO - FederatedTrainer initialized:
2026-05-24 16:18:12,227 - src.training.federated - INFO -   Clients: 7
2026-05-24 16:18:12,227 - src.training.federated - INFO -   Training samples: 41742
2026-05-24 16:18:12,227 - src.training.federated - INFO -   Validation samples: 9791
2026-05-24 16:18:12,227 - src.training.federated - INFO -   Test samples: 9791
2026-05-24 16:18:12,227 - src.training.federated - INFO -   Features: 31
2026-05-24 16:18:12,227 - src.training.federated - INFO -   Rounds: 3
2026-05-24 16:18:12,228 - src.training.federated - INFO -   Strategy: FEDAVG
2026-05-24 16:18:12,228 - src.training.federated - INFO -   Privacy: Disabled
2026-05-24 16:18:12,228 - root - INFO - 
======================================================================
2026-05-24 16:18:12,228 - root - INFO - Differential Privacy Mechanism Initialized: GaussianDP
2026-05-24 16:18:12,228 - root - INFO - ======================================================================
2026-05-24 16:18:12,228 - root - INFO -   Privacy Budget (ε):     8.0000
2026-05-24 16:18:12,228 - root - INFO -   Failure Probability (δ): 0.000001
2026-05-24 16:18:12,228 - root - INFO -   Clipping Norm (C):      1.0000
2026-05-24 16:18:12,228 - root - INFO -   Noise Scale (σ):        0.6571
2026-05-24 16:18:12,228 - root - INFO - ======================================================================

2026-05-24 16:18:12,228 - root - INFO - Round 1/3 - mode per_sample_approx
2026-05-24 16:18:12,245 - root - INFO - 
======================================================================
2026-05-24 16:18:12,245 - root - INFO - Differential Privacy Mechanism Initialized: GaussianDP
2026-05-24 16:18:12,246 - root - INFO - ======================================================================
2026-05-24 16:18:12,246 - root - INFO -   Privacy Budget (ε):     8.0000
2026-05-24 16:18:12,246 - root - INFO -   Failure Probability (δ): 0.000001
2026-05-24 16:18:12,246 - root - INFO -   Clipping Norm (C):      0.0111
2026-05-24 16:18:12,246 - root - INFO -   Noise Scale (σ):        0.0073
2026-05-24 16:18:12,246 - root - INFO - ======================================================================

2026-05-24 16:18:12,246 - root - INFO - add_noise: grad_norm=0.0111, noise_norm=0.0407, sigma=0.0073, epsilon_per_round=8.0000
2026-05-24 16:18:12,246 - root - INFO - DP Round 1: clipping_ratio=0.0043, grad_norm_before=2.5904, grad_norm_after=0.0111, noise_norm=0.0407, epsilon_total=8.0000
2026-05-24 16:18:12,246 - root - INFO - add_noise: grad_norm=0.0111, noise_norm=0.0029, sigma=0.0073, epsilon_per_round=8.0000
2026-05-24 16:18:12,246 - root - INFO - DP Round 2: clipping_ratio=0.0031, grad_norm_before=3.5588, grad_norm_after=0.0111, noise_norm=0.0029, epsilon_total=16.0000
2026-05-24 16:18:12,259 - root - INFO - 
======================================================================
2026-05-24 16:18:12,259 - root - INFO - Differential Privacy Mechanism Initialized: GaussianDP
2026-05-24 16:18:12,260 - root - INFO - ======================================================================
2026-05-24 16:18:12,260 - root - INFO -   Privacy Budget (ε):     8.0000
2026-05-24 16:18:12,260 - root - INFO -   Failure Probability (δ): 0.000001
2026-05-24 16:18:12,260 - root - INFO -   Clipping Norm (C):      0.0140
2026-05-24 16:18:12,260 - root - INFO -   Noise Scale (σ):        0.0092
2026-05-24 16:18:12,260 - root - INFO - ======================================================================

2026-05-24 16:18:12,260 - root - INFO - add_noise: grad_norm=0.0140, noise_norm=0.0437, sigma=0.0092, epsilon_per_round=8.0000
2026-05-24 16:18:12,260 - root - INFO - DP Round 1: clipping_ratio=0.0056, grad_norm_before=2.4938, grad_norm_after=0.0140, noise_norm=0.0437, epsilon_total=8.0000
2026-05-24 16:18:12,260 - root - INFO - add_noise: grad_norm=0.0140, noise_norm=0.0027, sigma=0.0092, epsilon_per_round=8.0000
2026-05-24 16:18:12,260 - root - INFO - DP Round 2: clipping_ratio=0.0048, grad_norm_before=2.8958, grad_norm_after=0.0140, noise_norm=0.0027, epsilon_total=16.0000
2026-05-24 16:18:12,283 - root - INFO - 
======================================================================
2026-05-24 16:18:12,284 - root - INFO - Differential Privacy Mechanism Initialized: GaussianDP
2026-05-24 16:18:12,284 - root - INFO - ======================================================================
2026-05-24 16:18:12,284 - root - INFO -   Privacy Budget (ε):     8.0000
2026-05-24 16:18:12,284 - root - INFO -   Failure Probability (δ): 0.000001
2026-05-24 16:18:12,284 - root - INFO -   Clipping Norm (C):      0.0107
2026-05-24 16:18:12,284 - root - INFO -   Noise Scale (σ):        0.0070
2026-05-24 16:18:12,284 - root - INFO - ======================================================================

2026-05-24 16:18:12,284 - root - INFO - add_noise: grad_norm=0.0107, noise_norm=0.0341, sigma=0.0070, epsilon_per_round=8.0000
2026-05-24 16:18:12,284 - root - INFO - DP Round 1: clipping_ratio=0.0058, grad_norm_before=1.8491, grad_norm_after=0.0107, noise_norm=0.0341, epsilon_total=8.0000
2026-05-24 16:18:12,284 - root - INFO - add_noise: grad_norm=0.0107, noise_norm=0.0005, sigma=0.0070, epsilon_per_round=8.0000
2026-05-24 16:18:12,284 - root - INFO - DP Round 2: clipping_ratio=0.0045, grad_norm_before=2.3548, grad_norm_after=0.0107, noise_norm=0.0005, epsilon_total=16.0000
2026-05-24 16:18:12,309 - root - INFO - 
======================================================================
2026-05-24 16:18:12,309 - root - INFO - Differential Privacy Mechanism Initialized: GaussianDP
2026-05-24 16:18:12,309 - root - INFO - ======================================================================
2026-05-24 16:18:12,309 - root - INFO -   Privacy Budget (ε):     8.0000
2026-05-24 16:18:12,309 - root - INFO -   Failure Probability (δ): 0.000001
2026-05-24 16:18:12,309 - root - INFO -   Clipping Norm (C):      0.0120
2026-05-24 16:18:12,310 - root - INFO -   Noise Scale (σ):        0.0079
2026-05-24 16:18:12,310 - root - INFO - ======================================================================

2026-05-24 16:18:12,310 - root - INFO - add_noise: grad_norm=0.0120, noise_norm=0.0423, sigma=0.0079, epsilon_per_round=8.0000
2026-05-24 16:18:12,310 - root - INFO - DP Round 1: clipping_ratio=0.0047, grad_norm_before=2.5337, grad_norm_after=0.0120, noise_norm=0.0423, epsilon_total=8.0000
2026-05-24 16:18:12,310 - root - INFO - add_noise: grad_norm=0.0120, noise_norm=0.0027, sigma=0.0079, epsilon_per_round=8.0000
2026-05-24 16:18:12,310 - root - INFO - DP Round 2: clipping_ratio=0.0045, grad_norm_before=2.6518, grad_norm_after=0.0120, noise_norm=0.0027, epsilon_total=16.0000
2026-05-24 16:18:12,317 - root - INFO - 
======================================================================
2026-05-24 16:18:12,317 - root - INFO - Differential Privacy Mechanism Initialized: GaussianDP
2026-05-24 16:18:12,317 - root - INFO - ======================================================================
2026-05-24 16:18:12,317 - root - INFO -   Privacy Budget (ε):     8.0000
2026-05-24 16:18:12,317 - root - INFO -   Failure Probability (δ): 0.000001
2026-05-24 16:18:12,317 - root - INFO -   Clipping Norm (C):      0.0332
2026-05-24 16:18:12,317 - root - INFO -   Noise Scale (σ):        0.0218
2026-05-24 16:18:12,317 - root - INFO - ======================================================================

2026-05-24 16:18:12,317 - root - INFO - add_noise: grad_norm=0.0332, noise_norm=0.1031, sigma=0.0218, epsilon_per_round=8.0000
2026-05-24 16:18:12,317 - root - INFO - DP Round 1: clipping_ratio=0.0103, grad_norm_before=3.2300, grad_norm_after=0.0332, noise_norm=0.1031, epsilon_total=8.0000
2026-05-24 16:18:12,318 - root - INFO - add_noise: grad_norm=0.0332, noise_norm=0.0245, sigma=0.0218, epsilon_per_round=8.0000
2026-05-24 16:18:12,318 - root - INFO - DP Round 2: clipping_ratio=0.0236, grad_norm_before=1.4097, grad_norm_after=0.0332, noise_norm=0.0245, epsilon_total=16.0000
2026-05-24 16:18:12,336 - root - INFO - 
======================================================================
2026-05-24 16:18:12,336 - root - INFO - Differential Privacy Mechanism Initialized: GaussianDP
2026-05-24 16:18:12,336 - root - INFO - ======================================================================
2026-05-24 16:18:12,336 - root - INFO -   Privacy Budget (ε):     8.0000
2026-05-24 16:18:12,336 - root - INFO -   Failure Probability (δ): 0.000001
2026-05-24 16:18:12,336 - root - INFO -   Clipping Norm (C):      0.0125
2026-05-24 16:18:12,336 - root - INFO -   Noise Scale (σ):        0.0082
2026-05-24 16:18:12,336 - root - INFO - ======================================================================

2026-05-24 16:18:12,336 - root - INFO - add_noise: grad_norm=0.0125, noise_norm=0.0429, sigma=0.0082, epsilon_per_round=8.0000
2026-05-24 16:18:12,336 - root - INFO - DP Round 1: clipping_ratio=0.0042, grad_norm_before=2.9842, grad_norm_after=0.0125, noise_norm=0.0429, epsilon_total=8.0000
2026-05-24 16:18:12,336 - root - INFO - add_noise: grad_norm=0.0125, noise_norm=0.0030, sigma=0.0082, epsilon_per_round=8.0000
2026-05-24 16:18:12,336 - root - INFO - DP Round 2: clipping_ratio=0.0048, grad_norm_before=2.5900, grad_norm_after=0.0125, noise_norm=0.0030, epsilon_total=16.0000
2026-05-24 16:18:12,352 - root - INFO - 
======================================================================
2026-05-24 16:18:12,352 - root - INFO - Differential Privacy Mechanism Initialized: GaussianDP
2026-05-24 16:18:12,352 - root - INFO - ======================================================================
2026-05-24 16:18:12,352 - root - INFO -   Privacy Budget (ε):     8.0000
2026-05-24 16:18:12,352 - root - INFO -   Failure Probability (δ): 0.000001
2026-05-24 16:18:12,352 - root - INFO -   Clipping Norm (C):      0.0135
2026-05-24 16:18:12,352 - root - INFO -   Noise Scale (σ):        0.0089
2026-05-24 16:18:12,352 - root - INFO - ======================================================================

2026-05-24 16:18:12,352 - root - INFO - add_noise: grad_norm=0.0135, noise_norm=0.0579, sigma=0.0089, epsilon_per_round=8.0000
2026-05-24 16:18:12,352 - root - INFO - DP Round 1: clipping_ratio=0.0055, grad_norm_before=2.4832, grad_norm_after=0.0135, noise_norm=0.0579, epsilon_total=8.0000
2026-05-24 16:18:12,352 - root - INFO - add_noise: grad_norm=0.0135, noise_norm=0.0010, sigma=0.0089, epsilon_per_round=8.0000
2026-05-24 16:18:12,352 - root - INFO - DP Round 2: clipping_ratio=0.0047, grad_norm_before=2.8690, grad_norm_after=0.0135, noise_norm=0.0010, epsilon_total=16.0000
2026-05-24 16:18:12,358 - __main__ - INFO - Round 1 Validation AUROC: 0.7943
2026-05-24 16:18:12,358 - root - INFO - Round 2/3 - mode per_sample_approx
2026-05-24 16:18:12,379 - root - INFO - 
======================================================================
2026-05-24 16:18:12,379 - root - INFO - Differential Privacy Mechanism Initialized: GaussianDP
2026-05-24 16:18:12,379 - root - INFO - ======================================================================
2026-05-24 16:18:12,379 - root - INFO -   Privacy Budget (ε):     8.0000
2026-05-24 16:18:12,379 - root - INFO -   Failure Probability (δ): 0.000001
2026-05-24 16:18:12,379 - root - INFO -   Clipping Norm (C):      0.0111
2026-05-24 16:18:12,379 - root - INFO -   Noise Scale (σ):        0.0073
2026-05-24 16:18:12,379 - root - INFO - ======================================================================

2026-05-24 16:18:12,379 - root - INFO - add_noise: grad_norm=0.0111, noise_norm=0.0461, sigma=0.0073, epsilon_per_round=8.0000
2026-05-24 16:18:12,379 - root - INFO - DP Round 1: clipping_ratio=0.0043, grad_norm_before=2.5904, grad_norm_after=0.0111, noise_norm=0.0461, epsilon_total=8.0000
2026-05-24 16:18:12,379 - root - INFO - add_noise: grad_norm=0.0111, noise_norm=0.0076, sigma=0.0073, epsilon_per_round=8.0000
2026-05-24 16:18:12,379 - root - INFO - DP Round 2: clipping_ratio=0.0031, grad_norm_before=3.5588, grad_norm_after=0.0111, noise_norm=0.0076, epsilon_total=16.0000
2026-05-24 16:18:12,393 - root - INFO - 
======================================================================
2026-05-24 16:18:12,393 - root - INFO - Differential Privacy Mechanism Initialized: GaussianDP
2026-05-24 16:18:12,393 - root - INFO - ======================================================================
2026-05-24 16:18:12,393 - root - INFO -   Privacy Budget (ε):     8.0000
2026-05-24 16:18:12,394 - root - INFO -   Failure Probability (δ): 0.000001
2026-05-24 16:18:12,394 - root - INFO -   Clipping Norm (C):      0.0140
2026-05-24 16:18:12,394 - root - INFO -   Noise Scale (σ):        0.0092
2026-05-24 16:18:12,394 - root - INFO - ======================================================================

2026-05-24 16:18:12,394 - root - INFO - add_noise: grad_norm=0.0140, noise_norm=0.0448, sigma=0.0092, epsilon_per_round=8.0000
2026-05-24 16:18:12,394 - root - INFO - DP Round 1: clipping_ratio=0.0056, grad_norm_before=2.4938, grad_norm_after=0.0140, noise_norm=0.0448, epsilon_total=8.0000
2026-05-24 16:18:12,394 - root - INFO - add_noise: grad_norm=0.0140, noise_norm=0.0016, sigma=0.0092, epsilon_per_round=8.0000
2026-05-24 16:18:12,394 - root - INFO - DP Round 2: clipping_ratio=0.0048, grad_norm_before=2.8958, grad_norm_after=0.0140, noise_norm=0.0016, epsilon_total=16.0000
2026-05-24 16:18:12,421 - root - INFO - 
======================================================================
2026-05-24 16:18:12,421 - root - INFO - Differential Privacy Mechanism Initialized: GaussianDP
2026-05-24 16:18:12,421 - root - INFO - ======================================================================
2026-05-24 16:18:12,421 - root - INFO -   Privacy Budget (ε):     8.0000
2026-05-24 16:18:12,421 - root - INFO -   Failure Probability (δ): 0.000001
2026-05-24 16:18:12,421 - root - INFO -   Clipping Norm (C):      0.0107
2026-05-24 16:18:12,421 - root - INFO -   Noise Scale (σ):        0.0070
2026-05-24 16:18:12,422 - root - INFO - ======================================================================

2026-05-24 16:18:12,422 - root - INFO - add_noise: grad_norm=0.0107, noise_norm=0.0387, sigma=0.0070, epsilon_per_round=8.0000
2026-05-24 16:18:12,422 - root - INFO - DP Round 1: clipping_ratio=0.0058, grad_norm_before=1.8491, grad_norm_after=0.0107, noise_norm=0.0387, epsilon_total=8.0000
2026-05-24 16:18:12,422 - root - INFO - add_noise: grad_norm=0.0107, noise_norm=0.0061, sigma=0.0070, epsilon_per_round=8.0000
2026-05-24 16:18:12,422 - root - INFO - DP Round 2: clipping_ratio=0.0045, grad_norm_before=2.3548, grad_norm_after=0.0107, noise_norm=0.0061, epsilon_total=16.0000
2026-05-24 16:18:12,448 - root - INFO - 
======================================================================
2026-05-24 16:18:12,448 - root - INFO - Differential Privacy Mechanism Initialized: GaussianDP
2026-05-24 16:18:12,448 - root - INFO - ======================================================================
2026-05-24 16:18:12,448 - root - INFO -   Privacy Budget (ε):     8.0000
2026-05-24 16:18:12,448 - root - INFO -   Failure Probability (δ): 0.000001
2026-05-24 16:18:12,448 - root - INFO -   Clipping Norm (C):      0.0120
2026-05-24 16:18:12,448 - root - INFO -   Noise Scale (σ):        0.0079
2026-05-24 16:18:12,448 - root - INFO - ======================================================================

2026-05-24 16:18:12,448 - root - INFO - add_noise: grad_norm=0.0120, noise_norm=0.0461, sigma=0.0079, epsilon_per_round=8.0000
2026-05-24 16:18:12,448 - root - INFO - DP Round 1: clipping_ratio=0.0047, grad_norm_before=2.5337, grad_norm_after=0.0120, noise_norm=0.0461, epsilon_total=8.0000
2026-05-24 16:18:12,448 - root - INFO - add_noise: grad_norm=0.0120, noise_norm=0.0072, sigma=0.0079, epsilon_per_round=8.0000
2026-05-24 16:18:12,448 - root - INFO - DP Round 2: clipping_ratio=0.0045, grad_norm_before=2.6518, grad_norm_after=0.0120, noise_norm=0.0072, epsilon_total=16.0000
2026-05-24 16:18:12,455 - root - INFO - 
======================================================================
2026-05-24 16:18:12,455 - root - INFO - Differential Privacy Mechanism Initialized: GaussianDP
2026-05-24 16:18:12,455 - root - INFO - ======================================================================
2026-05-24 16:18:12,455 - root - INFO -   Privacy Budget (ε):     8.0000
2026-05-24 16:18:12,455 - root - INFO -   Failure Probability (δ): 0.000001
2026-05-24 16:18:12,455 - root - INFO -   Clipping Norm (C):      0.0332
2026-05-24 16:18:12,455 - root - INFO -   Noise Scale (σ):        0.0218
2026-05-24 16:18:12,455 - root - INFO - ======================================================================

2026-05-24 16:18:12,455 - root - INFO - add_noise: grad_norm=0.0332, noise_norm=0.1253, sigma=0.0218, epsilon_per_round=8.0000
2026-05-24 16:18:12,455 - root - INFO - DP Round 1: clipping_ratio=0.0103, grad_norm_before=3.2300, grad_norm_after=0.0332, noise_norm=0.1253, epsilon_total=8.0000
2026-05-24 16:18:12,455 - root - INFO - add_noise: grad_norm=0.0332, noise_norm=0.0098, sigma=0.0218, epsilon_per_round=8.0000
2026-05-24 16:18:12,455 - root - INFO - DP Round 2: clipping_ratio=0.0236, grad_norm_before=1.4097, grad_norm_after=0.0332, noise_norm=0.0098, epsilon_total=16.0000
2026-05-24 16:18:12,475 - root - INFO - 
======================================================================
2026-05-24 16:18:12,475 - root - INFO - Differential Privacy Mechanism Initialized: GaussianDP
2026-05-24 16:18:12,475 - root - INFO - ======================================================================
2026-05-24 16:18:12,475 - root - INFO -   Privacy Budget (ε):     8.0000
2026-05-24 16:18:12,475 - root - INFO -   Failure Probability (δ): 0.000001
2026-05-24 16:18:12,475 - root - INFO -   Clipping Norm (C):      0.0125
2026-05-24 16:18:12,475 - root - INFO -   Noise Scale (σ):        0.0082
2026-05-24 16:18:12,475 - root - INFO - ======================================================================

2026-05-24 16:18:12,475 - root - INFO - add_noise: grad_norm=0.0125, noise_norm=0.0528, sigma=0.0082, epsilon_per_round=8.0000
2026-05-24 16:18:12,475 - root - INFO - DP Round 1: clipping_ratio=0.0042, grad_norm_before=2.9842, grad_norm_after=0.0125, noise_norm=0.0528, epsilon_total=8.0000
2026-05-24 16:18:12,475 - root - INFO - add_noise: grad_norm=0.0125, noise_norm=0.0146, sigma=0.0082, epsilon_per_round=8.0000
2026-05-24 16:18:12,475 - root - INFO - DP Round 2: clipping_ratio=0.0048, grad_norm_before=2.5900, grad_norm_after=0.0125, noise_norm=0.0146, epsilon_total=16.0000
2026-05-24 16:18:12,491 - root - INFO - 
======================================================================
2026-05-24 16:18:12,491 - root - INFO - Differential Privacy Mechanism Initialized: GaussianDP
2026-05-24 16:18:12,491 - root - INFO - ======================================================================
2026-05-24 16:18:12,491 - root - INFO -   Privacy Budget (ε):     8.0000
2026-05-24 16:18:12,491 - root - INFO -   Failure Probability (δ): 0.000001
2026-05-24 16:18:12,491 - root - INFO -   Clipping Norm (C):      0.0135
2026-05-24 16:18:12,491 - root - INFO -   Noise Scale (σ):        0.0089
2026-05-24 16:18:12,491 - root - INFO - ======================================================================

2026-05-24 16:18:12,491 - root - INFO - add_noise: grad_norm=0.0135, noise_norm=0.0499, sigma=0.0089, epsilon_per_round=8.0000
2026-05-24 16:18:12,491 - root - INFO - DP Round 1: clipping_ratio=0.0055, grad_norm_before=2.4832, grad_norm_after=0.0135, noise_norm=0.0499, epsilon_total=8.0000
2026-05-24 16:18:12,491 - root - INFO - add_noise: grad_norm=0.0135, noise_norm=0.0089, sigma=0.0089, epsilon_per_round=8.0000
2026-05-24 16:18:12,491 - root - INFO - DP Round 2: clipping_ratio=0.0047, grad_norm_before=2.8690, grad_norm_after=0.0135, noise_norm=0.0089, epsilon_total=16.0000
2026-05-24 16:18:12,497 - __main__ - INFO - Round 2 Validation AUROC: 0.6288
2026-05-24 16:18:12,498 - root - INFO - Round 3/3 - mode per_sample_approx
2026-05-24 16:18:12,518 - root - INFO - 
======================================================================
2026-05-24 16:18:12,518 - root - INFO - Differential Privacy Mechanism Initialized: GaussianDP
2026-05-24 16:18:12,518 - root - INFO - ======================================================================
2026-05-24 16:18:12,518 - root - INFO -   Privacy Budget (ε):     8.0000
2026-05-24 16:18:12,518 - root - INFO -   Failure Probability (δ): 0.000001
2026-05-24 16:18:12,518 - root - INFO -   Clipping Norm (C):      0.0111
2026-05-24 16:18:12,518 - root - INFO -   Noise Scale (σ):        0.0073
2026-05-24 16:18:12,518 - root - INFO - ======================================================================

2026-05-24 16:18:12,519 - root - INFO - add_noise: grad_norm=0.0111, noise_norm=0.0373, sigma=0.0073, epsilon_per_round=8.0000
2026-05-24 16:18:12,519 - root - INFO - DP Round 1: clipping_ratio=0.0043, grad_norm_before=2.5904, grad_norm_after=0.0111, noise_norm=0.0373, epsilon_total=8.0000
2026-05-24 16:18:12,519 - root - INFO - add_noise: grad_norm=0.0111, noise_norm=0.0051, sigma=0.0073, epsilon_per_round=8.0000
2026-05-24 16:18:12,519 - root - INFO - DP Round 2: clipping_ratio=0.0031, grad_norm_before=3.5588, grad_norm_after=0.0111, noise_norm=0.0051, epsilon_total=16.0000
2026-05-24 16:18:12,534 - root - INFO - 
======================================================================
2026-05-24 16:18:12,534 - root - INFO - Differential Privacy Mechanism Initialized: GaussianDP
2026-05-24 16:18:12,534 - root - INFO - ======================================================================
2026-05-24 16:18:12,534 - root - INFO -   Privacy Budget (ε):     8.0000
2026-05-24 16:18:12,534 - root - INFO -   Failure Probability (δ): 0.000001
2026-05-24 16:18:12,534 - root - INFO -   Clipping Norm (C):      0.0140
2026-05-24 16:18:12,534 - root - INFO -   Noise Scale (σ):        0.0092
2026-05-24 16:18:12,534 - root - INFO - ======================================================================

2026-05-24 16:18:12,534 - root - INFO - add_noise: grad_norm=0.0140, noise_norm=0.0499, sigma=0.0092, epsilon_per_round=8.0000
2026-05-24 16:18:12,534 - root - INFO - DP Round 1: clipping_ratio=0.0056, grad_norm_before=2.4938, grad_norm_after=0.0140, noise_norm=0.0499, epsilon_total=8.0000
2026-05-24 16:18:12,534 - root - INFO - add_noise: grad_norm=0.0140, noise_norm=0.0018, sigma=0.0092, epsilon_per_round=8.0000
2026-05-24 16:18:12,535 - root - INFO - DP Round 2: clipping_ratio=0.0048, grad_norm_before=2.8958, grad_norm_after=0.0140, noise_norm=0.0018, epsilon_total=16.0000
2026-05-24 16:18:12,561 - root - INFO - 
======================================================================
2026-05-24 16:18:12,561 - root - INFO - Differential Privacy Mechanism Initialized: GaussianDP
2026-05-24 16:18:12,561 - root - INFO - ======================================================================
2026-05-24 16:18:12,561 - root - INFO -   Privacy Budget (ε):     8.0000
2026-05-24 16:18:12,561 - root - INFO -   Failure Probability (δ): 0.000001
2026-05-24 16:18:12,561 - root - INFO -   Clipping Norm (C):      0.0107
2026-05-24 16:18:12,561 - root - INFO -   Noise Scale (σ):        0.0070
2026-05-24 16:18:12,561 - root - INFO - ======================================================================

2026-05-24 16:18:12,561 - root - INFO - add_noise: grad_norm=0.0107, noise_norm=0.0363, sigma=0.0070, epsilon_per_round=8.0000
2026-05-24 16:18:12,561 - root - INFO - DP Round 1: clipping_ratio=0.0058, grad_norm_before=1.8491, grad_norm_after=0.0107, noise_norm=0.0363, epsilon_total=8.0000
2026-05-24 16:18:12,561 - root - INFO - add_noise: grad_norm=0.0107, noise_norm=0.0071, sigma=0.0070, epsilon_per_round=8.0000
2026-05-24 16:18:12,561 - root - INFO - DP Round 2: clipping_ratio=0.0045, grad_norm_before=2.3548, grad_norm_after=0.0107, noise_norm=0.0071, epsilon_total=16.0000
2026-05-24 16:18:12,586 - root - INFO - 
======================================================================
2026-05-24 16:18:12,586 - root - INFO - Differential Privacy Mechanism Initialized: GaussianDP
2026-05-24 16:18:12,586 - root - INFO - ======================================================================
2026-05-24 16:18:12,586 - root - INFO -   Privacy Budget (ε):     8.0000
2026-05-24 16:18:12,586 - root - INFO -   Failure Probability (δ): 0.000001
2026-05-24 16:18:12,586 - root - INFO -   Clipping Norm (C):      0.0120
2026-05-24 16:18:12,586 - root - INFO -   Noise Scale (σ):        0.0079
2026-05-24 16:18:12,586 - root - INFO - ======================================================================

2026-05-24 16:18:12,586 - root - INFO - add_noise: grad_norm=0.0120, noise_norm=0.0557, sigma=0.0079, epsilon_per_round=8.0000
2026-05-24 16:18:12,586 - root - INFO - DP Round 1: clipping_ratio=0.0047, grad_norm_before=2.5337, grad_norm_after=0.0120, noise_norm=0.0557, epsilon_total=8.0000
2026-05-24 16:18:12,586 - root - INFO - add_noise: grad_norm=0.0120, noise_norm=0.0040, sigma=0.0079, epsilon_per_round=8.0000
2026-05-24 16:18:12,586 - root - INFO - DP Round 2: clipping_ratio=0.0045, grad_norm_before=2.6518, grad_norm_after=0.0120, noise_norm=0.0040, epsilon_total=16.0000
2026-05-24 16:18:12,595 - root - INFO - 
======================================================================
2026-05-24 16:18:12,595 - root - INFO - Differential Privacy Mechanism Initialized: GaussianDP
2026-05-24 16:18:12,595 - root - INFO - ======================================================================
2026-05-24 16:18:12,595 - root - INFO -   Privacy Budget (ε):     8.0000
2026-05-24 16:18:12,595 - root - INFO -   Failure Probability (δ): 0.000001
2026-05-24 16:18:12,595 - root - INFO -   Clipping Norm (C):      0.0332
2026-05-24 16:18:12,595 - root - INFO -   Noise Scale (σ):        0.0218
2026-05-24 16:18:12,595 - root - INFO - ======================================================================

2026-05-24 16:18:12,595 - root - INFO - add_noise: grad_norm=0.0332, noise_norm=0.1183, sigma=0.0218, epsilon_per_round=8.0000
2026-05-24 16:18:12,595 - root - INFO - DP Round 1: clipping_ratio=0.0103, grad_norm_before=3.2300, grad_norm_after=0.0332, noise_norm=0.1183, epsilon_total=8.0000
2026-05-24 16:18:12,595 - root - INFO - add_noise: grad_norm=0.0332, noise_norm=0.0015, sigma=0.0218, epsilon_per_round=8.0000
2026-05-24 16:18:12,595 - root - INFO - DP Round 2: clipping_ratio=0.0236, grad_norm_before=1.4097, grad_norm_after=0.0332, noise_norm=0.0015, epsilon_total=16.0000
2026-05-24 16:18:12,614 - root - INFO - 
======================================================================
2026-05-24 16:18:12,614 - root - INFO - Differential Privacy Mechanism Initialized: GaussianDP
2026-05-24 16:18:12,614 - root - INFO - ======================================================================
2026-05-24 16:18:12,614 - root - INFO -   Privacy Budget (ε):     8.0000
2026-05-24 16:18:12,614 - root - INFO -   Failure Probability (δ): 0.000001
2026-05-24 16:18:12,614 - root - INFO -   Clipping Norm (C):      0.0125
2026-05-24 16:18:12,614 - root - INFO -   Noise Scale (σ):        0.0082
2026-05-24 16:18:12,614 - root - INFO - ======================================================================

2026-05-24 16:18:12,614 - root - INFO - add_noise: grad_norm=0.0125, noise_norm=0.0428, sigma=0.0082, epsilon_per_round=8.0000
2026-05-24 16:18:12,614 - root - INFO - DP Round 1: clipping_ratio=0.0042, grad_norm_before=2.9842, grad_norm_after=0.0125, noise_norm=0.0428, epsilon_total=8.0000
2026-05-24 16:18:12,614 - root - INFO - add_noise: grad_norm=0.0125, noise_norm=0.0034, sigma=0.0082, epsilon_per_round=8.0000
2026-05-24 16:18:12,614 - root - INFO - DP Round 2: clipping_ratio=0.0048, grad_norm_before=2.5900, grad_norm_after=0.0125, noise_norm=0.0034, epsilon_total=16.0000
2026-05-24 16:18:12,631 - root - INFO - 
======================================================================
2026-05-24 16:18:12,631 - root - INFO - Differential Privacy Mechanism Initialized: GaussianDP
2026-05-24 16:18:12,631 - root - INFO - ======================================================================
2026-05-24 16:18:12,631 - root - INFO -   Privacy Budget (ε):     8.0000
2026-05-24 16:18:12,631 - root - INFO -   Failure Probability (δ): 0.000001
2026-05-24 16:18:12,631 - root - INFO -   Clipping Norm (C):      0.0135
2026-05-24 16:18:12,631 - root - INFO -   Noise Scale (σ):        0.0089
2026-05-24 16:18:12,631 - root - INFO - ======================================================================

2026-05-24 16:18:12,631 - root - INFO - add_noise: grad_norm=0.0135, noise_norm=0.0541, sigma=0.0089, epsilon_per_round=8.0000
2026-05-24 16:18:12,631 - root - INFO - DP Round 1: clipping_ratio=0.0055, grad_norm_before=2.4832, grad_norm_after=0.0135, noise_norm=0.0541, epsilon_total=8.0000
2026-05-24 16:18:12,631 - root - INFO - add_noise: grad_norm=0.0135, noise_norm=0.0008, sigma=0.0089, epsilon_per_round=8.0000
2026-05-24 16:18:12,631 - root - INFO - DP Round 2: clipping_ratio=0.0047, grad_norm_before=2.8690, grad_norm_after=0.0135, noise_norm=0.0008, epsilon_total=16.0000
2026-05-24 16:18:12,636 - __main__ - INFO - Round 3 Validation AUROC: 0.7228
2026-05-24 16:18:12,642 - __main__ - INFO - Final Test AUROC: 0.7312
2026-05-24 16:18:12,643 - __main__ - INFO - Completed per_sample_approx eps=8 seed=1 -> test_auc=0.7312
2026-05-24 16:18:12,644 - __main__ - INFO - Starting prototype run: mode=per_sample_approx, eps=8, C=1.0, rounds=3, seed=2
2026-05-24 16:18:12,644 - src.data.loader - INFO - Loading cohort from cache: /home/raiyanjiyon/Projects/federated-healthcare-ml/data/cache/mimic_iv_cohort.csv
2026-05-24 16:18:12,802 - src.data.loader - WARNING - Missing features: {'admission_type_emergency'}
2026-05-24 16:18:12,809 - src.data.loader - INFO - Dataset: 65273 patients, 31 features
2026-05-24 16:18:12,810 - src.data.loader - INFO - Target distribution: [58207  7066]
2026-05-24 16:18:12,814 - src.data.split - INFO - ✓ Medical Intensive Care Unit (MICU): 8791 patients, 1410 deaths (16.0%)
2026-05-24 16:18:12,818 - src.data.split - INFO - ✓ Surgical Intensive Care Unit (SICU): 6372 patients, 754 deaths (11.8%)
2026-05-24 16:18:12,822 - src.data.split - INFO - ✓ Medical/Surgical Intensive Care Unit (MICU/SICU): 6983 patients, 957 deaths (13.7%)
2026-05-24 16:18:12,826 - src.data.split - INFO - ✓ Cardiac Vascular Intensive Care Unit (CVICU): 8118 patients, 265 deaths (3.3%)
2026-05-24 16:18:12,830 - src.data.split - INFO - ✓ Coronary Care Unit (CCU): 5113 patients, 643 deaths (12.6%)
2026-05-24 16:18:12,833 - src.data.split - INFO - ✓ Trauma SICU (TSICU): 5458 patients, 569 deaths (10.4%)
2026-05-24 16:18:12,836 - src.data.split - INFO - ✓ Neuro Surgical Intensive Care Unit (Neuro SICU): 907 patients, 256 deaths (28.2%)
2026-05-24 16:18:12,841 - src.data.split - INFO -   (skipped Intensive Care Unit (ICU): 16 patients, < 100)
2026-05-24 16:18:12,843 - src.data.split - INFO -   (skipped Medicine: 9 patients, < 100)
2026-05-24 16:18:12,845 - src.data.split - INFO -   (skipped Neuro Intermediate: 3035 patients, < 100)
2026-05-24 16:18:12,847 - src.data.split - INFO -   (skipped Neuro Stepdown: 784 patients, < 100)
2026-05-24 16:18:12,849 - src.data.split - INFO -   (skipped PACU: 43 patients, < 100)
2026-05-24 16:18:12,852 - src.data.split - INFO -   (skipped Surgery/Trauma: 2 patients, < 100)
2026-05-24 16:18:12,854 - src.data.split - INFO -   (skipped Surgery/Vascular/Intermediate: 60 patients, < 100)
2026-05-24 16:18:12,854 - src.data.split - INFO - 
✓ Federated learning ready: 7 clients
2026-05-24 16:18:12,867 - src.training.federated - INFO - FederatedTrainer initialized:
2026-05-24 16:18:12,867 - src.training.federated - INFO -   Clients: 7
2026-05-24 16:18:12,867 - src.training.federated - INFO -   Training samples: 41742
2026-05-24 16:18:12,867 - src.training.federated - INFO -   Validation samples: 9791
2026-05-24 16:18:12,867 - src.training.federated - INFO -   Test samples: 9791
2026-05-24 16:18:12,867 - src.training.federated - INFO -   Features: 31
2026-05-24 16:18:12,867 - src.training.federated - INFO -   Rounds: 3
2026-05-24 16:18:12,867 - src.training.federated - INFO -   Strategy: FEDAVG
2026-05-24 16:18:12,867 - src.training.federated - INFO -   Privacy: Disabled
2026-05-24 16:18:12,867 - root - INFO - 
======================================================================
2026-05-24 16:18:12,867 - root - INFO - Differential Privacy Mechanism Initialized: GaussianDP
2026-05-24 16:18:12,867 - root - INFO - ======================================================================
2026-05-24 16:18:12,867 - root - INFO -   Privacy Budget (ε):     8.0000
2026-05-24 16:18:12,867 - root - INFO -   Failure Probability (δ): 0.000001
2026-05-24 16:18:12,867 - root - INFO -   Clipping Norm (C):      1.0000
2026-05-24 16:18:12,867 - root - INFO -   Noise Scale (σ):        0.6571
2026-05-24 16:18:12,867 - root - INFO - ======================================================================

2026-05-24 16:18:12,867 - root - INFO - Round 1/3 - mode per_sample_approx
2026-05-24 16:18:12,887 - root - INFO - 
======================================================================
2026-05-24 16:18:12,887 - root - INFO - Differential Privacy Mechanism Initialized: GaussianDP
2026-05-24 16:18:12,887 - root - INFO - ======================================================================
2026-05-24 16:18:12,887 - root - INFO -   Privacy Budget (ε):     8.0000
2026-05-24 16:18:12,887 - root - INFO -   Failure Probability (δ): 0.000001
2026-05-24 16:18:12,887 - root - INFO -   Clipping Norm (C):      0.0111
2026-05-24 16:18:12,887 - root - INFO -   Noise Scale (σ):        0.0073
2026-05-24 16:18:12,887 - root - INFO - ======================================================================

2026-05-24 16:18:12,887 - root - INFO - add_noise: grad_norm=0.0111, noise_norm=0.0402, sigma=0.0073, epsilon_per_round=8.0000
2026-05-24 16:18:12,888 - root - INFO - DP Round 1: clipping_ratio=0.0043, grad_norm_before=2.5904, grad_norm_after=0.0111, noise_norm=0.0402, epsilon_total=8.0000
2026-05-24 16:18:12,888 - root - INFO - add_noise: grad_norm=0.0111, noise_norm=0.0163, sigma=0.0073, epsilon_per_round=8.0000
2026-05-24 16:18:12,888 - root - INFO - DP Round 2: clipping_ratio=0.0031, grad_norm_before=3.5588, grad_norm_after=0.0111, noise_norm=0.0163, epsilon_total=16.0000
2026-05-24 16:18:12,903 - root - INFO - 
======================================================================
2026-05-24 16:18:12,903 - root - INFO - Differential Privacy Mechanism Initialized: GaussianDP
2026-05-24 16:18:12,903 - root - INFO - ======================================================================
2026-05-24 16:18:12,903 - root - INFO -   Privacy Budget (ε):     8.0000
2026-05-24 16:18:12,903 - root - INFO -   Failure Probability (δ): 0.000001
2026-05-24 16:18:12,903 - root - INFO -   Clipping Norm (C):      0.0140
2026-05-24 16:18:12,903 - root - INFO -   Noise Scale (σ):        0.0092
2026-05-24 16:18:12,903 - root - INFO - ======================================================================

2026-05-24 16:18:12,903 - root - INFO - add_noise: grad_norm=0.0140, noise_norm=0.0479, sigma=0.0092, epsilon_per_round=8.0000
2026-05-24 16:18:12,904 - root - INFO - DP Round 1: clipping_ratio=0.0056, grad_norm_before=2.4938, grad_norm_after=0.0140, noise_norm=0.0479, epsilon_total=8.0000
2026-05-24 16:18:12,904 - root - INFO - add_noise: grad_norm=0.0140, noise_norm=0.0030, sigma=0.0092, epsilon_per_round=8.0000
2026-05-24 16:18:12,904 - root - INFO - DP Round 2: clipping_ratio=0.0048, grad_norm_before=2.8958, grad_norm_after=0.0140, noise_norm=0.0030, epsilon_total=16.0000
2026-05-24 16:18:12,930 - root - INFO - 
======================================================================
2026-05-24 16:18:12,930 - root - INFO - Differential Privacy Mechanism Initialized: GaussianDP
2026-05-24 16:18:12,930 - root - INFO - ======================================================================
2026-05-24 16:18:12,930 - root - INFO -   Privacy Budget (ε):     8.0000
2026-05-24 16:18:12,930 - root - INFO -   Failure Probability (δ): 0.000001
2026-05-24 16:18:12,930 - root - INFO -   Clipping Norm (C):      0.0107
2026-05-24 16:18:12,930 - root - INFO -   Noise Scale (σ):        0.0070
2026-05-24 16:18:12,930 - root - INFO - ======================================================================

2026-05-24 16:18:12,930 - root - INFO - add_noise: grad_norm=0.0107, noise_norm=0.0431, sigma=0.0070, epsilon_per_round=8.0000
2026-05-24 16:18:12,930 - root - INFO - DP Round 1: clipping_ratio=0.0058, grad_norm_before=1.8491, grad_norm_after=0.0107, noise_norm=0.0431, epsilon_total=8.0000
2026-05-24 16:18:12,930 - root - INFO - add_noise: grad_norm=0.0107, noise_norm=0.0073, sigma=0.0070, epsilon_per_round=8.0000
2026-05-24 16:18:12,931 - root - INFO - DP Round 2: clipping_ratio=0.0045, grad_norm_before=2.3548, grad_norm_after=0.0107, noise_norm=0.0073, epsilon_total=16.0000
2026-05-24 16:18:12,958 - root - INFO - 
======================================================================
2026-05-24 16:18:12,959 - root - INFO - Differential Privacy Mechanism Initialized: GaussianDP
2026-05-24 16:18:12,959 - root - INFO - ======================================================================
2026-05-24 16:18:12,959 - root - INFO -   Privacy Budget (ε):     8.0000
2026-05-24 16:18:12,959 - root - INFO -   Failure Probability (δ): 0.000001
2026-05-24 16:18:12,959 - root - INFO -   Clipping Norm (C):      0.0120
2026-05-24 16:18:12,959 - root - INFO -   Noise Scale (σ):        0.0079
2026-05-24 16:18:12,959 - root - INFO - ======================================================================

2026-05-24 16:18:12,959 - root - INFO - add_noise: grad_norm=0.0120, noise_norm=0.0481, sigma=0.0079, epsilon_per_round=8.0000
2026-05-24 16:18:12,959 - root - INFO - DP Round 1: clipping_ratio=0.0047, grad_norm_before=2.5337, grad_norm_after=0.0120, noise_norm=0.0481, epsilon_total=8.0000
2026-05-24 16:18:12,959 - root - INFO - add_noise: grad_norm=0.0120, noise_norm=0.0078, sigma=0.0079, epsilon_per_round=8.0000
2026-05-24 16:18:12,959 - root - INFO - DP Round 2: clipping_ratio=0.0045, grad_norm_before=2.6518, grad_norm_after=0.0120, noise_norm=0.0078, epsilon_total=16.0000
2026-05-24 16:18:12,967 - root - INFO - 
======================================================================
2026-05-24 16:18:12,967 - root - INFO - Differential Privacy Mechanism Initialized: GaussianDP
2026-05-24 16:18:12,967 - root - INFO - ======================================================================
2026-05-24 16:18:12,967 - root - INFO -   Privacy Budget (ε):     8.0000
2026-05-24 16:18:12,967 - root - INFO -   Failure Probability (δ): 0.000001
2026-05-24 16:18:12,967 - root - INFO -   Clipping Norm (C):      0.0332
2026-05-24 16:18:12,967 - root - INFO -   Noise Scale (σ):        0.0218
2026-05-24 16:18:12,967 - root - INFO - ======================================================================

2026-05-24 16:18:12,967 - root - INFO - add_noise: grad_norm=0.0332, noise_norm=0.1461, sigma=0.0218, epsilon_per_round=8.0000
2026-05-24 16:18:12,967 - root - INFO - DP Round 1: clipping_ratio=0.0103, grad_norm_before=3.2300, grad_norm_after=0.0332, noise_norm=0.1461, epsilon_total=8.0000
2026-05-24 16:18:12,967 - root - INFO - add_noise: grad_norm=0.0332, noise_norm=0.0098, sigma=0.0218, epsilon_per_round=8.0000
2026-05-24 16:18:12,967 - root - INFO - DP Round 2: clipping_ratio=0.0236, grad_norm_before=1.4097, grad_norm_after=0.0332, noise_norm=0.0098, epsilon_total=16.0000
2026-05-24 16:18:12,987 - root - INFO - 
======================================================================
2026-05-24 16:18:12,987 - root - INFO - Differential Privacy Mechanism Initialized: GaussianDP
2026-05-24 16:18:12,987 - root - INFO - ======================================================================
2026-05-24 16:18:12,987 - root - INFO -   Privacy Budget (ε):     8.0000
2026-05-24 16:18:12,987 - root - INFO -   Failure Probability (δ): 0.000001
2026-05-24 16:18:12,987 - root - INFO -   Clipping Norm (C):      0.0125
2026-05-24 16:18:12,987 - root - INFO -   Noise Scale (σ):        0.0082
2026-05-24 16:18:12,987 - root - INFO - ======================================================================

2026-05-24 16:18:12,987 - root - INFO - add_noise: grad_norm=0.0125, noise_norm=0.0518, sigma=0.0082, epsilon_per_round=8.0000
2026-05-24 16:18:12,987 - root - INFO - DP Round 1: clipping_ratio=0.0042, grad_norm_before=2.9842, grad_norm_after=0.0125, noise_norm=0.0518, epsilon_total=8.0000
2026-05-24 16:18:12,987 - root - INFO - add_noise: grad_norm=0.0125, noise_norm=0.0062, sigma=0.0082, epsilon_per_round=8.0000
2026-05-24 16:18:12,987 - root - INFO - DP Round 2: clipping_ratio=0.0048, grad_norm_before=2.5900, grad_norm_after=0.0125, noise_norm=0.0062, epsilon_total=16.0000
2026-05-24 16:18:13,003 - root - INFO - 
======================================================================
2026-05-24 16:18:13,003 - root - INFO - Differential Privacy Mechanism Initialized: GaussianDP
2026-05-24 16:18:13,003 - root - INFO - ======================================================================
2026-05-24 16:18:13,003 - root - INFO -   Privacy Budget (ε):     8.0000
2026-05-24 16:18:13,003 - root - INFO -   Failure Probability (δ): 0.000001
2026-05-24 16:18:13,003 - root - INFO -   Clipping Norm (C):      0.0135
2026-05-24 16:18:13,003 - root - INFO -   Noise Scale (σ):        0.0089
2026-05-24 16:18:13,003 - root - INFO - ======================================================================

2026-05-24 16:18:13,003 - root - INFO - add_noise: grad_norm=0.0135, noise_norm=0.0471, sigma=0.0089, epsilon_per_round=8.0000
2026-05-24 16:18:13,004 - root - INFO - DP Round 1: clipping_ratio=0.0055, grad_norm_before=2.4832, grad_norm_after=0.0135, noise_norm=0.0471, epsilon_total=8.0000
2026-05-24 16:18:13,004 - root - INFO - add_noise: grad_norm=0.0135, noise_norm=0.0075, sigma=0.0089, epsilon_per_round=8.0000
2026-05-24 16:18:13,004 - root - INFO - DP Round 2: clipping_ratio=0.0047, grad_norm_before=2.8690, grad_norm_after=0.0135, noise_norm=0.0075, epsilon_total=16.0000
2026-05-24 16:18:13,010 - __main__ - INFO - Round 1 Validation AUROC: 0.7024
2026-05-24 16:18:13,010 - root - INFO - Round 2/3 - mode per_sample_approx
2026-05-24 16:18:13,032 - root - INFO - 
======================================================================
2026-05-24 16:18:13,032 - root - INFO - Differential Privacy Mechanism Initialized: GaussianDP
2026-05-24 16:18:13,032 - root - INFO - ======================================================================
2026-05-24 16:18:13,032 - root - INFO -   Privacy Budget (ε):     8.0000
2026-05-24 16:18:13,032 - root - INFO -   Failure Probability (δ): 0.000001
2026-05-24 16:18:13,032 - root - INFO -   Clipping Norm (C):      0.0111
2026-05-24 16:18:13,032 - root - INFO -   Noise Scale (σ):        0.0073
2026-05-24 16:18:13,032 - root - INFO - ======================================================================

2026-05-24 16:18:13,032 - root - INFO - add_noise: grad_norm=0.0111, noise_norm=0.0424, sigma=0.0073, epsilon_per_round=8.0000
2026-05-24 16:18:13,032 - root - INFO - DP Round 1: clipping_ratio=0.0043, grad_norm_before=2.5904, grad_norm_after=0.0111, noise_norm=0.0424, epsilon_total=8.0000
2026-05-24 16:18:13,032 - root - INFO - add_noise: grad_norm=0.0111, noise_norm=0.0004, sigma=0.0073, epsilon_per_round=8.0000
2026-05-24 16:18:13,032 - root - INFO - DP Round 2: clipping_ratio=0.0031, grad_norm_before=3.5588, grad_norm_after=0.0111, noise_norm=0.0004, epsilon_total=16.0000
2026-05-24 16:18:13,048 - root - INFO - 
======================================================================
2026-05-24 16:18:13,048 - root - INFO - Differential Privacy Mechanism Initialized: GaussianDP
2026-05-24 16:18:13,048 - root - INFO - ======================================================================
2026-05-24 16:18:13,048 - root - INFO -   Privacy Budget (ε):     8.0000
2026-05-24 16:18:13,048 - root - INFO -   Failure Probability (δ): 0.000001
2026-05-24 16:18:13,048 - root - INFO -   Clipping Norm (C):      0.0140
2026-05-24 16:18:13,048 - root - INFO -   Noise Scale (σ):        0.0092
2026-05-24 16:18:13,048 - root - INFO - ======================================================================

2026-05-24 16:18:13,049 - root - INFO - add_noise: grad_norm=0.0140, noise_norm=0.0483, sigma=0.0092, epsilon_per_round=8.0000
2026-05-24 16:18:13,049 - root - INFO - DP Round 1: clipping_ratio=0.0056, grad_norm_before=2.4938, grad_norm_after=0.0140, noise_norm=0.0483, epsilon_total=8.0000
2026-05-24 16:18:13,049 - root - INFO - add_noise: grad_norm=0.0140, noise_norm=0.0151, sigma=0.0092, epsilon_per_round=8.0000
2026-05-24 16:18:13,049 - root - INFO - DP Round 2: clipping_ratio=0.0048, grad_norm_before=2.8958, grad_norm_after=0.0140, noise_norm=0.0151, epsilon_total=16.0000
2026-05-24 16:18:13,073 - root - INFO - 
======================================================================
2026-05-24 16:18:13,073 - root - INFO - Differential Privacy Mechanism Initialized: GaussianDP
2026-05-24 16:18:13,073 - root - INFO - ======================================================================
2026-05-24 16:18:13,073 - root - INFO -   Privacy Budget (ε):     8.0000
2026-05-24 16:18:13,073 - root - INFO -   Failure Probability (δ): 0.000001
2026-05-24 16:18:13,073 - root - INFO -   Clipping Norm (C):      0.0107
2026-05-24 16:18:13,073 - root - INFO -   Noise Scale (σ):        0.0070
2026-05-24 16:18:13,073 - root - INFO - ======================================================================

2026-05-24 16:18:13,073 - root - INFO - add_noise: grad_norm=0.0107, noise_norm=0.0348, sigma=0.0070, epsilon_per_round=8.0000
2026-05-24 16:18:13,073 - root - INFO - DP Round 1: clipping_ratio=0.0058, grad_norm_before=1.8491, grad_norm_after=0.0107, noise_norm=0.0348, epsilon_total=8.0000
2026-05-24 16:18:13,073 - root - INFO - add_noise: grad_norm=0.0107, noise_norm=0.0102, sigma=0.0070, epsilon_per_round=8.0000
2026-05-24 16:18:13,073 - root - INFO - DP Round 2: clipping_ratio=0.0045, grad_norm_before=2.3548, grad_norm_after=0.0107, noise_norm=0.0102, epsilon_total=16.0000
2026-05-24 16:18:13,099 - root - INFO - 
======================================================================
2026-05-24 16:18:13,099 - root - INFO - Differential Privacy Mechanism Initialized: GaussianDP
2026-05-24 16:18:13,099 - root - INFO - ======================================================================
2026-05-24 16:18:13,099 - root - INFO -   Privacy Budget (ε):     8.0000
2026-05-24 16:18:13,099 - root - INFO -   Failure Probability (δ): 0.000001
2026-05-24 16:18:13,099 - root - INFO -   Clipping Norm (C):      0.0120
2026-05-24 16:18:13,099 - root - INFO -   Noise Scale (σ):        0.0079
2026-05-24 16:18:13,099 - root - INFO - ======================================================================

2026-05-24 16:18:13,099 - root - INFO - add_noise: grad_norm=0.0120, noise_norm=0.0462, sigma=0.0079, epsilon_per_round=8.0000
2026-05-24 16:18:13,099 - root - INFO - DP Round 1: clipping_ratio=0.0047, grad_norm_before=2.5337, grad_norm_after=0.0120, noise_norm=0.0462, epsilon_total=8.0000
2026-05-24 16:18:13,099 - root - INFO - add_noise: grad_norm=0.0120, noise_norm=0.0003, sigma=0.0079, epsilon_per_round=8.0000
2026-05-24 16:18:13,099 - root - INFO - DP Round 2: clipping_ratio=0.0045, grad_norm_before=2.6518, grad_norm_after=0.0120, noise_norm=0.0003, epsilon_total=16.0000
2026-05-24 16:18:13,108 - root - INFO - 
======================================================================
2026-05-24 16:18:13,108 - root - INFO - Differential Privacy Mechanism Initialized: GaussianDP
2026-05-24 16:18:13,108 - root - INFO - ======================================================================
2026-05-24 16:18:13,108 - root - INFO -   Privacy Budget (ε):     8.0000
2026-05-24 16:18:13,108 - root - INFO -   Failure Probability (δ): 0.000001
2026-05-24 16:18:13,108 - root - INFO -   Clipping Norm (C):      0.0332
2026-05-24 16:18:13,108 - root - INFO -   Noise Scale (σ):        0.0218
2026-05-24 16:18:13,108 - root - INFO - ======================================================================

2026-05-24 16:18:13,108 - root - INFO - add_noise: grad_norm=0.0332, noise_norm=0.1310, sigma=0.0218, epsilon_per_round=8.0000
2026-05-24 16:18:13,108 - root - INFO - DP Round 1: clipping_ratio=0.0103, grad_norm_before=3.2300, grad_norm_after=0.0332, noise_norm=0.1310, epsilon_total=8.0000
2026-05-24 16:18:13,108 - root - INFO - add_noise: grad_norm=0.0332, noise_norm=0.0025, sigma=0.0218, epsilon_per_round=8.0000
2026-05-24 16:18:13,108 - root - INFO - DP Round 2: clipping_ratio=0.0236, grad_norm_before=1.4097, grad_norm_after=0.0332, noise_norm=0.0025, epsilon_total=16.0000
2026-05-24 16:18:13,128 - root - INFO - 
======================================================================
2026-05-24 16:18:13,128 - root - INFO - Differential Privacy Mechanism Initialized: GaussianDP
2026-05-24 16:18:13,128 - root - INFO - ======================================================================
2026-05-24 16:18:13,128 - root - INFO -   Privacy Budget (ε):     8.0000
2026-05-24 16:18:13,128 - root - INFO -   Failure Probability (δ): 0.000001
2026-05-24 16:18:13,128 - root - INFO -   Clipping Norm (C):      0.0125
2026-05-24 16:18:13,128 - root - INFO -   Noise Scale (σ):        0.0082
2026-05-24 16:18:13,128 - root - INFO - ======================================================================

2026-05-24 16:18:13,128 - root - INFO - add_noise: grad_norm=0.0125, noise_norm=0.0487, sigma=0.0082, epsilon_per_round=8.0000
2026-05-24 16:18:13,128 - root - INFO - DP Round 1: clipping_ratio=0.0042, grad_norm_before=2.9842, grad_norm_after=0.0125, noise_norm=0.0487, epsilon_total=8.0000
2026-05-24 16:18:13,128 - root - INFO - add_noise: grad_norm=0.0125, noise_norm=0.0021, sigma=0.0082, epsilon_per_round=8.0000
2026-05-24 16:18:13,128 - root - INFO - DP Round 2: clipping_ratio=0.0048, grad_norm_before=2.5900, grad_norm_after=0.0125, noise_norm=0.0021, epsilon_total=16.0000
2026-05-24 16:18:13,144 - root - INFO - 
======================================================================
2026-05-24 16:18:13,144 - root - INFO - Differential Privacy Mechanism Initialized: GaussianDP
2026-05-24 16:18:13,144 - root - INFO - ======================================================================
2026-05-24 16:18:13,144 - root - INFO -   Privacy Budget (ε):     8.0000
2026-05-24 16:18:13,144 - root - INFO -   Failure Probability (δ): 0.000001
2026-05-24 16:18:13,144 - root - INFO -   Clipping Norm (C):      0.0135
2026-05-24 16:18:13,144 - root - INFO -   Noise Scale (σ):        0.0089
2026-05-24 16:18:13,145 - root - INFO - ======================================================================

2026-05-24 16:18:13,145 - root - INFO - add_noise: grad_norm=0.0135, noise_norm=0.0439, sigma=0.0089, epsilon_per_round=8.0000
2026-05-24 16:18:13,145 - root - INFO - DP Round 1: clipping_ratio=0.0055, grad_norm_before=2.4832, grad_norm_after=0.0135, noise_norm=0.0439, epsilon_total=8.0000
2026-05-24 16:18:13,145 - root - INFO - add_noise: grad_norm=0.0135, noise_norm=0.0096, sigma=0.0089, epsilon_per_round=8.0000
2026-05-24 16:18:13,145 - root - INFO - DP Round 2: clipping_ratio=0.0047, grad_norm_before=2.8690, grad_norm_after=0.0135, noise_norm=0.0096, epsilon_total=16.0000
2026-05-24 16:18:13,150 - __main__ - INFO - Round 2 Validation AUROC: 0.6867
2026-05-24 16:18:13,150 - root - INFO - Round 3/3 - mode per_sample_approx
2026-05-24 16:18:13,172 - root - INFO - 
======================================================================
2026-05-24 16:18:13,172 - root - INFO - Differential Privacy Mechanism Initialized: GaussianDP
2026-05-24 16:18:13,172 - root - INFO - ======================================================================
2026-05-24 16:18:13,172 - root - INFO -   Privacy Budget (ε):     8.0000
2026-05-24 16:18:13,172 - root - INFO -   Failure Probability (δ): 0.000001
2026-05-24 16:18:13,172 - root - INFO -   Clipping Norm (C):      0.0111
2026-05-24 16:18:13,172 - root - INFO -   Noise Scale (σ):        0.0073
2026-05-24 16:18:13,172 - root - INFO - ======================================================================

2026-05-24 16:18:13,173 - root - INFO - add_noise: grad_norm=0.0111, noise_norm=0.0420, sigma=0.0073, epsilon_per_round=8.0000
2026-05-24 16:18:13,173 - root - INFO - DP Round 1: clipping_ratio=0.0043, grad_norm_before=2.5904, grad_norm_after=0.0111, noise_norm=0.0420, epsilon_total=8.0000
2026-05-24 16:18:13,173 - root - INFO - add_noise: grad_norm=0.0111, noise_norm=0.0005, sigma=0.0073, epsilon_per_round=8.0000
2026-05-24 16:18:13,173 - root - INFO - DP Round 2: clipping_ratio=0.0031, grad_norm_before=3.5588, grad_norm_after=0.0111, noise_norm=0.0005, epsilon_total=16.0000
2026-05-24 16:18:13,187 - root - INFO - 
======================================================================
2026-05-24 16:18:13,187 - root - INFO - Differential Privacy Mechanism Initialized: GaussianDP
2026-05-24 16:18:13,187 - root - INFO - ======================================================================
2026-05-24 16:18:13,187 - root - INFO -   Privacy Budget (ε):     8.0000
2026-05-24 16:18:13,187 - root - INFO -   Failure Probability (δ): 0.000001
2026-05-24 16:18:13,187 - root - INFO -   Clipping Norm (C):      0.0140
2026-05-24 16:18:13,187 - root - INFO -   Noise Scale (σ):        0.0092
2026-05-24 16:18:13,187 - root - INFO - ======================================================================

2026-05-24 16:18:13,188 - root - INFO - add_noise: grad_norm=0.0140, noise_norm=0.0563, sigma=0.0092, epsilon_per_round=8.0000
2026-05-24 16:18:13,188 - root - INFO - DP Round 1: clipping_ratio=0.0056, grad_norm_before=2.4938, grad_norm_after=0.0140, noise_norm=0.0563, epsilon_total=8.0000
2026-05-24 16:18:13,188 - root - INFO - add_noise: grad_norm=0.0140, noise_norm=0.0076, sigma=0.0092, epsilon_per_round=8.0000
2026-05-24 16:18:13,188 - root - INFO - DP Round 2: clipping_ratio=0.0048, grad_norm_before=2.8958, grad_norm_after=0.0140, noise_norm=0.0076, epsilon_total=16.0000
2026-05-24 16:18:13,213 - root - INFO - 
======================================================================
2026-05-24 16:18:13,213 - root - INFO - Differential Privacy Mechanism Initialized: GaussianDP
2026-05-24 16:18:13,213 - root - INFO - ======================================================================
2026-05-24 16:18:13,213 - root - INFO -   Privacy Budget (ε):     8.0000
2026-05-24 16:18:13,213 - root - INFO -   Failure Probability (δ): 0.000001
2026-05-24 16:18:13,213 - root - INFO -   Clipping Norm (C):      0.0107
2026-05-24 16:18:13,213 - root - INFO -   Noise Scale (σ):        0.0070
2026-05-24 16:18:13,213 - root - INFO - ======================================================================

2026-05-24 16:18:13,214 - root - INFO - add_noise: grad_norm=0.0107, noise_norm=0.0477, sigma=0.0070, epsilon_per_round=8.0000
2026-05-24 16:18:13,214 - root - INFO - DP Round 1: clipping_ratio=0.0058, grad_norm_before=1.8491, grad_norm_after=0.0107, noise_norm=0.0477, epsilon_total=8.0000
2026-05-24 16:18:13,214 - root - INFO - add_noise: grad_norm=0.0107, noise_norm=0.0052, sigma=0.0070, epsilon_per_round=8.0000
2026-05-24 16:18:13,214 - root - INFO - DP Round 2: clipping_ratio=0.0045, grad_norm_before=2.3548, grad_norm_after=0.0107, noise_norm=0.0052, epsilon_total=16.0000
2026-05-24 16:18:13,238 - root - INFO - 
======================================================================
2026-05-24 16:18:13,238 - root - INFO - Differential Privacy Mechanism Initialized: GaussianDP
2026-05-24 16:18:13,238 - root - INFO - ======================================================================
2026-05-24 16:18:13,238 - root - INFO -   Privacy Budget (ε):     8.0000
2026-05-24 16:18:13,238 - root - INFO -   Failure Probability (δ): 0.000001
2026-05-24 16:18:13,238 - root - INFO -   Clipping Norm (C):      0.0120
2026-05-24 16:18:13,238 - root - INFO -   Noise Scale (σ):        0.0079
2026-05-24 16:18:13,238 - root - INFO - ======================================================================

2026-05-24 16:18:13,238 - root - INFO - add_noise: grad_norm=0.0120, noise_norm=0.0409, sigma=0.0079, epsilon_per_round=8.0000
2026-05-24 16:18:13,238 - root - INFO - DP Round 1: clipping_ratio=0.0047, grad_norm_before=2.5337, grad_norm_after=0.0120, noise_norm=0.0409, epsilon_total=8.0000
2026-05-24 16:18:13,238 - root - INFO - add_noise: grad_norm=0.0120, noise_norm=0.0034, sigma=0.0079, epsilon_per_round=8.0000
2026-05-24 16:18:13,238 - root - INFO - DP Round 2: clipping_ratio=0.0045, grad_norm_before=2.6518, grad_norm_after=0.0120, noise_norm=0.0034, epsilon_total=16.0000
2026-05-24 16:18:13,247 - root - INFO - 
======================================================================
2026-05-24 16:18:13,247 - root - INFO - Differential Privacy Mechanism Initialized: GaussianDP
2026-05-24 16:18:13,247 - root - INFO - ======================================================================
2026-05-24 16:18:13,247 - root - INFO -   Privacy Budget (ε):     8.0000
2026-05-24 16:18:13,247 - root - INFO -   Failure Probability (δ): 0.000001
2026-05-24 16:18:13,247 - root - INFO -   Clipping Norm (C):      0.0332
2026-05-24 16:18:13,247 - root - INFO -   Noise Scale (σ):        0.0218
2026-05-24 16:18:13,247 - root - INFO - ======================================================================

2026-05-24 16:18:13,247 - root - INFO - add_noise: grad_norm=0.0332, noise_norm=0.1142, sigma=0.0218, epsilon_per_round=8.0000
2026-05-24 16:18:13,247 - root - INFO - DP Round 1: clipping_ratio=0.0103, grad_norm_before=3.2300, grad_norm_after=0.0332, noise_norm=0.1142, epsilon_total=8.0000
2026-05-24 16:18:13,247 - root - INFO - add_noise: grad_norm=0.0332, noise_norm=0.0146, sigma=0.0218, epsilon_per_round=8.0000
2026-05-24 16:18:13,247 - root - INFO - DP Round 2: clipping_ratio=0.0236, grad_norm_before=1.4097, grad_norm_after=0.0332, noise_norm=0.0146, epsilon_total=16.0000
2026-05-24 16:18:13,266 - root - INFO - 
======================================================================
2026-05-24 16:18:13,266 - root - INFO - Differential Privacy Mechanism Initialized: GaussianDP
2026-05-24 16:18:13,266 - root - INFO - ======================================================================
2026-05-24 16:18:13,266 - root - INFO -   Privacy Budget (ε):     8.0000
2026-05-24 16:18:13,266 - root - INFO -   Failure Probability (δ): 0.000001
2026-05-24 16:18:13,266 - root - INFO -   Clipping Norm (C):      0.0125
2026-05-24 16:18:13,266 - root - INFO -   Noise Scale (σ):        0.0082
2026-05-24 16:18:13,266 - root - INFO - ======================================================================

2026-05-24 16:18:13,266 - root - INFO - add_noise: grad_norm=0.0125, noise_norm=0.0404, sigma=0.0082, epsilon_per_round=8.0000
2026-05-24 16:18:13,266 - root - INFO - DP Round 1: clipping_ratio=0.0042, grad_norm_before=2.9842, grad_norm_after=0.0125, noise_norm=0.0404, epsilon_total=8.0000
2026-05-24 16:18:13,266 - root - INFO - add_noise: grad_norm=0.0125, noise_norm=0.0082, sigma=0.0082, epsilon_per_round=8.0000
2026-05-24 16:18:13,266 - root - INFO - DP Round 2: clipping_ratio=0.0048, grad_norm_before=2.5900, grad_norm_after=0.0125, noise_norm=0.0082, epsilon_total=16.0000
2026-05-24 16:18:13,282 - root - INFO - 
======================================================================
2026-05-24 16:18:13,282 - root - INFO - Differential Privacy Mechanism Initialized: GaussianDP
2026-05-24 16:18:13,283 - root - INFO - ======================================================================
2026-05-24 16:18:13,283 - root - INFO -   Privacy Budget (ε):     8.0000
2026-05-24 16:18:13,283 - root - INFO -   Failure Probability (δ): 0.000001
2026-05-24 16:18:13,283 - root - INFO -   Clipping Norm (C):      0.0135
2026-05-24 16:18:13,283 - root - INFO -   Noise Scale (σ):        0.0089
2026-05-24 16:18:13,283 - root - INFO - ======================================================================

2026-05-24 16:18:13,283 - root - INFO - add_noise: grad_norm=0.0135, noise_norm=0.0480, sigma=0.0089, epsilon_per_round=8.0000
2026-05-24 16:18:13,283 - root - INFO - DP Round 1: clipping_ratio=0.0055, grad_norm_before=2.4832, grad_norm_after=0.0135, noise_norm=0.0480, epsilon_total=8.0000
2026-05-24 16:18:13,283 - root - INFO - add_noise: grad_norm=0.0135, noise_norm=0.0113, sigma=0.0089, epsilon_per_round=8.0000
2026-05-24 16:18:13,283 - root - INFO - DP Round 2: clipping_ratio=0.0047, grad_norm_before=2.8690, grad_norm_after=0.0135, noise_norm=0.0113, epsilon_total=16.0000
2026-05-24 16:18:13,288 - __main__ - INFO - Round 3 Validation AUROC: 0.6659
2026-05-24 16:18:13,295 - __main__ - INFO - Final Test AUROC: 0.6466
2026-05-24 16:18:13,296 - __main__ - INFO - Completed per_sample_approx eps=8 seed=2 -> test_auc=0.6466
2026-05-24 16:18:13,296 - __main__ - INFO - Starting prototype run: mode=per_sample_approx, eps=8, C=1.0, rounds=3, seed=3
2026-05-24 16:18:13,296 - src.data.loader - INFO - Loading cohort from cache: /home/raiyanjiyon/Projects/federated-healthcare-ml/data/cache/mimic_iv_cohort.csv
2026-05-24 16:18:13,456 - src.data.loader - WARNING - Missing features: {'admission_type_emergency'}
2026-05-24 16:18:13,464 - src.data.loader - INFO - Dataset: 65273 patients, 31 features
2026-05-24 16:18:13,464 - src.data.loader - INFO - Target distribution: [58207  7066]
2026-05-24 16:18:13,468 - src.data.split - INFO - ✓ Medical Intensive Care Unit (MICU): 8791 patients, 1410 deaths (16.0%)
2026-05-24 16:18:13,472 - src.data.split - INFO - ✓ Surgical Intensive Care Unit (SICU): 6372 patients, 754 deaths (11.8%)
2026-05-24 16:18:13,476 - src.data.split - INFO - ✓ Medical/Surgical Intensive Care Unit (MICU/SICU): 6983 patients, 957 deaths (13.7%)
2026-05-24 16:18:13,480 - src.data.split - INFO - ✓ Cardiac Vascular Intensive Care Unit (CVICU): 8118 patients, 265 deaths (3.3%)
2026-05-24 16:18:13,484 - src.data.split - INFO - ✓ Coronary Care Unit (CCU): 5113 patients, 643 deaths (12.6%)
2026-05-24 16:18:13,488 - src.data.split - INFO - ✓ Trauma SICU (TSICU): 5458 patients, 569 deaths (10.4%)
2026-05-24 16:18:13,491 - src.data.split - INFO - ✓ Neuro Surgical Intensive Care Unit (Neuro SICU): 907 patients, 256 deaths (28.2%)
2026-05-24 16:18:13,495 - src.data.split - INFO -   (skipped Intensive Care Unit (ICU): 16 patients, < 100)
2026-05-24 16:18:13,497 - src.data.split - INFO -   (skipped Medicine: 9 patients, < 100)
2026-05-24 16:18:13,500 - src.data.split - INFO -   (skipped Neuro Intermediate: 3035 patients, < 100)
2026-05-24 16:18:13,502 - src.data.split - INFO -   (skipped Neuro Stepdown: 784 patients, < 100)
2026-05-24 16:18:13,504 - src.data.split - INFO -   (skipped PACU: 43 patients, < 100)
2026-05-24 16:18:13,506 - src.data.split - INFO -   (skipped Surgery/Trauma: 2 patients, < 100)
2026-05-24 16:18:13,509 - src.data.split - INFO -   (skipped Surgery/Vascular/Intermediate: 60 patients, < 100)
2026-05-24 16:18:13,509 - src.data.split - INFO - 
✓ Federated learning ready: 7 clients
2026-05-24 16:18:13,521 - src.training.federated - INFO - FederatedTrainer initialized:
2026-05-24 16:18:13,521 - src.training.federated - INFO -   Clients: 7
2026-05-24 16:18:13,521 - src.training.federated - INFO -   Training samples: 41742
2026-05-24 16:18:13,521 - src.training.federated - INFO -   Validation samples: 9791
2026-05-24 16:18:13,521 - src.training.federated - INFO -   Test samples: 9791
2026-05-24 16:18:13,521 - src.training.federated - INFO -   Features: 31
2026-05-24 16:18:13,521 - src.training.federated - INFO -   Rounds: 3
2026-05-24 16:18:13,521 - src.training.federated - INFO -   Strategy: FEDAVG
2026-05-24 16:18:13,521 - src.training.federated - INFO -   Privacy: Disabled
2026-05-24 16:18:13,521 - root - INFO - 
======================================================================
2026-05-24 16:18:13,521 - root - INFO - Differential Privacy Mechanism Initialized: GaussianDP
2026-05-24 16:18:13,521 - root - INFO - ======================================================================
2026-05-24 16:18:13,521 - root - INFO -   Privacy Budget (ε):     8.0000
2026-05-24 16:18:13,521 - root - INFO -   Failure Probability (δ): 0.000001
2026-05-24 16:18:13,521 - root - INFO -   Clipping Norm (C):      1.0000
2026-05-24 16:18:13,521 - root - INFO -   Noise Scale (σ):        0.6571
2026-05-24 16:18:13,521 - root - INFO - ======================================================================

2026-05-24 16:18:13,521 - root - INFO - Round 1/3 - mode per_sample_approx
2026-05-24 16:18:13,539 - root - INFO - 
======================================================================
2026-05-24 16:18:13,539 - root - INFO - Differential Privacy Mechanism Initialized: GaussianDP
2026-05-24 16:18:13,539 - root - INFO - ======================================================================
2026-05-24 16:18:13,539 - root - INFO -   Privacy Budget (ε):     8.0000
2026-05-24 16:18:13,539 - root - INFO -   Failure Probability (δ): 0.000001
2026-05-24 16:18:13,539 - root - INFO -   Clipping Norm (C):      0.0111
2026-05-24 16:18:13,540 - root - INFO -   Noise Scale (σ):        0.0073
2026-05-24 16:18:13,540 - root - INFO - ======================================================================

2026-05-24 16:18:13,540 - root - INFO - add_noise: grad_norm=0.0111, noise_norm=0.0371, sigma=0.0073, epsilon_per_round=8.0000
2026-05-24 16:18:13,540 - root - INFO - DP Round 1: clipping_ratio=0.0043, grad_norm_before=2.5904, grad_norm_after=0.0111, noise_norm=0.0371, epsilon_total=8.0000
2026-05-24 16:18:13,540 - root - INFO - add_noise: grad_norm=0.0111, noise_norm=0.0144, sigma=0.0073, epsilon_per_round=8.0000
2026-05-24 16:18:13,540 - root - INFO - DP Round 2: clipping_ratio=0.0031, grad_norm_before=3.5588, grad_norm_after=0.0111, noise_norm=0.0144, epsilon_total=16.0000
2026-05-24 16:18:13,555 - root - INFO - 
======================================================================
2026-05-24 16:18:13,555 - root - INFO - Differential Privacy Mechanism Initialized: GaussianDP
2026-05-24 16:18:13,555 - root - INFO - ======================================================================
2026-05-24 16:18:13,555 - root - INFO -   Privacy Budget (ε):     8.0000
2026-05-24 16:18:13,555 - root - INFO -   Failure Probability (δ): 0.000001
2026-05-24 16:18:13,555 - root - INFO -   Clipping Norm (C):      0.0140
2026-05-24 16:18:13,555 - root - INFO -   Noise Scale (σ):        0.0092
2026-05-24 16:18:13,555 - root - INFO - ======================================================================

2026-05-24 16:18:13,555 - root - INFO - add_noise: grad_norm=0.0140, noise_norm=0.0604, sigma=0.0092, epsilon_per_round=8.0000
2026-05-24 16:18:13,555 - root - INFO - DP Round 1: clipping_ratio=0.0056, grad_norm_before=2.4938, grad_norm_after=0.0140, noise_norm=0.0604, epsilon_total=8.0000
2026-05-24 16:18:13,555 - root - INFO - add_noise: grad_norm=0.0140, noise_norm=0.0163, sigma=0.0092, epsilon_per_round=8.0000
2026-05-24 16:18:13,555 - root - INFO - DP Round 2: clipping_ratio=0.0048, grad_norm_before=2.8958, grad_norm_after=0.0140, noise_norm=0.0163, epsilon_total=16.0000
2026-05-24 16:18:13,581 - root - INFO - 
======================================================================
2026-05-24 16:18:13,581 - root - INFO - Differential Privacy Mechanism Initialized: GaussianDP
2026-05-24 16:18:13,581 - root - INFO - ======================================================================
2026-05-24 16:18:13,581 - root - INFO -   Privacy Budget (ε):     8.0000
2026-05-24 16:18:13,581 - root - INFO -   Failure Probability (δ): 0.000001
2026-05-24 16:18:13,581 - root - INFO -   Clipping Norm (C):      0.0107
2026-05-24 16:18:13,581 - root - INFO -   Noise Scale (σ):        0.0070
2026-05-24 16:18:13,581 - root - INFO - ======================================================================

2026-05-24 16:18:13,581 - root - INFO - add_noise: grad_norm=0.0107, noise_norm=0.0398, sigma=0.0070, epsilon_per_round=8.0000
2026-05-24 16:18:13,581 - root - INFO - DP Round 1: clipping_ratio=0.0058, grad_norm_before=1.8491, grad_norm_after=0.0107, noise_norm=0.0398, epsilon_total=8.0000
2026-05-24 16:18:13,581 - root - INFO - add_noise: grad_norm=0.0107, noise_norm=0.0008, sigma=0.0070, epsilon_per_round=8.0000
2026-05-24 16:18:13,581 - root - INFO - DP Round 2: clipping_ratio=0.0045, grad_norm_before=2.3548, grad_norm_after=0.0107, noise_norm=0.0008, epsilon_total=16.0000
2026-05-24 16:18:13,607 - root - INFO - 
======================================================================
2026-05-24 16:18:13,607 - root - INFO - Differential Privacy Mechanism Initialized: GaussianDP
2026-05-24 16:18:13,607 - root - INFO - ======================================================================
2026-05-24 16:18:13,607 - root - INFO -   Privacy Budget (ε):     8.0000
2026-05-24 16:18:13,607 - root - INFO -   Failure Probability (δ): 0.000001
2026-05-24 16:18:13,607 - root - INFO -   Clipping Norm (C):      0.0120
2026-05-24 16:18:13,607 - root - INFO -   Noise Scale (σ):        0.0079
2026-05-24 16:18:13,607 - root - INFO - ======================================================================

2026-05-24 16:18:13,607 - root - INFO - add_noise: grad_norm=0.0120, noise_norm=0.0362, sigma=0.0079, epsilon_per_round=8.0000
2026-05-24 16:18:13,607 - root - INFO - DP Round 1: clipping_ratio=0.0047, grad_norm_before=2.5337, grad_norm_after=0.0120, noise_norm=0.0362, epsilon_total=8.0000
2026-05-24 16:18:13,607 - root - INFO - add_noise: grad_norm=0.0120, noise_norm=0.0022, sigma=0.0079, epsilon_per_round=8.0000
2026-05-24 16:18:13,607 - root - INFO - DP Round 2: clipping_ratio=0.0045, grad_norm_before=2.6518, grad_norm_after=0.0120, noise_norm=0.0022, epsilon_total=16.0000
2026-05-24 16:18:13,616 - root - INFO - 
======================================================================
2026-05-24 16:18:13,616 - root - INFO - Differential Privacy Mechanism Initialized: GaussianDP
2026-05-24 16:18:13,616 - root - INFO - ======================================================================
2026-05-24 16:18:13,616 - root - INFO -   Privacy Budget (ε):     8.0000
2026-05-24 16:18:13,616 - root - INFO -   Failure Probability (δ): 0.000001
2026-05-24 16:18:13,616 - root - INFO -   Clipping Norm (C):      0.0332
2026-05-24 16:18:13,616 - root - INFO -   Noise Scale (σ):        0.0218
2026-05-24 16:18:13,616 - root - INFO - ======================================================================

2026-05-24 16:18:13,616 - root - INFO - add_noise: grad_norm=0.0332, noise_norm=0.0947, sigma=0.0218, epsilon_per_round=8.0000
2026-05-24 16:18:13,616 - root - INFO - DP Round 1: clipping_ratio=0.0103, grad_norm_before=3.2300, grad_norm_after=0.0332, noise_norm=0.0947, epsilon_total=8.0000
2026-05-24 16:18:13,616 - root - INFO - add_noise: grad_norm=0.0332, noise_norm=0.0218, sigma=0.0218, epsilon_per_round=8.0000
2026-05-24 16:18:13,616 - root - INFO - DP Round 2: clipping_ratio=0.0236, grad_norm_before=1.4097, grad_norm_after=0.0332, noise_norm=0.0218, epsilon_total=16.0000
2026-05-24 16:18:13,635 - root - INFO - 
======================================================================
2026-05-24 16:18:13,635 - root - INFO - Differential Privacy Mechanism Initialized: GaussianDP
2026-05-24 16:18:13,635 - root - INFO - ======================================================================
2026-05-24 16:18:13,635 - root - INFO -   Privacy Budget (ε):     8.0000
2026-05-24 16:18:13,635 - root - INFO -   Failure Probability (δ): 0.000001
2026-05-24 16:18:13,635 - root - INFO -   Clipping Norm (C):      0.0125
2026-05-24 16:18:13,635 - root - INFO -   Noise Scale (σ):        0.0082
2026-05-24 16:18:13,635 - root - INFO - ======================================================================

2026-05-24 16:18:13,635 - root - INFO - add_noise: grad_norm=0.0125, noise_norm=0.0475, sigma=0.0082, epsilon_per_round=8.0000
2026-05-24 16:18:13,635 - root - INFO - DP Round 1: clipping_ratio=0.0042, grad_norm_before=2.9842, grad_norm_after=0.0125, noise_norm=0.0475, epsilon_total=8.0000
2026-05-24 16:18:13,635 - root - INFO - add_noise: grad_norm=0.0125, noise_norm=0.0127, sigma=0.0082, epsilon_per_round=8.0000
2026-05-24 16:18:13,635 - root - INFO - DP Round 2: clipping_ratio=0.0048, grad_norm_before=2.5900, grad_norm_after=0.0125, noise_norm=0.0127, epsilon_total=16.0000
2026-05-24 16:18:13,651 - root - INFO - 
======================================================================
2026-05-24 16:18:13,652 - root - INFO - Differential Privacy Mechanism Initialized: GaussianDP
2026-05-24 16:18:13,652 - root - INFO - ======================================================================
2026-05-24 16:18:13,652 - root - INFO -   Privacy Budget (ε):     8.0000
2026-05-24 16:18:13,652 - root - INFO -   Failure Probability (δ): 0.000001
2026-05-24 16:18:13,652 - root - INFO -   Clipping Norm (C):      0.0135
2026-05-24 16:18:13,652 - root - INFO -   Noise Scale (σ):        0.0089
2026-05-24 16:18:13,652 - root - INFO - ======================================================================

2026-05-24 16:18:13,652 - root - INFO - add_noise: grad_norm=0.0135, noise_norm=0.0412, sigma=0.0089, epsilon_per_round=8.0000
2026-05-24 16:18:13,652 - root - INFO - DP Round 1: clipping_ratio=0.0055, grad_norm_before=2.4832, grad_norm_after=0.0135, noise_norm=0.0412, epsilon_total=8.0000
2026-05-24 16:18:13,652 - root - INFO - add_noise: grad_norm=0.0135, noise_norm=0.0145, sigma=0.0089, epsilon_per_round=8.0000
2026-05-24 16:18:13,652 - root - INFO - DP Round 2: clipping_ratio=0.0047, grad_norm_before=2.8690, grad_norm_after=0.0135, noise_norm=0.0145, epsilon_total=16.0000
2026-05-24 16:18:13,658 - __main__ - INFO - Round 1 Validation AUROC: 0.4230
2026-05-24 16:18:13,658 - root - INFO - Round 2/3 - mode per_sample_approx
2026-05-24 16:18:13,679 - root - INFO - 
======================================================================
2026-05-24 16:18:13,679 - root - INFO - Differential Privacy Mechanism Initialized: GaussianDP
2026-05-24 16:18:13,679 - root - INFO - ======================================================================
2026-05-24 16:18:13,679 - root - INFO -   Privacy Budget (ε):     8.0000
2026-05-24 16:18:13,679 - root - INFO -   Failure Probability (δ): 0.000001
2026-05-24 16:18:13,679 - root - INFO -   Clipping Norm (C):      0.0111
2026-05-24 16:18:13,679 - root - INFO -   Noise Scale (σ):        0.0073
2026-05-24 16:18:13,679 - root - INFO - ======================================================================

2026-05-24 16:18:13,679 - root - INFO - add_noise: grad_norm=0.0111, noise_norm=0.0518, sigma=0.0073, epsilon_per_round=8.0000
2026-05-24 16:18:13,679 - root - INFO - DP Round 1: clipping_ratio=0.0043, grad_norm_before=2.5904, grad_norm_after=0.0111, noise_norm=0.0518, epsilon_total=8.0000
2026-05-24 16:18:13,679 - root - INFO - add_noise: grad_norm=0.0111, noise_norm=0.0011, sigma=0.0073, epsilon_per_round=8.0000
2026-05-24 16:18:13,679 - root - INFO - DP Round 2: clipping_ratio=0.0031, grad_norm_before=3.5588, grad_norm_after=0.0111, noise_norm=0.0011, epsilon_total=16.0000
2026-05-24 16:18:13,694 - root - INFO - 
======================================================================
2026-05-24 16:18:13,694 - root - INFO - Differential Privacy Mechanism Initialized: GaussianDP
2026-05-24 16:18:13,694 - root - INFO - ======================================================================
2026-05-24 16:18:13,694 - root - INFO -   Privacy Budget (ε):     8.0000
2026-05-24 16:18:13,694 - root - INFO -   Failure Probability (δ): 0.000001
2026-05-24 16:18:13,694 - root - INFO -   Clipping Norm (C):      0.0140
2026-05-24 16:18:13,694 - root - INFO -   Noise Scale (σ):        0.0092
2026-05-24 16:18:13,694 - root - INFO - ======================================================================

2026-05-24 16:18:13,694 - root - INFO - add_noise: grad_norm=0.0140, noise_norm=0.0565, sigma=0.0092, epsilon_per_round=8.0000
2026-05-24 16:18:13,694 - root - INFO - DP Round 1: clipping_ratio=0.0056, grad_norm_before=2.4938, grad_norm_after=0.0140, noise_norm=0.0565, epsilon_total=8.0000
2026-05-24 16:18:13,694 - root - INFO - add_noise: grad_norm=0.0140, noise_norm=0.0001, sigma=0.0092, epsilon_per_round=8.0000
2026-05-24 16:18:13,694 - root - INFO - DP Round 2: clipping_ratio=0.0048, grad_norm_before=2.8958, grad_norm_after=0.0140, noise_norm=0.0001, epsilon_total=16.0000
2026-05-24 16:18:13,717 - root - INFO - 
======================================================================
2026-05-24 16:18:13,717 - root - INFO - Differential Privacy Mechanism Initialized: GaussianDP
2026-05-24 16:18:13,717 - root - INFO - ======================================================================
2026-05-24 16:18:13,717 - root - INFO -   Privacy Budget (ε):     8.0000
2026-05-24 16:18:13,718 - root - INFO -   Failure Probability (δ): 0.000001
2026-05-24 16:18:13,718 - root - INFO -   Clipping Norm (C):      0.0107
2026-05-24 16:18:13,718 - root - INFO -   Noise Scale (σ):        0.0070
2026-05-24 16:18:13,718 - root - INFO - ======================================================================

2026-05-24 16:18:13,718 - root - INFO - add_noise: grad_norm=0.0107, noise_norm=0.0425, sigma=0.0070, epsilon_per_round=8.0000
2026-05-24 16:18:13,718 - root - INFO - DP Round 1: clipping_ratio=0.0058, grad_norm_before=1.8491, grad_norm_after=0.0107, noise_norm=0.0425, epsilon_total=8.0000
2026-05-24 16:18:13,718 - root - INFO - add_noise: grad_norm=0.0107, noise_norm=0.0103, sigma=0.0070, epsilon_per_round=8.0000
2026-05-24 16:18:13,718 - root - INFO - DP Round 2: clipping_ratio=0.0045, grad_norm_before=2.3548, grad_norm_after=0.0107, noise_norm=0.0103, epsilon_total=16.0000
2026-05-24 16:18:13,745 - root - INFO - 
======================================================================
2026-05-24 16:18:13,745 - root - INFO - Differential Privacy Mechanism Initialized: GaussianDP
2026-05-24 16:18:13,745 - root - INFO - ======================================================================
2026-05-24 16:18:13,745 - root - INFO -   Privacy Budget (ε):     8.0000
2026-05-24 16:18:13,745 - root - INFO -   Failure Probability (δ): 0.000001
2026-05-24 16:18:13,745 - root - INFO -   Clipping Norm (C):      0.0120
2026-05-24 16:18:13,745 - root - INFO -   Noise Scale (σ):        0.0079
2026-05-24 16:18:13,745 - root - INFO - ======================================================================

2026-05-24 16:18:13,745 - root - INFO - add_noise: grad_norm=0.0120, noise_norm=0.0552, sigma=0.0079, epsilon_per_round=8.0000
2026-05-24 16:18:13,745 - root - INFO - DP Round 1: clipping_ratio=0.0047, grad_norm_before=2.5337, grad_norm_after=0.0120, noise_norm=0.0552, epsilon_total=8.0000
2026-05-24 16:18:13,745 - root - INFO - add_noise: grad_norm=0.0120, noise_norm=0.0027, sigma=0.0079, epsilon_per_round=8.0000
2026-05-24 16:18:13,745 - root - INFO - DP Round 2: clipping_ratio=0.0045, grad_norm_before=2.6518, grad_norm_after=0.0120, noise_norm=0.0027, epsilon_total=16.0000
2026-05-24 16:18:13,752 - root - INFO - 
======================================================================
2026-05-24 16:18:13,752 - root - INFO - Differential Privacy Mechanism Initialized: GaussianDP
2026-05-24 16:18:13,752 - root - INFO - ======================================================================
2026-05-24 16:18:13,752 - root - INFO -   Privacy Budget (ε):     8.0000
2026-05-24 16:18:13,752 - root - INFO -   Failure Probability (δ): 0.000001
2026-05-24 16:18:13,752 - root - INFO -   Clipping Norm (C):      0.0332
2026-05-24 16:18:13,752 - root - INFO -   Noise Scale (σ):        0.0218
2026-05-24 16:18:13,752 - root - INFO - ======================================================================

2026-05-24 16:18:13,752 - root - INFO - add_noise: grad_norm=0.0332, noise_norm=0.1140, sigma=0.0218, epsilon_per_round=8.0000
2026-05-24 16:18:13,752 - root - INFO - DP Round 1: clipping_ratio=0.0103, grad_norm_before=3.2300, grad_norm_after=0.0332, noise_norm=0.1140, epsilon_total=8.0000
2026-05-24 16:18:13,752 - root - INFO - add_noise: grad_norm=0.0332, noise_norm=0.0021, sigma=0.0218, epsilon_per_round=8.0000
2026-05-24 16:18:13,752 - root - INFO - DP Round 2: clipping_ratio=0.0236, grad_norm_before=1.4097, grad_norm_after=0.0332, noise_norm=0.0021, epsilon_total=16.0000
2026-05-24 16:18:13,772 - root - INFO - 
======================================================================
2026-05-24 16:18:13,772 - root - INFO - Differential Privacy Mechanism Initialized: GaussianDP
2026-05-24 16:18:13,772 - root - INFO - ======================================================================
2026-05-24 16:18:13,772 - root - INFO -   Privacy Budget (ε):     8.0000
2026-05-24 16:18:13,772 - root - INFO -   Failure Probability (δ): 0.000001
2026-05-24 16:18:13,772 - root - INFO -   Clipping Norm (C):      0.0125
2026-05-24 16:18:13,772 - root - INFO -   Noise Scale (σ):        0.0082
2026-05-24 16:18:13,772 - root - INFO - ======================================================================

2026-05-24 16:18:13,772 - root - INFO - add_noise: grad_norm=0.0125, noise_norm=0.0443, sigma=0.0082, epsilon_per_round=8.0000
2026-05-24 16:18:13,772 - root - INFO - DP Round 1: clipping_ratio=0.0042, grad_norm_before=2.9842, grad_norm_after=0.0125, noise_norm=0.0443, epsilon_total=8.0000
2026-05-24 16:18:13,772 - root - INFO - add_noise: grad_norm=0.0125, noise_norm=0.0098, sigma=0.0082, epsilon_per_round=8.0000
2026-05-24 16:18:13,772 - root - INFO - DP Round 2: clipping_ratio=0.0048, grad_norm_before=2.5900, grad_norm_after=0.0125, noise_norm=0.0098, epsilon_total=16.0000
2026-05-24 16:18:13,787 - root - INFO - 
======================================================================
2026-05-24 16:18:13,787 - root - INFO - Differential Privacy Mechanism Initialized: GaussianDP
2026-05-24 16:18:13,787 - root - INFO - ======================================================================
2026-05-24 16:18:13,787 - root - INFO -   Privacy Budget (ε):     8.0000
2026-05-24 16:18:13,787 - root - INFO -   Failure Probability (δ): 0.000001
2026-05-24 16:18:13,787 - root - INFO -   Clipping Norm (C):      0.0135
2026-05-24 16:18:13,787 - root - INFO -   Noise Scale (σ):        0.0089
2026-05-24 16:18:13,787 - root - INFO - ======================================================================

2026-05-24 16:18:13,787 - root - INFO - add_noise: grad_norm=0.0135, noise_norm=0.0503, sigma=0.0089, epsilon_per_round=8.0000
2026-05-24 16:18:13,787 - root - INFO - DP Round 1: clipping_ratio=0.0055, grad_norm_before=2.4832, grad_norm_after=0.0135, noise_norm=0.0503, epsilon_total=8.0000
2026-05-24 16:18:13,788 - root - INFO - add_noise: grad_norm=0.0135, noise_norm=0.0046, sigma=0.0089, epsilon_per_round=8.0000
2026-05-24 16:18:13,788 - root - INFO - DP Round 2: clipping_ratio=0.0047, grad_norm_before=2.8690, grad_norm_after=0.0135, noise_norm=0.0046, epsilon_total=16.0000
2026-05-24 16:18:13,794 - __main__ - INFO - Round 2 Validation AUROC: 0.7636
2026-05-24 16:18:13,794 - root - INFO - Round 3/3 - mode per_sample_approx
2026-05-24 16:18:13,815 - root - INFO - 
======================================================================
2026-05-24 16:18:13,815 - root - INFO - Differential Privacy Mechanism Initialized: GaussianDP
2026-05-24 16:18:13,815 - root - INFO - ======================================================================
2026-05-24 16:18:13,815 - root - INFO -   Privacy Budget (ε):     8.0000
2026-05-24 16:18:13,815 - root - INFO -   Failure Probability (δ): 0.000001
2026-05-24 16:18:13,815 - root - INFO -   Clipping Norm (C):      0.0111
2026-05-24 16:18:13,815 - root - INFO -   Noise Scale (σ):        0.0073
2026-05-24 16:18:13,815 - root - INFO - ======================================================================

2026-05-24 16:18:13,815 - root - INFO - add_noise: grad_norm=0.0111, noise_norm=0.0347, sigma=0.0073, epsilon_per_round=8.0000
2026-05-24 16:18:13,815 - root - INFO - DP Round 1: clipping_ratio=0.0043, grad_norm_before=2.5904, grad_norm_after=0.0111, noise_norm=0.0347, epsilon_total=8.0000
2026-05-24 16:18:13,815 - root - INFO - add_noise: grad_norm=0.0111, noise_norm=0.0005, sigma=0.0073, epsilon_per_round=8.0000
2026-05-24 16:18:13,815 - root - INFO - DP Round 2: clipping_ratio=0.0031, grad_norm_before=3.5588, grad_norm_after=0.0111, noise_norm=0.0005, epsilon_total=16.0000
2026-05-24 16:18:13,831 - root - INFO - 
======================================================================
2026-05-24 16:18:13,831 - root - INFO - Differential Privacy Mechanism Initialized: GaussianDP
2026-05-24 16:18:13,831 - root - INFO - ======================================================================
2026-05-24 16:18:13,831 - root - INFO -   Privacy Budget (ε):     8.0000
2026-05-24 16:18:13,831 - root - INFO -   Failure Probability (δ): 0.000001
2026-05-24 16:18:13,831 - root - INFO -   Clipping Norm (C):      0.0140
2026-05-24 16:18:13,831 - root - INFO -   Noise Scale (σ):        0.0092
2026-05-24 16:18:13,831 - root - INFO - ======================================================================

2026-05-24 16:18:13,832 - root - INFO - add_noise: grad_norm=0.0140, noise_norm=0.0517, sigma=0.0092, epsilon_per_round=8.0000
2026-05-24 16:18:13,832 - root - INFO - DP Round 1: clipping_ratio=0.0056, grad_norm_before=2.4938, grad_norm_after=0.0140, noise_norm=0.0517, epsilon_total=8.0000
2026-05-24 16:18:13,832 - root - INFO - add_noise: grad_norm=0.0140, noise_norm=0.0092, sigma=0.0092, epsilon_per_round=8.0000
2026-05-24 16:18:13,832 - root - INFO - DP Round 2: clipping_ratio=0.0048, grad_norm_before=2.8958, grad_norm_after=0.0140, noise_norm=0.0092, epsilon_total=16.0000
2026-05-24 16:18:13,855 - root - INFO - 
======================================================================
2026-05-24 16:18:13,855 - root - INFO - Differential Privacy Mechanism Initialized: GaussianDP
2026-05-24 16:18:13,855 - root - INFO - ======================================================================
2026-05-24 16:18:13,855 - root - INFO -   Privacy Budget (ε):     8.0000
2026-05-24 16:18:13,855 - root - INFO -   Failure Probability (δ): 0.000001
2026-05-24 16:18:13,855 - root - INFO -   Clipping Norm (C):      0.0107
2026-05-24 16:18:13,855 - root - INFO -   Noise Scale (σ):        0.0070
2026-05-24 16:18:13,855 - root - INFO - ======================================================================

2026-05-24 16:18:13,856 - root - INFO - add_noise: grad_norm=0.0107, noise_norm=0.0391, sigma=0.0070, epsilon_per_round=8.0000
2026-05-24 16:18:13,856 - root - INFO - DP Round 1: clipping_ratio=0.0058, grad_norm_before=1.8491, grad_norm_after=0.0107, noise_norm=0.0391, epsilon_total=8.0000
2026-05-24 16:18:13,856 - root - INFO - add_noise: grad_norm=0.0107, noise_norm=0.0034, sigma=0.0070, epsilon_per_round=8.0000
2026-05-24 16:18:13,856 - root - INFO - DP Round 2: clipping_ratio=0.0045, grad_norm_before=2.3548, grad_norm_after=0.0107, noise_norm=0.0034, epsilon_total=16.0000
2026-05-24 16:18:13,881 - root - INFO - 
======================================================================
2026-05-24 16:18:13,881 - root - INFO - Differential Privacy Mechanism Initialized: GaussianDP
2026-05-24 16:18:13,881 - root - INFO - ======================================================================
2026-05-24 16:18:13,881 - root - INFO -   Privacy Budget (ε):     8.0000
2026-05-24 16:18:13,881 - root - INFO -   Failure Probability (δ): 0.000001
2026-05-24 16:18:13,881 - root - INFO -   Clipping Norm (C):      0.0120
2026-05-24 16:18:13,881 - root - INFO -   Noise Scale (σ):        0.0079
2026-05-24 16:18:13,881 - root - INFO - ======================================================================

2026-05-24 16:18:13,881 - root - INFO - add_noise: grad_norm=0.0120, noise_norm=0.0461, sigma=0.0079, epsilon_per_round=8.0000
2026-05-24 16:18:13,881 - root - INFO - DP Round 1: clipping_ratio=0.0047, grad_norm_before=2.5337, grad_norm_after=0.0120, noise_norm=0.0461, epsilon_total=8.0000
2026-05-24 16:18:13,881 - root - INFO - add_noise: grad_norm=0.0120, noise_norm=0.0053, sigma=0.0079, epsilon_per_round=8.0000
2026-05-24 16:18:13,881 - root - INFO - DP Round 2: clipping_ratio=0.0045, grad_norm_before=2.6518, grad_norm_after=0.0120, noise_norm=0.0053, epsilon_total=16.0000
2026-05-24 16:18:13,888 - root - INFO - 
======================================================================
2026-05-24 16:18:13,888 - root - INFO - Differential Privacy Mechanism Initialized: GaussianDP
2026-05-24 16:18:13,888 - root - INFO - ======================================================================
2026-05-24 16:18:13,888 - root - INFO -   Privacy Budget (ε):     8.0000
2026-05-24 16:18:13,888 - root - INFO -   Failure Probability (δ): 0.000001
2026-05-24 16:18:13,888 - root - INFO -   Clipping Norm (C):      0.0332
2026-05-24 16:18:13,888 - root - INFO -   Noise Scale (σ):        0.0218
2026-05-24 16:18:13,888 - root - INFO - ======================================================================

2026-05-24 16:18:13,888 - root - INFO - add_noise: grad_norm=0.0332, noise_norm=0.1350, sigma=0.0218, epsilon_per_round=8.0000
2026-05-24 16:18:13,888 - root - INFO - DP Round 1: clipping_ratio=0.0103, grad_norm_before=3.2300, grad_norm_after=0.0332, noise_norm=0.1350, epsilon_total=8.0000
2026-05-24 16:18:13,888 - root - INFO - add_noise: grad_norm=0.0332, noise_norm=0.0074, sigma=0.0218, epsilon_per_round=8.0000
2026-05-24 16:18:13,888 - root - INFO - DP Round 2: clipping_ratio=0.0236, grad_norm_before=1.4097, grad_norm_after=0.0332, noise_norm=0.0074, epsilon_total=16.0000
2026-05-24 16:18:13,911 - root - INFO - 
======================================================================
2026-05-24 16:18:13,911 - root - INFO - Differential Privacy Mechanism Initialized: GaussianDP
2026-05-24 16:18:13,911 - root - INFO - ======================================================================
2026-05-24 16:18:13,911 - root - INFO -   Privacy Budget (ε):     8.0000
2026-05-24 16:18:13,911 - root - INFO -   Failure Probability (δ): 0.000001
2026-05-24 16:18:13,911 - root - INFO -   Clipping Norm (C):      0.0125
2026-05-24 16:18:13,911 - root - INFO -   Noise Scale (σ):        0.0082
2026-05-24 16:18:13,911 - root - INFO - ======================================================================

2026-05-24 16:18:13,912 - root - INFO - add_noise: grad_norm=0.0125, noise_norm=0.0357, sigma=0.0082, epsilon_per_round=8.0000
2026-05-24 16:18:13,912 - root - INFO - DP Round 1: clipping_ratio=0.0042, grad_norm_before=2.9842, grad_norm_after=0.0125, noise_norm=0.0357, epsilon_total=8.0000
2026-05-24 16:18:13,912 - root - INFO - add_noise: grad_norm=0.0125, noise_norm=0.0050, sigma=0.0082, epsilon_per_round=8.0000
2026-05-24 16:18:13,912 - root - INFO - DP Round 2: clipping_ratio=0.0048, grad_norm_before=2.5900, grad_norm_after=0.0125, noise_norm=0.0050, epsilon_total=16.0000
2026-05-24 16:18:13,926 - root - INFO - 
======================================================================
2026-05-24 16:18:13,927 - root - INFO - Differential Privacy Mechanism Initialized: GaussianDP
2026-05-24 16:18:13,927 - root - INFO - ======================================================================
2026-05-24 16:18:13,927 - root - INFO -   Privacy Budget (ε):     8.0000
2026-05-24 16:18:13,927 - root - INFO -   Failure Probability (δ): 0.000001
2026-05-24 16:18:13,927 - root - INFO -   Clipping Norm (C):      0.0135
2026-05-24 16:18:13,927 - root - INFO -   Noise Scale (σ):        0.0089
2026-05-24 16:18:13,927 - root - INFO - ======================================================================

2026-05-24 16:18:13,927 - root - INFO - add_noise: grad_norm=0.0135, noise_norm=0.0511, sigma=0.0089, epsilon_per_round=8.0000
2026-05-24 16:18:13,927 - root - INFO - DP Round 1: clipping_ratio=0.0055, grad_norm_before=2.4832, grad_norm_after=0.0135, noise_norm=0.0511, epsilon_total=8.0000
2026-05-24 16:18:13,927 - root - INFO - add_noise: grad_norm=0.0135, noise_norm=0.0050, sigma=0.0089, epsilon_per_round=8.0000
2026-05-24 16:18:13,927 - root - INFO - DP Round 2: clipping_ratio=0.0047, grad_norm_before=2.8690, grad_norm_after=0.0135, noise_norm=0.0050, epsilon_total=16.0000
2026-05-24 16:18:13,932 - __main__ - INFO - Round 3 Validation AUROC: 0.6661
2026-05-24 16:18:13,938 - __main__ - INFO - Final Test AUROC: 0.6663
2026-05-24 16:18:13,939 - __main__ - INFO - Completed per_sample_approx eps=8 seed=3 -> test_auc=0.6663
2026-05-24 16:18:13,939 - __main__ - INFO - Starting prototype run: mode=per_sample_approx, eps=16, C=1.0, rounds=3, seed=1
2026-05-24 16:18:13,939 - src.data.loader - INFO - Loading cohort from cache: /home/raiyanjiyon/Projects/federated-healthcare-ml/data/cache/mimic_iv_cohort.csv
2026-05-24 16:18:14,114 - src.data.loader - WARNING - Missing features: {'admission_type_emergency'}
2026-05-24 16:18:14,121 - src.data.loader - INFO - Dataset: 65273 patients, 31 features
2026-05-24 16:18:14,121 - src.data.loader - INFO - Target distribution: [58207  7066]
2026-05-24 16:18:14,125 - src.data.split - INFO - ✓ Medical Intensive Care Unit (MICU): 8791 patients, 1410 deaths (16.0%)
2026-05-24 16:18:14,130 - src.data.split - INFO - ✓ Surgical Intensive Care Unit (SICU): 6372 patients, 754 deaths (11.8%)
2026-05-24 16:18:14,134 - src.data.split - INFO - ✓ Medical/Surgical Intensive Care Unit (MICU/SICU): 6983 patients, 957 deaths (13.7%)
2026-05-24 16:18:14,138 - src.data.split - INFO - ✓ Cardiac Vascular Intensive Care Unit (CVICU): 8118 patients, 265 deaths (3.3%)
2026-05-24 16:18:14,141 - src.data.split - INFO - ✓ Coronary Care Unit (CCU): 5113 patients, 643 deaths (12.6%)
2026-05-24 16:18:14,146 - src.data.split - INFO - ✓ Trauma SICU (TSICU): 5458 patients, 569 deaths (10.4%)
2026-05-24 16:18:14,148 - src.data.split - INFO - ✓ Neuro Surgical Intensive Care Unit (Neuro SICU): 907 patients, 256 deaths (28.2%)
2026-05-24 16:18:14,153 - src.data.split - INFO -   (skipped Intensive Care Unit (ICU): 16 patients, < 100)
2026-05-24 16:18:14,155 - src.data.split - INFO -   (skipped Medicine: 9 patients, < 100)
2026-05-24 16:18:14,157 - src.data.split - INFO -   (skipped Neuro Intermediate: 3035 patients, < 100)
2026-05-24 16:18:14,160 - src.data.split - INFO -   (skipped Neuro Stepdown: 784 patients, < 100)
2026-05-24 16:18:14,163 - src.data.split - INFO -   (skipped PACU: 43 patients, < 100)
2026-05-24 16:18:14,165 - src.data.split - INFO -   (skipped Surgery/Trauma: 2 patients, < 100)
2026-05-24 16:18:14,167 - src.data.split - INFO -   (skipped Surgery/Vascular/Intermediate: 60 patients, < 100)
2026-05-24 16:18:14,167 - src.data.split - INFO - 
✓ Federated learning ready: 7 clients
2026-05-24 16:18:14,180 - src.training.federated - INFO - FederatedTrainer initialized:
2026-05-24 16:18:14,180 - src.training.federated - INFO -   Clients: 7
2026-05-24 16:18:14,180 - src.training.federated - INFO -   Training samples: 41742
2026-05-24 16:18:14,180 - src.training.federated - INFO -   Validation samples: 9791
2026-05-24 16:18:14,180 - src.training.federated - INFO -   Test samples: 9791
2026-05-24 16:18:14,180 - src.training.federated - INFO -   Features: 31
2026-05-24 16:18:14,180 - src.training.federated - INFO -   Rounds: 3
2026-05-24 16:18:14,180 - src.training.federated - INFO -   Strategy: FEDAVG
2026-05-24 16:18:14,180 - src.training.federated - INFO -   Privacy: Disabled
2026-05-24 16:18:14,181 - root - INFO - 
======================================================================
2026-05-24 16:18:14,181 - root - INFO - Differential Privacy Mechanism Initialized: GaussianDP
2026-05-24 16:18:14,181 - root - INFO - ======================================================================
2026-05-24 16:18:14,181 - root - INFO -   Privacy Budget (ε):     16.0000
2026-05-24 16:18:14,181 - root - INFO -   Failure Probability (δ): 0.000001
2026-05-24 16:18:14,181 - root - INFO -   Clipping Norm (C):      1.0000
2026-05-24 16:18:14,181 - root - INFO -   Noise Scale (σ):        0.3285
2026-05-24 16:18:14,181 - root - INFO - ======================================================================

2026-05-24 16:18:14,181 - root - INFO - Round 1/3 - mode per_sample_approx
2026-05-24 16:18:14,200 - root - INFO - 
======================================================================
2026-05-24 16:18:14,200 - root - INFO - Differential Privacy Mechanism Initialized: GaussianDP
2026-05-24 16:18:14,200 - root - INFO - ======================================================================
2026-05-24 16:18:14,200 - root - INFO -   Privacy Budget (ε):     16.0000
2026-05-24 16:18:14,200 - root - INFO -   Failure Probability (δ): 0.000001
2026-05-24 16:18:14,200 - root - INFO -   Clipping Norm (C):      0.0111
2026-05-24 16:18:14,200 - root - INFO -   Noise Scale (σ):        0.0036
2026-05-24 16:18:14,200 - root - INFO - ======================================================================

2026-05-24 16:18:14,200 - root - INFO - add_noise: grad_norm=0.0111, noise_norm=0.0203, sigma=0.0036, epsilon_per_round=16.0000
2026-05-24 16:18:14,201 - root - INFO - DP Round 1: clipping_ratio=0.0043, grad_norm_before=2.5904, grad_norm_after=0.0111, noise_norm=0.0203, epsilon_total=16.0000
2026-05-24 16:18:14,201 - root - INFO - add_noise: grad_norm=0.0111, noise_norm=0.0014, sigma=0.0036, epsilon_per_round=16.0000
2026-05-24 16:18:14,201 - root - INFO - DP Round 2: clipping_ratio=0.0031, grad_norm_before=3.5588, grad_norm_after=0.0111, noise_norm=0.0014, epsilon_total=32.0000
2026-05-24 16:18:14,215 - root - INFO - 
======================================================================
2026-05-24 16:18:14,215 - root - INFO - Differential Privacy Mechanism Initialized: GaussianDP
2026-05-24 16:18:14,215 - root - INFO - ======================================================================
2026-05-24 16:18:14,215 - root - INFO -   Privacy Budget (ε):     16.0000
2026-05-24 16:18:14,215 - root - INFO -   Failure Probability (δ): 0.000001
2026-05-24 16:18:14,215 - root - INFO -   Clipping Norm (C):      0.0140
2026-05-24 16:18:14,215 - root - INFO -   Noise Scale (σ):        0.0046
2026-05-24 16:18:14,215 - root - INFO - ======================================================================

2026-05-24 16:18:14,215 - root - INFO - add_noise: grad_norm=0.0140, noise_norm=0.0218, sigma=0.0046, epsilon_per_round=16.0000
2026-05-24 16:18:14,215 - root - INFO - DP Round 1: clipping_ratio=0.0056, grad_norm_before=2.4938, grad_norm_after=0.0140, noise_norm=0.0218, epsilon_total=16.0000
2026-05-24 16:18:14,215 - root - INFO - add_noise: grad_norm=0.0140, noise_norm=0.0014, sigma=0.0046, epsilon_per_round=16.0000
2026-05-24 16:18:14,215 - root - INFO - DP Round 2: clipping_ratio=0.0048, grad_norm_before=2.8958, grad_norm_after=0.0140, noise_norm=0.0014, epsilon_total=32.0000
2026-05-24 16:18:14,237 - root - INFO - 
======================================================================
2026-05-24 16:18:14,237 - root - INFO - Differential Privacy Mechanism Initialized: GaussianDP
2026-05-24 16:18:14,238 - root - INFO - ======================================================================
2026-05-24 16:18:14,238 - root - INFO -   Privacy Budget (ε):     16.0000
2026-05-24 16:18:14,238 - root - INFO -   Failure Probability (δ): 0.000001
2026-05-24 16:18:14,238 - root - INFO -   Clipping Norm (C):      0.0107
2026-05-24 16:18:14,238 - root - INFO -   Noise Scale (σ):        0.0035
2026-05-24 16:18:14,238 - root - INFO - ======================================================================

2026-05-24 16:18:14,238 - root - INFO - add_noise: grad_norm=0.0107, noise_norm=0.0171, sigma=0.0035, epsilon_per_round=16.0000
2026-05-24 16:18:14,238 - root - INFO - DP Round 1: clipping_ratio=0.0058, grad_norm_before=1.8491, grad_norm_after=0.0107, noise_norm=0.0171, epsilon_total=16.0000
2026-05-24 16:18:14,238 - root - INFO - add_noise: grad_norm=0.0107, noise_norm=0.0003, sigma=0.0035, epsilon_per_round=16.0000
2026-05-24 16:18:14,238 - root - INFO - DP Round 2: clipping_ratio=0.0045, grad_norm_before=2.3548, grad_norm_after=0.0107, noise_norm=0.0003, epsilon_total=32.0000
2026-05-24 16:18:14,262 - root - INFO - 
======================================================================
2026-05-24 16:18:14,262 - root - INFO - Differential Privacy Mechanism Initialized: GaussianDP
2026-05-24 16:18:14,262 - root - INFO - ======================================================================
2026-05-24 16:18:14,262 - root - INFO -   Privacy Budget (ε):     16.0000
2026-05-24 16:18:14,263 - root - INFO -   Failure Probability (δ): 0.000001
2026-05-24 16:18:14,263 - root - INFO -   Clipping Norm (C):      0.0120
2026-05-24 16:18:14,263 - root - INFO -   Noise Scale (σ):        0.0039
2026-05-24 16:18:14,263 - root - INFO - ======================================================================

2026-05-24 16:18:14,263 - root - INFO - add_noise: grad_norm=0.0120, noise_norm=0.0212, sigma=0.0039, epsilon_per_round=16.0000
2026-05-24 16:18:14,263 - root - INFO - DP Round 1: clipping_ratio=0.0047, grad_norm_before=2.5337, grad_norm_after=0.0120, noise_norm=0.0212, epsilon_total=16.0000
2026-05-24 16:18:14,263 - root - INFO - add_noise: grad_norm=0.0120, noise_norm=0.0013, sigma=0.0039, epsilon_per_round=16.0000
2026-05-24 16:18:14,263 - root - INFO - DP Round 2: clipping_ratio=0.0045, grad_norm_before=2.6518, grad_norm_after=0.0120, noise_norm=0.0013, epsilon_total=32.0000
2026-05-24 16:18:14,269 - root - INFO - 
======================================================================
2026-05-24 16:18:14,269 - root - INFO - Differential Privacy Mechanism Initialized: GaussianDP
2026-05-24 16:18:14,269 - root - INFO - ======================================================================
2026-05-24 16:18:14,269 - root - INFO -   Privacy Budget (ε):     16.0000
2026-05-24 16:18:14,269 - root - INFO -   Failure Probability (δ): 0.000001
2026-05-24 16:18:14,269 - root - INFO -   Clipping Norm (C):      0.0332
2026-05-24 16:18:14,269 - root - INFO -   Noise Scale (σ):        0.0109
2026-05-24 16:18:14,269 - root - INFO - ======================================================================

2026-05-24 16:18:14,269 - root - INFO - add_noise: grad_norm=0.0332, noise_norm=0.0516, sigma=0.0109, epsilon_per_round=16.0000
2026-05-24 16:18:14,269 - root - INFO - DP Round 1: clipping_ratio=0.0103, grad_norm_before=3.2300, grad_norm_after=0.0332, noise_norm=0.0516, epsilon_total=16.0000
2026-05-24 16:18:14,270 - root - INFO - add_noise: grad_norm=0.0332, noise_norm=0.0122, sigma=0.0109, epsilon_per_round=16.0000
2026-05-24 16:18:14,270 - root - INFO - DP Round 2: clipping_ratio=0.0236, grad_norm_before=1.4097, grad_norm_after=0.0332, noise_norm=0.0122, epsilon_total=32.0000
2026-05-24 16:18:14,287 - root - INFO - 
======================================================================
2026-05-24 16:18:14,287 - root - INFO - Differential Privacy Mechanism Initialized: GaussianDP
2026-05-24 16:18:14,287 - root - INFO - ======================================================================
2026-05-24 16:18:14,287 - root - INFO -   Privacy Budget (ε):     16.0000
2026-05-24 16:18:14,287 - root - INFO -   Failure Probability (δ): 0.000001
2026-05-24 16:18:14,287 - root - INFO -   Clipping Norm (C):      0.0125
2026-05-24 16:18:14,287 - root - INFO -   Noise Scale (σ):        0.0041
2026-05-24 16:18:14,287 - root - INFO - ======================================================================

2026-05-24 16:18:14,287 - root - INFO - add_noise: grad_norm=0.0125, noise_norm=0.0214, sigma=0.0041, epsilon_per_round=16.0000
2026-05-24 16:18:14,287 - root - INFO - DP Round 1: clipping_ratio=0.0042, grad_norm_before=2.9842, grad_norm_after=0.0125, noise_norm=0.0214, epsilon_total=16.0000
2026-05-24 16:18:14,287 - root - INFO - add_noise: grad_norm=0.0125, noise_norm=0.0015, sigma=0.0041, epsilon_per_round=16.0000
2026-05-24 16:18:14,287 - root - INFO - DP Round 2: clipping_ratio=0.0048, grad_norm_before=2.5900, grad_norm_after=0.0125, noise_norm=0.0015, epsilon_total=32.0000
2026-05-24 16:18:14,302 - root - INFO - 
======================================================================
2026-05-24 16:18:14,303 - root - INFO - Differential Privacy Mechanism Initialized: GaussianDP
2026-05-24 16:18:14,303 - root - INFO - ======================================================================
2026-05-24 16:18:14,303 - root - INFO -   Privacy Budget (ε):     16.0000
2026-05-24 16:18:14,303 - root - INFO -   Failure Probability (δ): 0.000001
2026-05-24 16:18:14,303 - root - INFO -   Clipping Norm (C):      0.0135
2026-05-24 16:18:14,303 - root - INFO -   Noise Scale (σ):        0.0044
2026-05-24 16:18:14,303 - root - INFO - ======================================================================

2026-05-24 16:18:14,303 - root - INFO - add_noise: grad_norm=0.0135, noise_norm=0.0289, sigma=0.0044, epsilon_per_round=16.0000
2026-05-24 16:18:14,303 - root - INFO - DP Round 1: clipping_ratio=0.0055, grad_norm_before=2.4832, grad_norm_after=0.0135, noise_norm=0.0289, epsilon_total=16.0000
2026-05-24 16:18:14,303 - root - INFO - add_noise: grad_norm=0.0135, noise_norm=0.0005, sigma=0.0044, epsilon_per_round=16.0000
2026-05-24 16:18:14,303 - root - INFO - DP Round 2: clipping_ratio=0.0047, grad_norm_before=2.8690, grad_norm_after=0.0135, noise_norm=0.0005, epsilon_total=32.0000
2026-05-24 16:18:14,308 - __main__ - INFO - Round 1 Validation AUROC: 0.8423
2026-05-24 16:18:14,308 - root - INFO - Round 2/3 - mode per_sample_approx
2026-05-24 16:18:14,327 - root - INFO - 
======================================================================
2026-05-24 16:18:14,328 - root - INFO - Differential Privacy Mechanism Initialized: GaussianDP
2026-05-24 16:18:14,328 - root - INFO - ======================================================================
2026-05-24 16:18:14,328 - root - INFO -   Privacy Budget (ε):     16.0000
2026-05-24 16:18:14,328 - root - INFO -   Failure Probability (δ): 0.000001
2026-05-24 16:18:14,328 - root - INFO -   Clipping Norm (C):      0.0111
2026-05-24 16:18:14,328 - root - INFO -   Noise Scale (σ):        0.0036
2026-05-24 16:18:14,328 - root - INFO - ======================================================================

2026-05-24 16:18:14,328 - root - INFO - add_noise: grad_norm=0.0111, noise_norm=0.0230, sigma=0.0036, epsilon_per_round=16.0000
2026-05-24 16:18:14,328 - root - INFO - DP Round 1: clipping_ratio=0.0043, grad_norm_before=2.5904, grad_norm_after=0.0111, noise_norm=0.0230, epsilon_total=16.0000
2026-05-24 16:18:14,328 - root - INFO - add_noise: grad_norm=0.0111, noise_norm=0.0038, sigma=0.0036, epsilon_per_round=16.0000
2026-05-24 16:18:14,328 - root - INFO - DP Round 2: clipping_ratio=0.0031, grad_norm_before=3.5588, grad_norm_after=0.0111, noise_norm=0.0038, epsilon_total=32.0000
2026-05-24 16:18:14,341 - root - INFO - 
======================================================================
2026-05-24 16:18:14,341 - root - INFO - Differential Privacy Mechanism Initialized: GaussianDP
2026-05-24 16:18:14,341 - root - INFO - ======================================================================
2026-05-24 16:18:14,341 - root - INFO -   Privacy Budget (ε):     16.0000
2026-05-24 16:18:14,341 - root - INFO -   Failure Probability (δ): 0.000001
2026-05-24 16:18:14,341 - root - INFO -   Clipping Norm (C):      0.0140
2026-05-24 16:18:14,341 - root - INFO -   Noise Scale (σ):        0.0046
2026-05-24 16:18:14,341 - root - INFO - ======================================================================

2026-05-24 16:18:14,341 - root - INFO - add_noise: grad_norm=0.0140, noise_norm=0.0224, sigma=0.0046, epsilon_per_round=16.0000
2026-05-24 16:18:14,341 - root - INFO - DP Round 1: clipping_ratio=0.0056, grad_norm_before=2.4938, grad_norm_after=0.0140, noise_norm=0.0224, epsilon_total=16.0000
2026-05-24 16:18:14,341 - root - INFO - add_noise: grad_norm=0.0140, noise_norm=0.0008, sigma=0.0046, epsilon_per_round=16.0000
2026-05-24 16:18:14,341 - root - INFO - DP Round 2: clipping_ratio=0.0048, grad_norm_before=2.8958, grad_norm_after=0.0140, noise_norm=0.0008, epsilon_total=32.0000
2026-05-24 16:18:14,365 - root - INFO - 
======================================================================
2026-05-24 16:18:14,365 - root - INFO - Differential Privacy Mechanism Initialized: GaussianDP
2026-05-24 16:18:14,365 - root - INFO - ======================================================================
2026-05-24 16:18:14,365 - root - INFO -   Privacy Budget (ε):     16.0000
2026-05-24 16:18:14,365 - root - INFO -   Failure Probability (δ): 0.000001
2026-05-24 16:18:14,365 - root - INFO -   Clipping Norm (C):      0.0107
2026-05-24 16:18:14,365 - root - INFO -   Noise Scale (σ):        0.0035
2026-05-24 16:18:14,365 - root - INFO - ======================================================================

2026-05-24 16:18:14,365 - root - INFO - add_noise: grad_norm=0.0107, noise_norm=0.0194, sigma=0.0035, epsilon_per_round=16.0000
2026-05-24 16:18:14,365 - root - INFO - DP Round 1: clipping_ratio=0.0058, grad_norm_before=1.8491, grad_norm_after=0.0107, noise_norm=0.0194, epsilon_total=16.0000
2026-05-24 16:18:14,365 - root - INFO - add_noise: grad_norm=0.0107, noise_norm=0.0030, sigma=0.0035, epsilon_per_round=16.0000
2026-05-24 16:18:14,365 - root - INFO - DP Round 2: clipping_ratio=0.0045, grad_norm_before=2.3548, grad_norm_after=0.0107, noise_norm=0.0030, epsilon_total=32.0000
2026-05-24 16:18:14,392 - root - INFO - 
======================================================================
2026-05-24 16:18:14,393 - root - INFO - Differential Privacy Mechanism Initialized: GaussianDP
2026-05-24 16:18:14,393 - root - INFO - ======================================================================
2026-05-24 16:18:14,393 - root - INFO -   Privacy Budget (ε):     16.0000
2026-05-24 16:18:14,393 - root - INFO -   Failure Probability (δ): 0.000001
2026-05-24 16:18:14,393 - root - INFO -   Clipping Norm (C):      0.0120
2026-05-24 16:18:14,393 - root - INFO -   Noise Scale (σ):        0.0039
2026-05-24 16:18:14,393 - root - INFO - ======================================================================

2026-05-24 16:18:14,393 - root - INFO - add_noise: grad_norm=0.0120, noise_norm=0.0231, sigma=0.0039, epsilon_per_round=16.0000
2026-05-24 16:18:14,393 - root - INFO - DP Round 1: clipping_ratio=0.0047, grad_norm_before=2.5337, grad_norm_after=0.0120, noise_norm=0.0231, epsilon_total=16.0000
2026-05-24 16:18:14,393 - root - INFO - add_noise: grad_norm=0.0120, noise_norm=0.0036, sigma=0.0039, epsilon_per_round=16.0000
2026-05-24 16:18:14,393 - root - INFO - DP Round 2: clipping_ratio=0.0045, grad_norm_before=2.6518, grad_norm_after=0.0120, noise_norm=0.0036, epsilon_total=32.0000
2026-05-24 16:18:14,401 - root - INFO - 
======================================================================
2026-05-24 16:18:14,401 - root - INFO - Differential Privacy Mechanism Initialized: GaussianDP
2026-05-24 16:18:14,401 - root - INFO - ======================================================================
2026-05-24 16:18:14,401 - root - INFO -   Privacy Budget (ε):     16.0000
2026-05-24 16:18:14,401 - root - INFO -   Failure Probability (δ): 0.000001
2026-05-24 16:18:14,401 - root - INFO -   Clipping Norm (C):      0.0332
2026-05-24 16:18:14,401 - root - INFO -   Noise Scale (σ):        0.0109
2026-05-24 16:18:14,401 - root - INFO - ======================================================================

2026-05-24 16:18:14,401 - root - INFO - add_noise: grad_norm=0.0332, noise_norm=0.0627, sigma=0.0109, epsilon_per_round=16.0000
2026-05-24 16:18:14,401 - root - INFO - DP Round 1: clipping_ratio=0.0103, grad_norm_before=3.2300, grad_norm_after=0.0332, noise_norm=0.0627, epsilon_total=16.0000
2026-05-24 16:18:14,401 - root - INFO - add_noise: grad_norm=0.0332, noise_norm=0.0049, sigma=0.0109, epsilon_per_round=16.0000
2026-05-24 16:18:14,401 - root - INFO - DP Round 2: clipping_ratio=0.0236, grad_norm_before=1.4097, grad_norm_after=0.0332, noise_norm=0.0049, epsilon_total=32.0000
2026-05-24 16:18:14,419 - root - INFO - 
======================================================================
2026-05-24 16:18:14,419 - root - INFO - Differential Privacy Mechanism Initialized: GaussianDP
2026-05-24 16:18:14,419 - root - INFO - ======================================================================
2026-05-24 16:18:14,419 - root - INFO -   Privacy Budget (ε):     16.0000
2026-05-24 16:18:14,419 - root - INFO -   Failure Probability (δ): 0.000001
2026-05-24 16:18:14,419 - root - INFO -   Clipping Norm (C):      0.0125
2026-05-24 16:18:14,419 - root - INFO -   Noise Scale (σ):        0.0041
2026-05-24 16:18:14,419 - root - INFO - ======================================================================

2026-05-24 16:18:14,419 - root - INFO - add_noise: grad_norm=0.0125, noise_norm=0.0264, sigma=0.0041, epsilon_per_round=16.0000
2026-05-24 16:18:14,419 - root - INFO - DP Round 1: clipping_ratio=0.0042, grad_norm_before=2.9842, grad_norm_after=0.0125, noise_norm=0.0264, epsilon_total=16.0000
2026-05-24 16:18:14,419 - root - INFO - add_noise: grad_norm=0.0125, noise_norm=0.0073, sigma=0.0041, epsilon_per_round=16.0000
2026-05-24 16:18:14,419 - root - INFO - DP Round 2: clipping_ratio=0.0048, grad_norm_before=2.5900, grad_norm_after=0.0125, noise_norm=0.0073, epsilon_total=32.0000
2026-05-24 16:18:14,434 - root - INFO - 
======================================================================
2026-05-24 16:18:14,434 - root - INFO - Differential Privacy Mechanism Initialized: GaussianDP
2026-05-24 16:18:14,434 - root - INFO - ======================================================================
2026-05-24 16:18:14,434 - root - INFO -   Privacy Budget (ε):     16.0000
2026-05-24 16:18:14,434 - root - INFO -   Failure Probability (δ): 0.000001
2026-05-24 16:18:14,434 - root - INFO -   Clipping Norm (C):      0.0135
2026-05-24 16:18:14,434 - root - INFO -   Noise Scale (σ):        0.0044
2026-05-24 16:18:14,434 - root - INFO - ======================================================================

2026-05-24 16:18:14,435 - root - INFO - add_noise: grad_norm=0.0135, noise_norm=0.0250, sigma=0.0044, epsilon_per_round=16.0000
2026-05-24 16:18:14,435 - root - INFO - DP Round 1: clipping_ratio=0.0055, grad_norm_before=2.4832, grad_norm_after=0.0135, noise_norm=0.0250, epsilon_total=16.0000
2026-05-24 16:18:14,435 - root - INFO - add_noise: grad_norm=0.0135, noise_norm=0.0045, sigma=0.0044, epsilon_per_round=16.0000
2026-05-24 16:18:14,435 - root - INFO - DP Round 2: clipping_ratio=0.0047, grad_norm_before=2.8690, grad_norm_after=0.0135, noise_norm=0.0045, epsilon_total=32.0000
2026-05-24 16:18:14,440 - __main__ - INFO - Round 2 Validation AUROC: 0.7383
2026-05-24 16:18:14,440 - root - INFO - Round 3/3 - mode per_sample_approx
2026-05-24 16:18:14,459 - root - INFO - 
======================================================================
2026-05-24 16:18:14,459 - root - INFO - Differential Privacy Mechanism Initialized: GaussianDP
2026-05-24 16:18:14,459 - root - INFO - ======================================================================
2026-05-24 16:18:14,459 - root - INFO -   Privacy Budget (ε):     16.0000
2026-05-24 16:18:14,459 - root - INFO -   Failure Probability (δ): 0.000001
2026-05-24 16:18:14,459 - root - INFO -   Clipping Norm (C):      0.0111
2026-05-24 16:18:14,459 - root - INFO -   Noise Scale (σ):        0.0036
2026-05-24 16:18:14,460 - root - INFO - ======================================================================

2026-05-24 16:18:14,460 - root - INFO - add_noise: grad_norm=0.0111, noise_norm=0.0187, sigma=0.0036, epsilon_per_round=16.0000
2026-05-24 16:18:14,460 - root - INFO - DP Round 1: clipping_ratio=0.0043, grad_norm_before=2.5904, grad_norm_after=0.0111, noise_norm=0.0187, epsilon_total=16.0000
2026-05-24 16:18:14,460 - root - INFO - add_noise: grad_norm=0.0111, noise_norm=0.0025, sigma=0.0036, epsilon_per_round=16.0000
2026-05-24 16:18:14,460 - root - INFO - DP Round 2: clipping_ratio=0.0031, grad_norm_before=3.5588, grad_norm_after=0.0111, noise_norm=0.0025, epsilon_total=32.0000
2026-05-24 16:18:14,473 - root - INFO - 
======================================================================
2026-05-24 16:18:14,473 - root - INFO - Differential Privacy Mechanism Initialized: GaussianDP
2026-05-24 16:18:14,473 - root - INFO - ======================================================================
2026-05-24 16:18:14,473 - root - INFO -   Privacy Budget (ε):     16.0000
2026-05-24 16:18:14,473 - root - INFO -   Failure Probability (δ): 0.000001
2026-05-24 16:18:14,473 - root - INFO -   Clipping Norm (C):      0.0140
2026-05-24 16:18:14,473 - root - INFO -   Noise Scale (σ):        0.0046
2026-05-24 16:18:14,473 - root - INFO - ======================================================================

2026-05-24 16:18:14,473 - root - INFO - add_noise: grad_norm=0.0140, noise_norm=0.0249, sigma=0.0046, epsilon_per_round=16.0000
2026-05-24 16:18:14,473 - root - INFO - DP Round 1: clipping_ratio=0.0056, grad_norm_before=2.4938, grad_norm_after=0.0140, noise_norm=0.0249, epsilon_total=16.0000
2026-05-24 16:18:14,473 - root - INFO - add_noise: grad_norm=0.0140, noise_norm=0.0009, sigma=0.0046, epsilon_per_round=16.0000
2026-05-24 16:18:14,473 - root - INFO - DP Round 2: clipping_ratio=0.0048, grad_norm_before=2.8958, grad_norm_after=0.0140, noise_norm=0.0009, epsilon_total=32.0000
2026-05-24 16:18:14,498 - root - INFO - 
======================================================================
2026-05-24 16:18:14,498 - root - INFO - Differential Privacy Mechanism Initialized: GaussianDP
2026-05-24 16:18:14,498 - root - INFO - ======================================================================
2026-05-24 16:18:14,498 - root - INFO -   Privacy Budget (ε):     16.0000
2026-05-24 16:18:14,498 - root - INFO -   Failure Probability (δ): 0.000001
2026-05-24 16:18:14,498 - root - INFO -   Clipping Norm (C):      0.0107
2026-05-24 16:18:14,498 - root - INFO -   Noise Scale (σ):        0.0035
2026-05-24 16:18:14,498 - root - INFO - ======================================================================

2026-05-24 16:18:14,498 - root - INFO - add_noise: grad_norm=0.0107, noise_norm=0.0182, sigma=0.0035, epsilon_per_round=16.0000
2026-05-24 16:18:14,498 - root - INFO - DP Round 1: clipping_ratio=0.0058, grad_norm_before=1.8491, grad_norm_after=0.0107, noise_norm=0.0182, epsilon_total=16.0000
2026-05-24 16:18:14,498 - root - INFO - add_noise: grad_norm=0.0107, noise_norm=0.0036, sigma=0.0035, epsilon_per_round=16.0000
2026-05-24 16:18:14,498 - root - INFO - DP Round 2: clipping_ratio=0.0045, grad_norm_before=2.3548, grad_norm_after=0.0107, noise_norm=0.0036, epsilon_total=32.0000
2026-05-24 16:18:14,520 - root - INFO - 
======================================================================
2026-05-24 16:18:14,521 - root - INFO - Differential Privacy Mechanism Initialized: GaussianDP
2026-05-24 16:18:14,521 - root - INFO - ======================================================================
2026-05-24 16:18:14,521 - root - INFO -   Privacy Budget (ε):     16.0000
2026-05-24 16:18:14,521 - root - INFO -   Failure Probability (δ): 0.000001
2026-05-24 16:18:14,521 - root - INFO -   Clipping Norm (C):      0.0120
2026-05-24 16:18:14,521 - root - INFO -   Noise Scale (σ):        0.0039
2026-05-24 16:18:14,521 - root - INFO - ======================================================================

2026-05-24 16:18:14,521 - root - INFO - add_noise: grad_norm=0.0120, noise_norm=0.0278, sigma=0.0039, epsilon_per_round=16.0000
2026-05-24 16:18:14,521 - root - INFO - DP Round 1: clipping_ratio=0.0047, grad_norm_before=2.5337, grad_norm_after=0.0120, noise_norm=0.0278, epsilon_total=16.0000
2026-05-24 16:18:14,521 - root - INFO - add_noise: grad_norm=0.0120, noise_norm=0.0020, sigma=0.0039, epsilon_per_round=16.0000
2026-05-24 16:18:14,521 - root - INFO - DP Round 2: clipping_ratio=0.0045, grad_norm_before=2.6518, grad_norm_after=0.0120, noise_norm=0.0020, epsilon_total=32.0000
2026-05-24 16:18:14,529 - root - INFO - 
======================================================================
2026-05-24 16:18:14,529 - root - INFO - Differential Privacy Mechanism Initialized: GaussianDP
2026-05-24 16:18:14,529 - root - INFO - ======================================================================
2026-05-24 16:18:14,529 - root - INFO -   Privacy Budget (ε):     16.0000
2026-05-24 16:18:14,529 - root - INFO -   Failure Probability (δ): 0.000001
2026-05-24 16:18:14,530 - root - INFO -   Clipping Norm (C):      0.0332
2026-05-24 16:18:14,530 - root - INFO -   Noise Scale (σ):        0.0109
2026-05-24 16:18:14,530 - root - INFO - ======================================================================

2026-05-24 16:18:14,530 - root - INFO - add_noise: grad_norm=0.0332, noise_norm=0.0592, sigma=0.0109, epsilon_per_round=16.0000
2026-05-24 16:18:14,530 - root - INFO - DP Round 1: clipping_ratio=0.0103, grad_norm_before=3.2300, grad_norm_after=0.0332, noise_norm=0.0592, epsilon_total=16.0000
2026-05-24 16:18:14,530 - root - INFO - add_noise: grad_norm=0.0332, noise_norm=0.0008, sigma=0.0109, epsilon_per_round=16.0000
2026-05-24 16:18:14,530 - root - INFO - DP Round 2: clipping_ratio=0.0236, grad_norm_before=1.4097, grad_norm_after=0.0332, noise_norm=0.0008, epsilon_total=32.0000
2026-05-24 16:18:14,557 - root - INFO - 
======================================================================
2026-05-24 16:18:14,557 - root - INFO - Differential Privacy Mechanism Initialized: GaussianDP
2026-05-24 16:18:14,557 - root - INFO - ======================================================================
2026-05-24 16:18:14,557 - root - INFO -   Privacy Budget (ε):     16.0000
2026-05-24 16:18:14,557 - root - INFO -   Failure Probability (δ): 0.000001
2026-05-24 16:18:14,557 - root - INFO -   Clipping Norm (C):      0.0125
2026-05-24 16:18:14,557 - root - INFO -   Noise Scale (σ):        0.0041
2026-05-24 16:18:14,557 - root - INFO - ======================================================================

2026-05-24 16:18:14,557 - root - INFO - add_noise: grad_norm=0.0125, noise_norm=0.0214, sigma=0.0041, epsilon_per_round=16.0000
2026-05-24 16:18:14,557 - root - INFO - DP Round 1: clipping_ratio=0.0042, grad_norm_before=2.9842, grad_norm_after=0.0125, noise_norm=0.0214, epsilon_total=16.0000
2026-05-24 16:18:14,557 - root - INFO - add_noise: grad_norm=0.0125, noise_norm=0.0017, sigma=0.0041, epsilon_per_round=16.0000
2026-05-24 16:18:14,557 - root - INFO - DP Round 2: clipping_ratio=0.0048, grad_norm_before=2.5900, grad_norm_after=0.0125, noise_norm=0.0017, epsilon_total=32.0000
2026-05-24 16:18:14,579 - root - INFO - 
======================================================================
2026-05-24 16:18:14,579 - root - INFO - Differential Privacy Mechanism Initialized: GaussianDP
2026-05-24 16:18:14,579 - root - INFO - ======================================================================
2026-05-24 16:18:14,579 - root - INFO -   Privacy Budget (ε):     16.0000
2026-05-24 16:18:14,579 - root - INFO -   Failure Probability (δ): 0.000001
2026-05-24 16:18:14,579 - root - INFO -   Clipping Norm (C):      0.0135
2026-05-24 16:18:14,579 - root - INFO -   Noise Scale (σ):        0.0044
2026-05-24 16:18:14,579 - root - INFO - ======================================================================

2026-05-24 16:18:14,579 - root - INFO - add_noise: grad_norm=0.0135, noise_norm=0.0271, sigma=0.0044, epsilon_per_round=16.0000
2026-05-24 16:18:14,579 - root - INFO - DP Round 1: clipping_ratio=0.0055, grad_norm_before=2.4832, grad_norm_after=0.0135, noise_norm=0.0271, epsilon_total=16.0000
2026-05-24 16:18:14,579 - root - INFO - add_noise: grad_norm=0.0135, noise_norm=0.0004, sigma=0.0044, epsilon_per_round=16.0000
2026-05-24 16:18:14,579 - root - INFO - DP Round 2: clipping_ratio=0.0047, grad_norm_before=2.8690, grad_norm_after=0.0135, noise_norm=0.0004, epsilon_total=32.0000
2026-05-24 16:18:14,584 - __main__ - INFO - Round 3 Validation AUROC: 0.8174
2026-05-24 16:18:14,589 - __main__ - INFO - Final Test AUROC: 0.8251
2026-05-24 16:18:14,590 - __main__ - INFO - Completed per_sample_approx eps=16 seed=1 -> test_auc=0.8251
2026-05-24 16:18:14,591 - __main__ - INFO - Starting prototype run: mode=per_sample_approx, eps=16, C=1.0, rounds=3, seed=2
2026-05-24 16:18:14,591 - src.data.loader - INFO - Loading cohort from cache: /home/raiyanjiyon/Projects/federated-healthcare-ml/data/cache/mimic_iv_cohort.csv
2026-05-24 16:18:14,748 - src.data.loader - WARNING - Missing features: {'admission_type_emergency'}
2026-05-24 16:18:14,755 - src.data.loader - INFO - Dataset: 65273 patients, 31 features
2026-05-24 16:18:14,755 - src.data.loader - INFO - Target distribution: [58207  7066]
2026-05-24 16:18:14,759 - src.data.split - INFO - ✓ Medical Intensive Care Unit (MICU): 8791 patients, 1410 deaths (16.0%)
2026-05-24 16:18:14,763 - src.data.split - INFO - ✓ Surgical Intensive Care Unit (SICU): 6372 patients, 754 deaths (11.8%)
2026-05-24 16:18:14,767 - src.data.split - INFO - ✓ Medical/Surgical Intensive Care Unit (MICU/SICU): 6983 patients, 957 deaths (13.7%)
2026-05-24 16:18:14,771 - src.data.split - INFO - ✓ Cardiac Vascular Intensive Care Unit (CVICU): 8118 patients, 265 deaths (3.3%)
2026-05-24 16:18:14,774 - src.data.split - INFO - ✓ Coronary Care Unit (CCU): 5113 patients, 643 deaths (12.6%)
2026-05-24 16:18:14,779 - src.data.split - INFO - ✓ Trauma SICU (TSICU): 5458 patients, 569 deaths (10.4%)
2026-05-24 16:18:14,781 - src.data.split - INFO - ✓ Neuro Surgical Intensive Care Unit (Neuro SICU): 907 patients, 256 deaths (28.2%)
2026-05-24 16:18:14,786 - src.data.split - INFO -   (skipped Intensive Care Unit (ICU): 16 patients, < 100)
2026-05-24 16:18:14,788 - src.data.split - INFO -   (skipped Medicine: 9 patients, < 100)
2026-05-24 16:18:14,790 - src.data.split - INFO -   (skipped Neuro Intermediate: 3035 patients, < 100)
2026-05-24 16:18:14,793 - src.data.split - INFO -   (skipped Neuro Stepdown: 784 patients, < 100)
2026-05-24 16:18:14,795 - src.data.split - INFO -   (skipped PACU: 43 patients, < 100)
2026-05-24 16:18:14,797 - src.data.split - INFO -   (skipped Surgery/Trauma: 2 patients, < 100)
2026-05-24 16:18:14,799 - src.data.split - INFO -   (skipped Surgery/Vascular/Intermediate: 60 patients, < 100)
2026-05-24 16:18:14,799 - src.data.split - INFO - 
✓ Federated learning ready: 7 clients
2026-05-24 16:18:14,812 - src.training.federated - INFO - FederatedTrainer initialized:
2026-05-24 16:18:14,812 - src.training.federated - INFO -   Clients: 7
2026-05-24 16:18:14,812 - src.training.federated - INFO -   Training samples: 41742
2026-05-24 16:18:14,812 - src.training.federated - INFO -   Validation samples: 9791
2026-05-24 16:18:14,812 - src.training.federated - INFO -   Test samples: 9791
2026-05-24 16:18:14,812 - src.training.federated - INFO -   Features: 31
2026-05-24 16:18:14,812 - src.training.federated - INFO -   Rounds: 3
2026-05-24 16:18:14,812 - src.training.federated - INFO -   Strategy: FEDAVG
2026-05-24 16:18:14,812 - src.training.federated - INFO -   Privacy: Disabled
2026-05-24 16:18:14,813 - root - INFO - 
======================================================================
2026-05-24 16:18:14,813 - root - INFO - Differential Privacy Mechanism Initialized: GaussianDP
2026-05-24 16:18:14,813 - root - INFO - ======================================================================
2026-05-24 16:18:14,813 - root - INFO -   Privacy Budget (ε):     16.0000
2026-05-24 16:18:14,813 - root - INFO -   Failure Probability (δ): 0.000001
2026-05-24 16:18:14,813 - root - INFO -   Clipping Norm (C):      1.0000
2026-05-24 16:18:14,813 - root - INFO -   Noise Scale (σ):        0.3285
2026-05-24 16:18:14,813 - root - INFO - ======================================================================

2026-05-24 16:18:14,813 - root - INFO - Round 1/3 - mode per_sample_approx
2026-05-24 16:18:14,839 - root - INFO - 
======================================================================
2026-05-24 16:18:14,839 - root - INFO - Differential Privacy Mechanism Initialized: GaussianDP
2026-05-24 16:18:14,839 - root - INFO - ======================================================================
2026-05-24 16:18:14,839 - root - INFO -   Privacy Budget (ε):     16.0000
2026-05-24 16:18:14,839 - root - INFO -   Failure Probability (δ): 0.000001
2026-05-24 16:18:14,839 - root - INFO -   Clipping Norm (C):      0.0111
2026-05-24 16:18:14,839 - root - INFO -   Noise Scale (σ):        0.0036
2026-05-24 16:18:14,839 - root - INFO - ======================================================================

2026-05-24 16:18:14,839 - root - INFO - add_noise: grad_norm=0.0111, noise_norm=0.0201, sigma=0.0036, epsilon_per_round=16.0000
2026-05-24 16:18:14,839 - root - INFO - DP Round 1: clipping_ratio=0.0043, grad_norm_before=2.5904, grad_norm_after=0.0111, noise_norm=0.0201, epsilon_total=16.0000
2026-05-24 16:18:14,839 - root - INFO - add_noise: grad_norm=0.0111, noise_norm=0.0081, sigma=0.0036, epsilon_per_round=16.0000
2026-05-24 16:18:14,839 - root - INFO - DP Round 2: clipping_ratio=0.0031, grad_norm_before=3.5588, grad_norm_after=0.0111, noise_norm=0.0081, epsilon_total=32.0000
2026-05-24 16:18:14,855 - root - INFO - 
======================================================================
2026-05-24 16:18:14,855 - root - INFO - Differential Privacy Mechanism Initialized: GaussianDP
2026-05-24 16:18:14,855 - root - INFO - ======================================================================
2026-05-24 16:18:14,855 - root - INFO -   Privacy Budget (ε):     16.0000
2026-05-24 16:18:14,855 - root - INFO -   Failure Probability (δ): 0.000001
2026-05-24 16:18:14,855 - root - INFO -   Clipping Norm (C):      0.0140
2026-05-24 16:18:14,855 - root - INFO -   Noise Scale (σ):        0.0046
2026-05-24 16:18:14,855 - root - INFO - ======================================================================

2026-05-24 16:18:14,855 - root - INFO - add_noise: grad_norm=0.0140, noise_norm=0.0240, sigma=0.0046, epsilon_per_round=16.0000
2026-05-24 16:18:14,855 - root - INFO - DP Round 1: clipping_ratio=0.0056, grad_norm_before=2.4938, grad_norm_after=0.0140, noise_norm=0.0240, epsilon_total=16.0000
2026-05-24 16:18:14,855 - root - INFO - add_noise: grad_norm=0.0140, noise_norm=0.0015, sigma=0.0046, epsilon_per_round=16.0000
2026-05-24 16:18:14,855 - root - INFO - DP Round 2: clipping_ratio=0.0048, grad_norm_before=2.8958, grad_norm_after=0.0140, noise_norm=0.0015, epsilon_total=32.0000
2026-05-24 16:18:14,879 - root - INFO - 
======================================================================
2026-05-24 16:18:14,879 - root - INFO - Differential Privacy Mechanism Initialized: GaussianDP
2026-05-24 16:18:14,879 - root - INFO - ======================================================================
2026-05-24 16:18:14,879 - root - INFO -   Privacy Budget (ε):     16.0000
2026-05-24 16:18:14,879 - root - INFO -   Failure Probability (δ): 0.000001
2026-05-24 16:18:14,879 - root - INFO -   Clipping Norm (C):      0.0107
2026-05-24 16:18:14,879 - root - INFO -   Noise Scale (σ):        0.0035
2026-05-24 16:18:14,879 - root - INFO - ======================================================================

2026-05-24 16:18:14,879 - root - INFO - add_noise: grad_norm=0.0107, noise_norm=0.0215, sigma=0.0035, epsilon_per_round=16.0000
2026-05-24 16:18:14,879 - root - INFO - DP Round 1: clipping_ratio=0.0058, grad_norm_before=1.8491, grad_norm_after=0.0107, noise_norm=0.0215, epsilon_total=16.0000
2026-05-24 16:18:14,879 - root - INFO - add_noise: grad_norm=0.0107, noise_norm=0.0036, sigma=0.0035, epsilon_per_round=16.0000
2026-05-24 16:18:14,879 - root - INFO - DP Round 2: clipping_ratio=0.0045, grad_norm_before=2.3548, grad_norm_after=0.0107, noise_norm=0.0036, epsilon_total=32.0000
2026-05-24 16:18:14,907 - root - INFO - 
======================================================================
2026-05-24 16:18:14,908 - root - INFO - Differential Privacy Mechanism Initialized: GaussianDP
2026-05-24 16:18:14,908 - root - INFO - ======================================================================
2026-05-24 16:18:14,908 - root - INFO -   Privacy Budget (ε):     16.0000
2026-05-24 16:18:14,908 - root - INFO -   Failure Probability (δ): 0.000001
2026-05-24 16:18:14,908 - root - INFO -   Clipping Norm (C):      0.0120
2026-05-24 16:18:14,908 - root - INFO -   Noise Scale (σ):        0.0039
2026-05-24 16:18:14,908 - root - INFO - ======================================================================

2026-05-24 16:18:14,908 - root - INFO - add_noise: grad_norm=0.0120, noise_norm=0.0241, sigma=0.0039, epsilon_per_round=16.0000
2026-05-24 16:18:14,908 - root - INFO - DP Round 1: clipping_ratio=0.0047, grad_norm_before=2.5337, grad_norm_after=0.0120, noise_norm=0.0241, epsilon_total=16.0000
2026-05-24 16:18:14,908 - root - INFO - add_noise: grad_norm=0.0120, noise_norm=0.0039, sigma=0.0039, epsilon_per_round=16.0000
2026-05-24 16:18:14,908 - root - INFO - DP Round 2: clipping_ratio=0.0045, grad_norm_before=2.6518, grad_norm_after=0.0120, noise_norm=0.0039, epsilon_total=32.0000
2026-05-24 16:18:14,916 - root - INFO - 
======================================================================
2026-05-24 16:18:14,916 - root - INFO - Differential Privacy Mechanism Initialized: GaussianDP
2026-05-24 16:18:14,916 - root - INFO - ======================================================================
2026-05-24 16:18:14,916 - root - INFO -   Privacy Budget (ε):     16.0000
2026-05-24 16:18:14,916 - root - INFO -   Failure Probability (δ): 0.000001
2026-05-24 16:18:14,916 - root - INFO -   Clipping Norm (C):      0.0332
2026-05-24 16:18:14,916 - root - INFO -   Noise Scale (σ):        0.0109
2026-05-24 16:18:14,916 - root - INFO - ======================================================================

2026-05-24 16:18:14,916 - root - INFO - add_noise: grad_norm=0.0332, noise_norm=0.0730, sigma=0.0109, epsilon_per_round=16.0000
2026-05-24 16:18:14,916 - root - INFO - DP Round 1: clipping_ratio=0.0103, grad_norm_before=3.2300, grad_norm_after=0.0332, noise_norm=0.0730, epsilon_total=16.0000
2026-05-24 16:18:14,916 - root - INFO - add_noise: grad_norm=0.0332, noise_norm=0.0049, sigma=0.0109, epsilon_per_round=16.0000
2026-05-24 16:18:14,916 - root - INFO - DP Round 2: clipping_ratio=0.0236, grad_norm_before=1.4097, grad_norm_after=0.0332, noise_norm=0.0049, epsilon_total=32.0000
2026-05-24 16:18:14,933 - root - INFO - 
======================================================================
2026-05-24 16:18:14,934 - root - INFO - Differential Privacy Mechanism Initialized: GaussianDP
2026-05-24 16:18:14,934 - root - INFO - ======================================================================
2026-05-24 16:18:14,934 - root - INFO -   Privacy Budget (ε):     16.0000
2026-05-24 16:18:14,934 - root - INFO -   Failure Probability (δ): 0.000001
2026-05-24 16:18:14,934 - root - INFO -   Clipping Norm (C):      0.0125
2026-05-24 16:18:14,934 - root - INFO -   Noise Scale (σ):        0.0041
2026-05-24 16:18:14,934 - root - INFO - ======================================================================

2026-05-24 16:18:14,934 - root - INFO - add_noise: grad_norm=0.0125, noise_norm=0.0259, sigma=0.0041, epsilon_per_round=16.0000
2026-05-24 16:18:14,934 - root - INFO - DP Round 1: clipping_ratio=0.0042, grad_norm_before=2.9842, grad_norm_after=0.0125, noise_norm=0.0259, epsilon_total=16.0000
2026-05-24 16:18:14,934 - root - INFO - add_noise: grad_norm=0.0125, noise_norm=0.0031, sigma=0.0041, epsilon_per_round=16.0000
2026-05-24 16:18:14,934 - root - INFO - DP Round 2: clipping_ratio=0.0048, grad_norm_before=2.5900, grad_norm_after=0.0125, noise_norm=0.0031, epsilon_total=32.0000
2026-05-24 16:18:14,951 - root - INFO - 
======================================================================
2026-05-24 16:18:14,952 - root - INFO - Differential Privacy Mechanism Initialized: GaussianDP
2026-05-24 16:18:14,952 - root - INFO - ======================================================================
2026-05-24 16:18:14,952 - root - INFO -   Privacy Budget (ε):     16.0000
2026-05-24 16:18:14,952 - root - INFO -   Failure Probability (δ): 0.000001
2026-05-24 16:18:14,952 - root - INFO -   Clipping Norm (C):      0.0135
2026-05-24 16:18:14,952 - root - INFO -   Noise Scale (σ):        0.0044
2026-05-24 16:18:14,952 - root - INFO - ======================================================================

2026-05-24 16:18:14,952 - root - INFO - add_noise: grad_norm=0.0135, noise_norm=0.0235, sigma=0.0044, epsilon_per_round=16.0000
2026-05-24 16:18:14,952 - root - INFO - DP Round 1: clipping_ratio=0.0055, grad_norm_before=2.4832, grad_norm_after=0.0135, noise_norm=0.0235, epsilon_total=16.0000
2026-05-24 16:18:14,952 - root - INFO - add_noise: grad_norm=0.0135, noise_norm=0.0038, sigma=0.0044, epsilon_per_round=16.0000
2026-05-24 16:18:14,952 - root - INFO - DP Round 2: clipping_ratio=0.0047, grad_norm_before=2.8690, grad_norm_after=0.0135, noise_norm=0.0038, epsilon_total=32.0000
2026-05-24 16:18:14,959 - __main__ - INFO - Round 1 Validation AUROC: 0.7889
2026-05-24 16:18:14,960 - root - INFO - Round 2/3 - mode per_sample_approx
2026-05-24 16:18:14,979 - root - INFO - 
======================================================================
2026-05-24 16:18:14,979 - root - INFO - Differential Privacy Mechanism Initialized: GaussianDP
2026-05-24 16:18:14,979 - root - INFO - ======================================================================
2026-05-24 16:18:14,979 - root - INFO -   Privacy Budget (ε):     16.0000
2026-05-24 16:18:14,979 - root - INFO -   Failure Probability (δ): 0.000001
2026-05-24 16:18:14,979 - root - INFO -   Clipping Norm (C):      0.0111
2026-05-24 16:18:14,979 - root - INFO -   Noise Scale (σ):        0.0036
2026-05-24 16:18:14,979 - root - INFO - ======================================================================

2026-05-24 16:18:14,979 - root - INFO - add_noise: grad_norm=0.0111, noise_norm=0.0212, sigma=0.0036, epsilon_per_round=16.0000
2026-05-24 16:18:14,979 - root - INFO - DP Round 1: clipping_ratio=0.0043, grad_norm_before=2.5904, grad_norm_after=0.0111, noise_norm=0.0212, epsilon_total=16.0000
2026-05-24 16:18:14,979 - root - INFO - add_noise: grad_norm=0.0111, noise_norm=0.0002, sigma=0.0036, epsilon_per_round=16.0000
2026-05-24 16:18:14,979 - root - INFO - DP Round 2: clipping_ratio=0.0031, grad_norm_before=3.5588, grad_norm_after=0.0111, noise_norm=0.0002, epsilon_total=32.0000
2026-05-24 16:18:14,993 - root - INFO - 
======================================================================
2026-05-24 16:18:14,994 - root - INFO - Differential Privacy Mechanism Initialized: GaussianDP
2026-05-24 16:18:14,994 - root - INFO - ======================================================================
2026-05-24 16:18:14,994 - root - INFO -   Privacy Budget (ε):     16.0000
2026-05-24 16:18:14,994 - root - INFO -   Failure Probability (δ): 0.000001
2026-05-24 16:18:14,994 - root - INFO -   Clipping Norm (C):      0.0140
2026-05-24 16:18:14,994 - root - INFO -   Noise Scale (σ):        0.0046
2026-05-24 16:18:14,994 - root - INFO - ======================================================================

2026-05-24 16:18:14,994 - root - INFO - add_noise: grad_norm=0.0140, noise_norm=0.0242, sigma=0.0046, epsilon_per_round=16.0000
2026-05-24 16:18:14,994 - root - INFO - DP Round 1: clipping_ratio=0.0056, grad_norm_before=2.4938, grad_norm_after=0.0140, noise_norm=0.0242, epsilon_total=16.0000
2026-05-24 16:18:14,994 - root - INFO - add_noise: grad_norm=0.0140, noise_norm=0.0075, sigma=0.0046, epsilon_per_round=16.0000
2026-05-24 16:18:14,994 - root - INFO - DP Round 2: clipping_ratio=0.0048, grad_norm_before=2.8958, grad_norm_after=0.0140, noise_norm=0.0075, epsilon_total=32.0000
2026-05-24 16:18:15,015 - root - INFO - 
======================================================================
2026-05-24 16:18:15,015 - root - INFO - Differential Privacy Mechanism Initialized: GaussianDP
2026-05-24 16:18:15,015 - root - INFO - ======================================================================
2026-05-24 16:18:15,015 - root - INFO -   Privacy Budget (ε):     16.0000
2026-05-24 16:18:15,015 - root - INFO -   Failure Probability (δ): 0.000001
2026-05-24 16:18:15,016 - root - INFO -   Clipping Norm (C):      0.0107
2026-05-24 16:18:15,016 - root - INFO -   Noise Scale (σ):        0.0035
2026-05-24 16:18:15,016 - root - INFO - ======================================================================

2026-05-24 16:18:15,016 - root - INFO - add_noise: grad_norm=0.0107, noise_norm=0.0174, sigma=0.0035, epsilon_per_round=16.0000
2026-05-24 16:18:15,016 - root - INFO - DP Round 1: clipping_ratio=0.0058, grad_norm_before=1.8491, grad_norm_after=0.0107, noise_norm=0.0174, epsilon_total=16.0000
2026-05-24 16:18:15,016 - root - INFO - add_noise: grad_norm=0.0107, noise_norm=0.0051, sigma=0.0035, epsilon_per_round=16.0000
2026-05-24 16:18:15,016 - root - INFO - DP Round 2: clipping_ratio=0.0045, grad_norm_before=2.3548, grad_norm_after=0.0107, noise_norm=0.0051, epsilon_total=32.0000
2026-05-24 16:18:15,046 - root - INFO - 
======================================================================
2026-05-24 16:18:15,046 - root - INFO - Differential Privacy Mechanism Initialized: GaussianDP
2026-05-24 16:18:15,046 - root - INFO - ======================================================================
2026-05-24 16:18:15,046 - root - INFO -   Privacy Budget (ε):     16.0000
2026-05-24 16:18:15,046 - root - INFO -   Failure Probability (δ): 0.000001
2026-05-24 16:18:15,046 - root - INFO -   Clipping Norm (C):      0.0120
2026-05-24 16:18:15,046 - root - INFO -   Noise Scale (σ):        0.0039
2026-05-24 16:18:15,046 - root - INFO - ======================================================================

2026-05-24 16:18:15,046 - root - INFO - add_noise: grad_norm=0.0120, noise_norm=0.0231, sigma=0.0039, epsilon_per_round=16.0000
2026-05-24 16:18:15,046 - root - INFO - DP Round 1: clipping_ratio=0.0047, grad_norm_before=2.5337, grad_norm_after=0.0120, noise_norm=0.0231, epsilon_total=16.0000
2026-05-24 16:18:15,046 - root - INFO - add_noise: grad_norm=0.0120, noise_norm=0.0002, sigma=0.0039, epsilon_per_round=16.0000
2026-05-24 16:18:15,046 - root - INFO - DP Round 2: clipping_ratio=0.0045, grad_norm_before=2.6518, grad_norm_after=0.0120, noise_norm=0.0002, epsilon_total=32.0000
2026-05-24 16:18:15,052 - root - INFO - 
======================================================================
2026-05-24 16:18:15,053 - root - INFO - Differential Privacy Mechanism Initialized: GaussianDP
2026-05-24 16:18:15,053 - root - INFO - ======================================================================
2026-05-24 16:18:15,053 - root - INFO -   Privacy Budget (ε):     16.0000
2026-05-24 16:18:15,053 - root - INFO -   Failure Probability (δ): 0.000001
2026-05-24 16:18:15,053 - root - INFO -   Clipping Norm (C):      0.0332
2026-05-24 16:18:15,053 - root - INFO -   Noise Scale (σ):        0.0109
2026-05-24 16:18:15,053 - root - INFO - ======================================================================

2026-05-24 16:18:15,053 - root - INFO - add_noise: grad_norm=0.0332, noise_norm=0.0655, sigma=0.0109, epsilon_per_round=16.0000
2026-05-24 16:18:15,053 - root - INFO - DP Round 1: clipping_ratio=0.0103, grad_norm_before=3.2300, grad_norm_after=0.0332, noise_norm=0.0655, epsilon_total=16.0000
2026-05-24 16:18:15,053 - root - INFO - add_noise: grad_norm=0.0332, noise_norm=0.0012, sigma=0.0109, epsilon_per_round=16.0000
2026-05-24 16:18:15,053 - root - INFO - DP Round 2: clipping_ratio=0.0236, grad_norm_before=1.4097, grad_norm_after=0.0332, noise_norm=0.0012, epsilon_total=32.0000
2026-05-24 16:18:15,069 - root - INFO - 
======================================================================
2026-05-24 16:18:15,070 - root - INFO - Differential Privacy Mechanism Initialized: GaussianDP
2026-05-24 16:18:15,070 - root - INFO - ======================================================================
2026-05-24 16:18:15,070 - root - INFO -   Privacy Budget (ε):     16.0000
2026-05-24 16:18:15,070 - root - INFO -   Failure Probability (δ): 0.000001
2026-05-24 16:18:15,070 - root - INFO -   Clipping Norm (C):      0.0125
2026-05-24 16:18:15,070 - root - INFO -   Noise Scale (σ):        0.0041
2026-05-24 16:18:15,070 - root - INFO - ======================================================================

2026-05-24 16:18:15,070 - root - INFO - add_noise: grad_norm=0.0125, noise_norm=0.0243, sigma=0.0041, epsilon_per_round=16.0000
2026-05-24 16:18:15,070 - root - INFO - DP Round 1: clipping_ratio=0.0042, grad_norm_before=2.9842, grad_norm_after=0.0125, noise_norm=0.0243, epsilon_total=16.0000
2026-05-24 16:18:15,070 - root - INFO - add_noise: grad_norm=0.0125, noise_norm=0.0010, sigma=0.0041, epsilon_per_round=16.0000
2026-05-24 16:18:15,070 - root - INFO - DP Round 2: clipping_ratio=0.0048, grad_norm_before=2.5900, grad_norm_after=0.0125, noise_norm=0.0010, epsilon_total=32.0000
2026-05-24 16:18:15,084 - root - INFO - 
======================================================================
2026-05-24 16:18:15,084 - root - INFO - Differential Privacy Mechanism Initialized: GaussianDP
2026-05-24 16:18:15,084 - root - INFO - ======================================================================
2026-05-24 16:18:15,084 - root - INFO -   Privacy Budget (ε):     16.0000
2026-05-24 16:18:15,084 - root - INFO -   Failure Probability (δ): 0.000001
2026-05-24 16:18:15,084 - root - INFO -   Clipping Norm (C):      0.0135
2026-05-24 16:18:15,084 - root - INFO -   Noise Scale (σ):        0.0044
2026-05-24 16:18:15,084 - root - INFO - ======================================================================

2026-05-24 16:18:15,084 - root - INFO - add_noise: grad_norm=0.0135, noise_norm=0.0220, sigma=0.0044, epsilon_per_round=16.0000
2026-05-24 16:18:15,085 - root - INFO - DP Round 1: clipping_ratio=0.0055, grad_norm_before=2.4832, grad_norm_after=0.0135, noise_norm=0.0220, epsilon_total=16.0000
2026-05-24 16:18:15,085 - root - INFO - add_noise: grad_norm=0.0135, noise_norm=0.0048, sigma=0.0044, epsilon_per_round=16.0000
2026-05-24 16:18:15,085 - root - INFO - DP Round 2: clipping_ratio=0.0047, grad_norm_before=2.8690, grad_norm_after=0.0135, noise_norm=0.0048, epsilon_total=32.0000
2026-05-24 16:18:15,090 - __main__ - INFO - Round 2 Validation AUROC: 0.8064
2026-05-24 16:18:15,090 - root - INFO - Round 3/3 - mode per_sample_approx
2026-05-24 16:18:15,107 - root - INFO - 
======================================================================
2026-05-24 16:18:15,107 - root - INFO - Differential Privacy Mechanism Initialized: GaussianDP
2026-05-24 16:18:15,108 - root - INFO - ======================================================================
2026-05-24 16:18:15,108 - root - INFO -   Privacy Budget (ε):     16.0000
2026-05-24 16:18:15,108 - root - INFO -   Failure Probability (δ): 0.000001
2026-05-24 16:18:15,108 - root - INFO -   Clipping Norm (C):      0.0111
2026-05-24 16:18:15,108 - root - INFO -   Noise Scale (σ):        0.0036
2026-05-24 16:18:15,108 - root - INFO - ======================================================================

2026-05-24 16:18:15,108 - root - INFO - add_noise: grad_norm=0.0111, noise_norm=0.0210, sigma=0.0036, epsilon_per_round=16.0000
2026-05-24 16:18:15,108 - root - INFO - DP Round 1: clipping_ratio=0.0043, grad_norm_before=2.5904, grad_norm_after=0.0111, noise_norm=0.0210, epsilon_total=16.0000
2026-05-24 16:18:15,108 - root - INFO - add_noise: grad_norm=0.0111, noise_norm=0.0003, sigma=0.0036, epsilon_per_round=16.0000
2026-05-24 16:18:15,108 - root - INFO - DP Round 2: clipping_ratio=0.0031, grad_norm_before=3.5588, grad_norm_after=0.0111, noise_norm=0.0003, epsilon_total=32.0000
2026-05-24 16:18:15,125 - root - INFO - 
======================================================================
2026-05-24 16:18:15,125 - root - INFO - Differential Privacy Mechanism Initialized: GaussianDP
2026-05-24 16:18:15,125 - root - INFO - ======================================================================
2026-05-24 16:18:15,125 - root - INFO -   Privacy Budget (ε):     16.0000
2026-05-24 16:18:15,125 - root - INFO -   Failure Probability (δ): 0.000001
2026-05-24 16:18:15,125 - root - INFO -   Clipping Norm (C):      0.0140
2026-05-24 16:18:15,125 - root - INFO -   Noise Scale (σ):        0.0046
2026-05-24 16:18:15,125 - root - INFO - ======================================================================

2026-05-24 16:18:15,125 - root - INFO - add_noise: grad_norm=0.0140, noise_norm=0.0282, sigma=0.0046, epsilon_per_round=16.0000
2026-05-24 16:18:15,125 - root - INFO - DP Round 1: clipping_ratio=0.0056, grad_norm_before=2.4938, grad_norm_after=0.0140, noise_norm=0.0282, epsilon_total=16.0000
2026-05-24 16:18:15,125 - root - INFO - add_noise: grad_norm=0.0140, noise_norm=0.0038, sigma=0.0046, epsilon_per_round=16.0000
2026-05-24 16:18:15,125 - root - INFO - DP Round 2: clipping_ratio=0.0048, grad_norm_before=2.8958, grad_norm_after=0.0140, noise_norm=0.0038, epsilon_total=32.0000
2026-05-24 16:18:15,148 - root - INFO - 
======================================================================
2026-05-24 16:18:15,148 - root - INFO - Differential Privacy Mechanism Initialized: GaussianDP
2026-05-24 16:18:15,148 - root - INFO - ======================================================================
2026-05-24 16:18:15,148 - root - INFO -   Privacy Budget (ε):     16.0000
2026-05-24 16:18:15,148 - root - INFO -   Failure Probability (δ): 0.000001
2026-05-24 16:18:15,148 - root - INFO -   Clipping Norm (C):      0.0107
2026-05-24 16:18:15,148 - root - INFO -   Noise Scale (σ):        0.0035
2026-05-24 16:18:15,148 - root - INFO - ======================================================================

2026-05-24 16:18:15,148 - root - INFO - add_noise: grad_norm=0.0107, noise_norm=0.0238, sigma=0.0035, epsilon_per_round=16.0000
2026-05-24 16:18:15,149 - root - INFO - DP Round 1: clipping_ratio=0.0058, grad_norm_before=1.8491, grad_norm_after=0.0107, noise_norm=0.0238, epsilon_total=16.0000
2026-05-24 16:18:15,149 - root - INFO - add_noise: grad_norm=0.0107, noise_norm=0.0026, sigma=0.0035, epsilon_per_round=16.0000
2026-05-24 16:18:15,149 - root - INFO - DP Round 2: clipping_ratio=0.0045, grad_norm_before=2.3548, grad_norm_after=0.0107, noise_norm=0.0026, epsilon_total=32.0000
2026-05-24 16:18:15,171 - root - INFO - 
======================================================================
2026-05-24 16:18:15,171 - root - INFO - Differential Privacy Mechanism Initialized: GaussianDP
2026-05-24 16:18:15,171 - root - INFO - ======================================================================
2026-05-24 16:18:15,171 - root - INFO -   Privacy Budget (ε):     16.0000
2026-05-24 16:18:15,171 - root - INFO -   Failure Probability (δ): 0.000001
2026-05-24 16:18:15,171 - root - INFO -   Clipping Norm (C):      0.0120
2026-05-24 16:18:15,171 - root - INFO -   Noise Scale (σ):        0.0039
2026-05-24 16:18:15,171 - root - INFO - ======================================================================

2026-05-24 16:18:15,171 - root - INFO - add_noise: grad_norm=0.0120, noise_norm=0.0204, sigma=0.0039, epsilon_per_round=16.0000
2026-05-24 16:18:15,171 - root - INFO - DP Round 1: clipping_ratio=0.0047, grad_norm_before=2.5337, grad_norm_after=0.0120, noise_norm=0.0204, epsilon_total=16.0000
2026-05-24 16:18:15,171 - root - INFO - add_noise: grad_norm=0.0120, noise_norm=0.0017, sigma=0.0039, epsilon_per_round=16.0000
2026-05-24 16:18:15,172 - root - INFO - DP Round 2: clipping_ratio=0.0045, grad_norm_before=2.6518, grad_norm_after=0.0120, noise_norm=0.0017, epsilon_total=32.0000
2026-05-24 16:18:15,178 - root - INFO - 
======================================================================
2026-05-24 16:18:15,178 - root - INFO - Differential Privacy Mechanism Initialized: GaussianDP
2026-05-24 16:18:15,178 - root - INFO - ======================================================================
2026-05-24 16:18:15,178 - root - INFO -   Privacy Budget (ε):     16.0000
2026-05-24 16:18:15,178 - root - INFO -   Failure Probability (δ): 0.000001
2026-05-24 16:18:15,178 - root - INFO -   Clipping Norm (C):      0.0332
2026-05-24 16:18:15,178 - root - INFO -   Noise Scale (σ):        0.0109
2026-05-24 16:18:15,178 - root - INFO - ======================================================================

2026-05-24 16:18:15,178 - root - INFO - add_noise: grad_norm=0.0332, noise_norm=0.0571, sigma=0.0109, epsilon_per_round=16.0000
2026-05-24 16:18:15,178 - root - INFO - DP Round 1: clipping_ratio=0.0103, grad_norm_before=3.2300, grad_norm_after=0.0332, noise_norm=0.0571, epsilon_total=16.0000
2026-05-24 16:18:15,178 - root - INFO - add_noise: grad_norm=0.0332, noise_norm=0.0073, sigma=0.0109, epsilon_per_round=16.0000
2026-05-24 16:18:15,178 - root - INFO - DP Round 2: clipping_ratio=0.0236, grad_norm_before=1.4097, grad_norm_after=0.0332, noise_norm=0.0073, epsilon_total=32.0000
2026-05-24 16:18:15,195 - root - INFO - 
======================================================================
2026-05-24 16:18:15,195 - root - INFO - Differential Privacy Mechanism Initialized: GaussianDP
2026-05-24 16:18:15,195 - root - INFO - ======================================================================
2026-05-24 16:18:15,195 - root - INFO -   Privacy Budget (ε):     16.0000
2026-05-24 16:18:15,195 - root - INFO -   Failure Probability (δ): 0.000001
2026-05-24 16:18:15,195 - root - INFO -   Clipping Norm (C):      0.0125
2026-05-24 16:18:15,195 - root - INFO -   Noise Scale (σ):        0.0041
2026-05-24 16:18:15,195 - root - INFO - ======================================================================

2026-05-24 16:18:15,195 - root - INFO - add_noise: grad_norm=0.0125, noise_norm=0.0202, sigma=0.0041, epsilon_per_round=16.0000
2026-05-24 16:18:15,195 - root - INFO - DP Round 1: clipping_ratio=0.0042, grad_norm_before=2.9842, grad_norm_after=0.0125, noise_norm=0.0202, epsilon_total=16.0000
2026-05-24 16:18:15,195 - root - INFO - add_noise: grad_norm=0.0125, noise_norm=0.0041, sigma=0.0041, epsilon_per_round=16.0000
2026-05-24 16:18:15,196 - root - INFO - DP Round 2: clipping_ratio=0.0048, grad_norm_before=2.5900, grad_norm_after=0.0125, noise_norm=0.0041, epsilon_total=32.0000
2026-05-24 16:18:15,211 - root - INFO - 
======================================================================
2026-05-24 16:18:15,211 - root - INFO - Differential Privacy Mechanism Initialized: GaussianDP
2026-05-24 16:18:15,211 - root - INFO - ======================================================================
2026-05-24 16:18:15,211 - root - INFO -   Privacy Budget (ε):     16.0000
2026-05-24 16:18:15,211 - root - INFO -   Failure Probability (δ): 0.000001
2026-05-24 16:18:15,211 - root - INFO -   Clipping Norm (C):      0.0135
2026-05-24 16:18:15,211 - root - INFO -   Noise Scale (σ):        0.0044
2026-05-24 16:18:15,211 - root - INFO - ======================================================================

2026-05-24 16:18:15,211 - root - INFO - add_noise: grad_norm=0.0135, noise_norm=0.0240, sigma=0.0044, epsilon_per_round=16.0000
2026-05-24 16:18:15,211 - root - INFO - DP Round 1: clipping_ratio=0.0055, grad_norm_before=2.4832, grad_norm_after=0.0135, noise_norm=0.0240, epsilon_total=16.0000
2026-05-24 16:18:15,211 - root - INFO - add_noise: grad_norm=0.0135, noise_norm=0.0057, sigma=0.0044, epsilon_per_round=16.0000
2026-05-24 16:18:15,211 - root - INFO - DP Round 2: clipping_ratio=0.0047, grad_norm_before=2.8690, grad_norm_after=0.0135, noise_norm=0.0057, epsilon_total=32.0000
2026-05-24 16:18:15,217 - __main__ - INFO - Round 3 Validation AUROC: 0.7935
2026-05-24 16:18:15,222 - __main__ - INFO - Final Test AUROC: 0.7813
2026-05-24 16:18:15,223 - __main__ - INFO - Completed per_sample_approx eps=16 seed=2 -> test_auc=0.7813
2026-05-24 16:18:15,223 - __main__ - INFO - Starting prototype run: mode=per_sample_approx, eps=16, C=1.0, rounds=3, seed=3
2026-05-24 16:18:15,223 - src.data.loader - INFO - Loading cohort from cache: /home/raiyanjiyon/Projects/federated-healthcare-ml/data/cache/mimic_iv_cohort.csv
2026-05-24 16:18:15,375 - src.data.loader - WARNING - Missing features: {'admission_type_emergency'}
2026-05-24 16:18:15,381 - src.data.loader - INFO - Dataset: 65273 patients, 31 features
2026-05-24 16:18:15,382 - src.data.loader - INFO - Target distribution: [58207  7066]
2026-05-24 16:18:15,386 - src.data.split - INFO - ✓ Medical Intensive Care Unit (MICU): 8791 patients, 1410 deaths (16.0%)
2026-05-24 16:18:15,390 - src.data.split - INFO - ✓ Surgical Intensive Care Unit (SICU): 6372 patients, 754 deaths (11.8%)
2026-05-24 16:18:15,393 - src.data.split - INFO - ✓ Medical/Surgical Intensive Care Unit (MICU/SICU): 6983 patients, 957 deaths (13.7%)
2026-05-24 16:18:15,397 - src.data.split - INFO - ✓ Cardiac Vascular Intensive Care Unit (CVICU): 8118 patients, 265 deaths (3.3%)
2026-05-24 16:18:15,401 - src.data.split - INFO - ✓ Coronary Care Unit (CCU): 5113 patients, 643 deaths (12.6%)
2026-05-24 16:18:15,405 - src.data.split - INFO - ✓ Trauma SICU (TSICU): 5458 patients, 569 deaths (10.4%)
2026-05-24 16:18:15,408 - src.data.split - INFO - ✓ Neuro Surgical Intensive Care Unit (Neuro SICU): 907 patients, 256 deaths (28.2%)
2026-05-24 16:18:15,412 - src.data.split - INFO -   (skipped Intensive Care Unit (ICU): 16 patients, < 100)
2026-05-24 16:18:15,414 - src.data.split - INFO -   (skipped Medicine: 9 patients, < 100)
2026-05-24 16:18:15,416 - src.data.split - INFO -   (skipped Neuro Intermediate: 3035 patients, < 100)
2026-05-24 16:18:15,419 - src.data.split - INFO -   (skipped Neuro Stepdown: 784 patients, < 100)
2026-05-24 16:18:15,421 - src.data.split - INFO -   (skipped PACU: 43 patients, < 100)
2026-05-24 16:18:15,423 - src.data.split - INFO -   (skipped Surgery/Trauma: 2 patients, < 100)
2026-05-24 16:18:15,425 - src.data.split - INFO -   (skipped Surgery/Vascular/Intermediate: 60 patients, < 100)
2026-05-24 16:18:15,425 - src.data.split - INFO - 
✓ Federated learning ready: 7 clients
2026-05-24 16:18:15,436 - src.training.federated - INFO - FederatedTrainer initialized:
2026-05-24 16:18:15,436 - src.training.federated - INFO -   Clients: 7
2026-05-24 16:18:15,436 - src.training.federated - INFO -   Training samples: 41742
2026-05-24 16:18:15,436 - src.training.federated - INFO -   Validation samples: 9791
2026-05-24 16:18:15,436 - src.training.federated - INFO -   Test samples: 9791
2026-05-24 16:18:15,436 - src.training.federated - INFO -   Features: 31
2026-05-24 16:18:15,436 - src.training.federated - INFO -   Rounds: 3
2026-05-24 16:18:15,436 - src.training.federated - INFO -   Strategy: FEDAVG
2026-05-24 16:18:15,436 - src.training.federated - INFO -   Privacy: Disabled
2026-05-24 16:18:15,437 - root - INFO - 
======================================================================
2026-05-24 16:18:15,437 - root - INFO - Differential Privacy Mechanism Initialized: GaussianDP
2026-05-24 16:18:15,437 - root - INFO - ======================================================================
2026-05-24 16:18:15,437 - root - INFO -   Privacy Budget (ε):     16.0000
2026-05-24 16:18:15,437 - root - INFO -   Failure Probability (δ): 0.000001
2026-05-24 16:18:15,437 - root - INFO -   Clipping Norm (C):      1.0000
2026-05-24 16:18:15,437 - root - INFO -   Noise Scale (σ):        0.3285
2026-05-24 16:18:15,437 - root - INFO - ======================================================================

2026-05-24 16:18:15,437 - root - INFO - Round 1/3 - mode per_sample_approx
2026-05-24 16:18:15,454 - root - INFO - 
======================================================================
2026-05-24 16:18:15,454 - root - INFO - Differential Privacy Mechanism Initialized: GaussianDP
2026-05-24 16:18:15,454 - root - INFO - ======================================================================
2026-05-24 16:18:15,454 - root - INFO -   Privacy Budget (ε):     16.0000
2026-05-24 16:18:15,454 - root - INFO -   Failure Probability (δ): 0.000001
2026-05-24 16:18:15,454 - root - INFO -   Clipping Norm (C):      0.0111
2026-05-24 16:18:15,454 - root - INFO -   Noise Scale (σ):        0.0036
2026-05-24 16:18:15,454 - root - INFO - ======================================================================

2026-05-24 16:18:15,454 - root - INFO - add_noise: grad_norm=0.0111, noise_norm=0.0185, sigma=0.0036, epsilon_per_round=16.0000
2026-05-24 16:18:15,454 - root - INFO - DP Round 1: clipping_ratio=0.0043, grad_norm_before=2.5904, grad_norm_after=0.0111, noise_norm=0.0185, epsilon_total=16.0000
2026-05-24 16:18:15,454 - root - INFO - add_noise: grad_norm=0.0111, noise_norm=0.0072, sigma=0.0036, epsilon_per_round=16.0000
2026-05-24 16:18:15,454 - root - INFO - DP Round 2: clipping_ratio=0.0031, grad_norm_before=3.5588, grad_norm_after=0.0111, noise_norm=0.0072, epsilon_total=32.0000
2026-05-24 16:18:15,468 - root - INFO - 
======================================================================
2026-05-24 16:18:15,468 - root - INFO - Differential Privacy Mechanism Initialized: GaussianDP
2026-05-24 16:18:15,468 - root - INFO - ======================================================================
2026-05-24 16:18:15,468 - root - INFO -   Privacy Budget (ε):     16.0000
2026-05-24 16:18:15,468 - root - INFO -   Failure Probability (δ): 0.000001
2026-05-24 16:18:15,468 - root - INFO -   Clipping Norm (C):      0.0140
2026-05-24 16:18:15,468 - root - INFO -   Noise Scale (σ):        0.0046
2026-05-24 16:18:15,468 - root - INFO - ======================================================================

2026-05-24 16:18:15,468 - root - INFO - add_noise: grad_norm=0.0140, noise_norm=0.0302, sigma=0.0046, epsilon_per_round=16.0000
2026-05-24 16:18:15,468 - root - INFO - DP Round 1: clipping_ratio=0.0056, grad_norm_before=2.4938, grad_norm_after=0.0140, noise_norm=0.0302, epsilon_total=16.0000
2026-05-24 16:18:15,468 - root - INFO - add_noise: grad_norm=0.0140, noise_norm=0.0082, sigma=0.0046, epsilon_per_round=16.0000
2026-05-24 16:18:15,468 - root - INFO - DP Round 2: clipping_ratio=0.0048, grad_norm_before=2.8958, grad_norm_after=0.0140, noise_norm=0.0082, epsilon_total=32.0000
2026-05-24 16:18:15,504 - root - INFO - 
======================================================================
2026-05-24 16:18:15,504 - root - INFO - Differential Privacy Mechanism Initialized: GaussianDP
2026-05-24 16:18:15,504 - root - INFO - ======================================================================
2026-05-24 16:18:15,504 - root - INFO -   Privacy Budget (ε):     16.0000
2026-05-24 16:18:15,504 - root - INFO -   Failure Probability (δ): 0.000001
2026-05-24 16:18:15,504 - root - INFO -   Clipping Norm (C):      0.0107
2026-05-24 16:18:15,504 - root - INFO -   Noise Scale (σ):        0.0035
2026-05-24 16:18:15,504 - root - INFO - ======================================================================

2026-05-24 16:18:15,504 - root - INFO - add_noise: grad_norm=0.0107, noise_norm=0.0199, sigma=0.0035, epsilon_per_round=16.0000
2026-05-24 16:18:15,505 - root - INFO - DP Round 1: clipping_ratio=0.0058, grad_norm_before=1.8491, grad_norm_after=0.0107, noise_norm=0.0199, epsilon_total=16.0000
2026-05-24 16:18:15,505 - root - INFO - add_noise: grad_norm=0.0107, noise_norm=0.0004, sigma=0.0035, epsilon_per_round=16.0000
2026-05-24 16:18:15,505 - root - INFO - DP Round 2: clipping_ratio=0.0045, grad_norm_before=2.3548, grad_norm_after=0.0107, noise_norm=0.0004, epsilon_total=32.0000
2026-05-24 16:18:15,539 - root - INFO - 
======================================================================
2026-05-24 16:18:15,539 - root - INFO - Differential Privacy Mechanism Initialized: GaussianDP
2026-05-24 16:18:15,539 - root - INFO - ======================================================================
2026-05-24 16:18:15,539 - root - INFO -   Privacy Budget (ε):     16.0000
2026-05-24 16:18:15,539 - root - INFO -   Failure Probability (δ): 0.000001
2026-05-24 16:18:15,539 - root - INFO -   Clipping Norm (C):      0.0120
2026-05-24 16:18:15,539 - root - INFO -   Noise Scale (σ):        0.0039
2026-05-24 16:18:15,539 - root - INFO - ======================================================================

2026-05-24 16:18:15,539 - root - INFO - add_noise: grad_norm=0.0120, noise_norm=0.0181, sigma=0.0039, epsilon_per_round=16.0000
2026-05-24 16:18:15,540 - root - INFO - DP Round 1: clipping_ratio=0.0047, grad_norm_before=2.5337, grad_norm_after=0.0120, noise_norm=0.0181, epsilon_total=16.0000
2026-05-24 16:18:15,540 - root - INFO - add_noise: grad_norm=0.0120, noise_norm=0.0011, sigma=0.0039, epsilon_per_round=16.0000
2026-05-24 16:18:15,540 - root - INFO - DP Round 2: clipping_ratio=0.0045, grad_norm_before=2.6518, grad_norm_after=0.0120, noise_norm=0.0011, epsilon_total=32.0000
2026-05-24 16:18:15,549 - root - INFO - 
======================================================================
2026-05-24 16:18:15,550 - root - INFO - Differential Privacy Mechanism Initialized: GaussianDP
2026-05-24 16:18:15,550 - root - INFO - ======================================================================
2026-05-24 16:18:15,550 - root - INFO -   Privacy Budget (ε):     16.0000
2026-05-24 16:18:15,550 - root - INFO -   Failure Probability (δ): 0.000001
2026-05-24 16:18:15,550 - root - INFO -   Clipping Norm (C):      0.0332
2026-05-24 16:18:15,550 - root - INFO -   Noise Scale (σ):        0.0109
2026-05-24 16:18:15,550 - root - INFO - ======================================================================

2026-05-24 16:18:15,550 - root - INFO - add_noise: grad_norm=0.0332, noise_norm=0.0473, sigma=0.0109, epsilon_per_round=16.0000
2026-05-24 16:18:15,550 - root - INFO - DP Round 1: clipping_ratio=0.0103, grad_norm_before=3.2300, grad_norm_after=0.0332, noise_norm=0.0473, epsilon_total=16.0000
2026-05-24 16:18:15,550 - root - INFO - add_noise: grad_norm=0.0332, noise_norm=0.0109, sigma=0.0109, epsilon_per_round=16.0000
2026-05-24 16:18:15,550 - root - INFO - DP Round 2: clipping_ratio=0.0236, grad_norm_before=1.4097, grad_norm_after=0.0332, noise_norm=0.0109, epsilon_total=32.0000
2026-05-24 16:18:15,567 - root - INFO - 
======================================================================
2026-05-24 16:18:15,567 - root - INFO - Differential Privacy Mechanism Initialized: GaussianDP
2026-05-24 16:18:15,567 - root - INFO - ======================================================================
2026-05-24 16:18:15,567 - root - INFO -   Privacy Budget (ε):     16.0000
2026-05-24 16:18:15,567 - root - INFO -   Failure Probability (δ): 0.000001
2026-05-24 16:18:15,567 - root - INFO -   Clipping Norm (C):      0.0125
2026-05-24 16:18:15,567 - root - INFO -   Noise Scale (σ):        0.0041
2026-05-24 16:18:15,567 - root - INFO - ======================================================================

2026-05-24 16:18:15,568 - root - INFO - add_noise: grad_norm=0.0125, noise_norm=0.0238, sigma=0.0041, epsilon_per_round=16.0000
2026-05-24 16:18:15,568 - root - INFO - DP Round 1: clipping_ratio=0.0042, grad_norm_before=2.9842, grad_norm_after=0.0125, noise_norm=0.0238, epsilon_total=16.0000
2026-05-24 16:18:15,568 - root - INFO - add_noise: grad_norm=0.0125, noise_norm=0.0064, sigma=0.0041, epsilon_per_round=16.0000
2026-05-24 16:18:15,568 - root - INFO - DP Round 2: clipping_ratio=0.0048, grad_norm_before=2.5900, grad_norm_after=0.0125, noise_norm=0.0064, epsilon_total=32.0000
2026-05-24 16:18:15,582 - root - INFO - 
======================================================================
2026-05-24 16:18:15,582 - root - INFO - Differential Privacy Mechanism Initialized: GaussianDP
2026-05-24 16:18:15,582 - root - INFO - ======================================================================
2026-05-24 16:18:15,582 - root - INFO -   Privacy Budget (ε):     16.0000
2026-05-24 16:18:15,582 - root - INFO -   Failure Probability (δ): 0.000001
2026-05-24 16:18:15,582 - root - INFO -   Clipping Norm (C):      0.0135
2026-05-24 16:18:15,582 - root - INFO -   Noise Scale (σ):        0.0044
2026-05-24 16:18:15,582 - root - INFO - ======================================================================

2026-05-24 16:18:15,582 - root - INFO - add_noise: grad_norm=0.0135, noise_norm=0.0206, sigma=0.0044, epsilon_per_round=16.0000
2026-05-24 16:18:15,582 - root - INFO - DP Round 1: clipping_ratio=0.0055, grad_norm_before=2.4832, grad_norm_after=0.0135, noise_norm=0.0206, epsilon_total=16.0000
2026-05-24 16:18:15,582 - root - INFO - add_noise: grad_norm=0.0135, noise_norm=0.0073, sigma=0.0044, epsilon_per_round=16.0000
2026-05-24 16:18:15,582 - root - INFO - DP Round 2: clipping_ratio=0.0047, grad_norm_before=2.8690, grad_norm_after=0.0135, noise_norm=0.0073, epsilon_total=32.0000
2026-05-24 16:18:15,589 - __main__ - INFO - Round 1 Validation AUROC: 0.6912
2026-05-24 16:18:15,589 - root - INFO - Round 2/3 - mode per_sample_approx
2026-05-24 16:18:15,613 - root - INFO - 
======================================================================
2026-05-24 16:18:15,613 - root - INFO - Differential Privacy Mechanism Initialized: GaussianDP
2026-05-24 16:18:15,613 - root - INFO - ======================================================================
2026-05-24 16:18:15,613 - root - INFO -   Privacy Budget (ε):     16.0000
2026-05-24 16:18:15,613 - root - INFO -   Failure Probability (δ): 0.000001
2026-05-24 16:18:15,613 - root - INFO -   Clipping Norm (C):      0.0111
2026-05-24 16:18:15,613 - root - INFO -   Noise Scale (σ):        0.0036
2026-05-24 16:18:15,613 - root - INFO - ======================================================================

2026-05-24 16:18:15,613 - root - INFO - add_noise: grad_norm=0.0111, noise_norm=0.0259, sigma=0.0036, epsilon_per_round=16.0000
2026-05-24 16:18:15,613 - root - INFO - DP Round 1: clipping_ratio=0.0043, grad_norm_before=2.5904, grad_norm_after=0.0111, noise_norm=0.0259, epsilon_total=16.0000
2026-05-24 16:18:15,613 - root - INFO - add_noise: grad_norm=0.0111, noise_norm=0.0006, sigma=0.0036, epsilon_per_round=16.0000
2026-05-24 16:18:15,613 - root - INFO - DP Round 2: clipping_ratio=0.0031, grad_norm_before=3.5588, grad_norm_after=0.0111, noise_norm=0.0006, epsilon_total=32.0000
2026-05-24 16:18:15,631 - root - INFO - 
======================================================================
2026-05-24 16:18:15,631 - root - INFO - Differential Privacy Mechanism Initialized: GaussianDP
2026-05-24 16:18:15,631 - root - INFO - ======================================================================
2026-05-24 16:18:15,631 - root - INFO -   Privacy Budget (ε):     16.0000
2026-05-24 16:18:15,631 - root - INFO -   Failure Probability (δ): 0.000001
2026-05-24 16:18:15,631 - root - INFO -   Clipping Norm (C):      0.0140
2026-05-24 16:18:15,631 - root - INFO -   Noise Scale (σ):        0.0046
2026-05-24 16:18:15,631 - root - INFO - ======================================================================

2026-05-24 16:18:15,631 - root - INFO - add_noise: grad_norm=0.0140, noise_norm=0.0283, sigma=0.0046, epsilon_per_round=16.0000
2026-05-24 16:18:15,631 - root - INFO - DP Round 1: clipping_ratio=0.0056, grad_norm_before=2.4938, grad_norm_after=0.0140, noise_norm=0.0283, epsilon_total=16.0000
2026-05-24 16:18:15,631 - root - INFO - add_noise: grad_norm=0.0140, noise_norm=0.0001, sigma=0.0046, epsilon_per_round=16.0000
2026-05-24 16:18:15,631 - root - INFO - DP Round 2: clipping_ratio=0.0048, grad_norm_before=2.8958, grad_norm_after=0.0140, noise_norm=0.0001, epsilon_total=32.0000
2026-05-24 16:18:15,660 - root - INFO - 
======================================================================
2026-05-24 16:18:15,660 - root - INFO - Differential Privacy Mechanism Initialized: GaussianDP
2026-05-24 16:18:15,660 - root - INFO - ======================================================================
2026-05-24 16:18:15,660 - root - INFO -   Privacy Budget (ε):     16.0000
2026-05-24 16:18:15,660 - root - INFO -   Failure Probability (δ): 0.000001
2026-05-24 16:18:15,660 - root - INFO -   Clipping Norm (C):      0.0107
2026-05-24 16:18:15,660 - root - INFO -   Noise Scale (σ):        0.0035
2026-05-24 16:18:15,660 - root - INFO - ======================================================================

2026-05-24 16:18:15,660 - root - INFO - add_noise: grad_norm=0.0107, noise_norm=0.0213, sigma=0.0035, epsilon_per_round=16.0000
2026-05-24 16:18:15,660 - root - INFO - DP Round 1: clipping_ratio=0.0058, grad_norm_before=1.8491, grad_norm_after=0.0107, noise_norm=0.0213, epsilon_total=16.0000
2026-05-24 16:18:15,660 - root - INFO - add_noise: grad_norm=0.0107, noise_norm=0.0052, sigma=0.0035, epsilon_per_round=16.0000
2026-05-24 16:18:15,660 - root - INFO - DP Round 2: clipping_ratio=0.0045, grad_norm_before=2.3548, grad_norm_after=0.0107, noise_norm=0.0052, epsilon_total=32.0000
2026-05-24 16:18:15,687 - root - INFO - 
======================================================================
2026-05-24 16:18:15,687 - root - INFO - Differential Privacy Mechanism Initialized: GaussianDP
2026-05-24 16:18:15,687 - root - INFO - ======================================================================
2026-05-24 16:18:15,687 - root - INFO -   Privacy Budget (ε):     16.0000
2026-05-24 16:18:15,687 - root - INFO -   Failure Probability (δ): 0.000001
2026-05-24 16:18:15,687 - root - INFO -   Clipping Norm (C):      0.0120
2026-05-24 16:18:15,687 - root - INFO -   Noise Scale (σ):        0.0039
2026-05-24 16:18:15,687 - root - INFO - ======================================================================

2026-05-24 16:18:15,687 - root - INFO - add_noise: grad_norm=0.0120, noise_norm=0.0276, sigma=0.0039, epsilon_per_round=16.0000
2026-05-24 16:18:15,687 - root - INFO - DP Round 1: clipping_ratio=0.0047, grad_norm_before=2.5337, grad_norm_after=0.0120, noise_norm=0.0276, epsilon_total=16.0000
2026-05-24 16:18:15,687 - root - INFO - add_noise: grad_norm=0.0120, noise_norm=0.0014, sigma=0.0039, epsilon_per_round=16.0000
2026-05-24 16:18:15,687 - root - INFO - DP Round 2: clipping_ratio=0.0045, grad_norm_before=2.6518, grad_norm_after=0.0120, noise_norm=0.0014, epsilon_total=32.0000
2026-05-24 16:18:15,696 - root - INFO - 
======================================================================
2026-05-24 16:18:15,696 - root - INFO - Differential Privacy Mechanism Initialized: GaussianDP
2026-05-24 16:18:15,696 - root - INFO - ======================================================================
2026-05-24 16:18:15,696 - root - INFO -   Privacy Budget (ε):     16.0000
2026-05-24 16:18:15,696 - root - INFO -   Failure Probability (δ): 0.000001
2026-05-24 16:18:15,696 - root - INFO -   Clipping Norm (C):      0.0332
2026-05-24 16:18:15,696 - root - INFO -   Noise Scale (σ):        0.0109
2026-05-24 16:18:15,696 - root - INFO - ======================================================================

2026-05-24 16:18:15,696 - root - INFO - add_noise: grad_norm=0.0332, noise_norm=0.0570, sigma=0.0109, epsilon_per_round=16.0000
2026-05-24 16:18:15,696 - root - INFO - DP Round 1: clipping_ratio=0.0103, grad_norm_before=3.2300, grad_norm_after=0.0332, noise_norm=0.0570, epsilon_total=16.0000
2026-05-24 16:18:15,696 - root - INFO - add_noise: grad_norm=0.0332, noise_norm=0.0011, sigma=0.0109, epsilon_per_round=16.0000
2026-05-24 16:18:15,696 - root - INFO - DP Round 2: clipping_ratio=0.0236, grad_norm_before=1.4097, grad_norm_after=0.0332, noise_norm=0.0011, epsilon_total=32.0000
2026-05-24 16:18:15,718 - root - INFO - 
======================================================================
2026-05-24 16:18:15,718 - root - INFO - Differential Privacy Mechanism Initialized: GaussianDP
2026-05-24 16:18:15,718 - root - INFO - ======================================================================
2026-05-24 16:18:15,718 - root - INFO -   Privacy Budget (ε):     16.0000
2026-05-24 16:18:15,718 - root - INFO -   Failure Probability (δ): 0.000001
2026-05-24 16:18:15,718 - root - INFO -   Clipping Norm (C):      0.0125
2026-05-24 16:18:15,719 - root - INFO -   Noise Scale (σ):        0.0041
2026-05-24 16:18:15,719 - root - INFO - ======================================================================

2026-05-24 16:18:15,719 - root - INFO - add_noise: grad_norm=0.0125, noise_norm=0.0222, sigma=0.0041, epsilon_per_round=16.0000
2026-05-24 16:18:15,719 - root - INFO - DP Round 1: clipping_ratio=0.0042, grad_norm_before=2.9842, grad_norm_after=0.0125, noise_norm=0.0222, epsilon_total=16.0000
2026-05-24 16:18:15,719 - root - INFO - add_noise: grad_norm=0.0125, noise_norm=0.0049, sigma=0.0041, epsilon_per_round=16.0000
2026-05-24 16:18:15,719 - root - INFO - DP Round 2: clipping_ratio=0.0048, grad_norm_before=2.5900, grad_norm_after=0.0125, noise_norm=0.0049, epsilon_total=32.0000
2026-05-24 16:18:15,737 - root - INFO - 
======================================================================
2026-05-24 16:18:15,737 - root - INFO - Differential Privacy Mechanism Initialized: GaussianDP
2026-05-24 16:18:15,737 - root - INFO - ======================================================================
2026-05-24 16:18:15,737 - root - INFO -   Privacy Budget (ε):     16.0000
2026-05-24 16:18:15,737 - root - INFO -   Failure Probability (δ): 0.000001
2026-05-24 16:18:15,737 - root - INFO -   Clipping Norm (C):      0.0135
2026-05-24 16:18:15,737 - root - INFO -   Noise Scale (σ):        0.0044
2026-05-24 16:18:15,737 - root - INFO - ======================================================================

2026-05-24 16:18:15,737 - root - INFO - add_noise: grad_norm=0.0135, noise_norm=0.0252, sigma=0.0044, epsilon_per_round=16.0000
2026-05-24 16:18:15,737 - root - INFO - DP Round 1: clipping_ratio=0.0055, grad_norm_before=2.4832, grad_norm_after=0.0135, noise_norm=0.0252, epsilon_total=16.0000
2026-05-24 16:18:15,737 - root - INFO - add_noise: grad_norm=0.0135, noise_norm=0.0023, sigma=0.0044, epsilon_per_round=16.0000
2026-05-24 16:18:15,737 - root - INFO - DP Round 2: clipping_ratio=0.0047, grad_norm_before=2.8690, grad_norm_after=0.0135, noise_norm=0.0023, epsilon_total=32.0000
2026-05-24 16:18:15,744 - __main__ - INFO - Round 2 Validation AUROC: 0.8190
2026-05-24 16:18:15,744 - root - INFO - Round 3/3 - mode per_sample_approx
2026-05-24 16:18:15,770 - root - INFO - 
======================================================================
2026-05-24 16:18:15,770 - root - INFO - Differential Privacy Mechanism Initialized: GaussianDP
2026-05-24 16:18:15,770 - root - INFO - ======================================================================
2026-05-24 16:18:15,770 - root - INFO -   Privacy Budget (ε):     16.0000
2026-05-24 16:18:15,770 - root - INFO -   Failure Probability (δ): 0.000001
2026-05-24 16:18:15,770 - root - INFO -   Clipping Norm (C):      0.0111
2026-05-24 16:18:15,770 - root - INFO -   Noise Scale (σ):        0.0036
2026-05-24 16:18:15,770 - root - INFO - ======================================================================

2026-05-24 16:18:15,771 - root - INFO - add_noise: grad_norm=0.0111, noise_norm=0.0173, sigma=0.0036, epsilon_per_round=16.0000
2026-05-24 16:18:15,771 - root - INFO - DP Round 1: clipping_ratio=0.0043, grad_norm_before=2.5904, grad_norm_after=0.0111, noise_norm=0.0173, epsilon_total=16.0000
2026-05-24 16:18:15,771 - root - INFO - add_noise: grad_norm=0.0111, noise_norm=0.0002, sigma=0.0036, epsilon_per_round=16.0000
2026-05-24 16:18:15,771 - root - INFO - DP Round 2: clipping_ratio=0.0031, grad_norm_before=3.5588, grad_norm_after=0.0111, noise_norm=0.0002, epsilon_total=32.0000
2026-05-24 16:18:15,790 - root - INFO - 
======================================================================
2026-05-24 16:18:15,790 - root - INFO - Differential Privacy Mechanism Initialized: GaussianDP
2026-05-24 16:18:15,790 - root - INFO - ======================================================================
2026-05-24 16:18:15,790 - root - INFO -   Privacy Budget (ε):     16.0000
2026-05-24 16:18:15,790 - root - INFO -   Failure Probability (δ): 0.000001
2026-05-24 16:18:15,790 - root - INFO -   Clipping Norm (C):      0.0140
2026-05-24 16:18:15,790 - root - INFO -   Noise Scale (σ):        0.0046
2026-05-24 16:18:15,790 - root - INFO - ======================================================================

2026-05-24 16:18:15,790 - root - INFO - add_noise: grad_norm=0.0140, noise_norm=0.0258, sigma=0.0046, epsilon_per_round=16.0000
2026-05-24 16:18:15,790 - root - INFO - DP Round 1: clipping_ratio=0.0056, grad_norm_before=2.4938, grad_norm_after=0.0140, noise_norm=0.0258, epsilon_total=16.0000
2026-05-24 16:18:15,790 - root - INFO - add_noise: grad_norm=0.0140, noise_norm=0.0046, sigma=0.0046, epsilon_per_round=16.0000
2026-05-24 16:18:15,790 - root - INFO - DP Round 2: clipping_ratio=0.0048, grad_norm_before=2.8958, grad_norm_after=0.0140, noise_norm=0.0046, epsilon_total=32.0000
2026-05-24 16:18:15,821 - root - INFO - 
======================================================================
2026-05-24 16:18:15,821 - root - INFO - Differential Privacy Mechanism Initialized: GaussianDP
2026-05-24 16:18:15,821 - root - INFO - ======================================================================
2026-05-24 16:18:15,821 - root - INFO -   Privacy Budget (ε):     16.0000
2026-05-24 16:18:15,821 - root - INFO -   Failure Probability (δ): 0.000001
2026-05-24 16:18:15,821 - root - INFO -   Clipping Norm (C):      0.0107
2026-05-24 16:18:15,822 - root - INFO -   Noise Scale (σ):        0.0035
2026-05-24 16:18:15,822 - root - INFO - ======================================================================

2026-05-24 16:18:15,822 - root - INFO - add_noise: grad_norm=0.0107, noise_norm=0.0195, sigma=0.0035, epsilon_per_round=16.0000
2026-05-24 16:18:15,822 - root - INFO - DP Round 1: clipping_ratio=0.0058, grad_norm_before=1.8491, grad_norm_after=0.0107, noise_norm=0.0195, epsilon_total=16.0000
2026-05-24 16:18:15,822 - root - INFO - add_noise: grad_norm=0.0107, noise_norm=0.0017, sigma=0.0035, epsilon_per_round=16.0000
2026-05-24 16:18:15,822 - root - INFO - DP Round 2: clipping_ratio=0.0045, grad_norm_before=2.3548, grad_norm_after=0.0107, noise_norm=0.0017, epsilon_total=32.0000
2026-05-24 16:18:15,853 - root - INFO - 
======================================================================
2026-05-24 16:18:15,853 - root - INFO - Differential Privacy Mechanism Initialized: GaussianDP
2026-05-24 16:18:15,853 - root - INFO - ======================================================================
2026-05-24 16:18:15,853 - root - INFO -   Privacy Budget (ε):     16.0000
2026-05-24 16:18:15,853 - root - INFO -   Failure Probability (δ): 0.000001
2026-05-24 16:18:15,853 - root - INFO -   Clipping Norm (C):      0.0120
2026-05-24 16:18:15,853 - root - INFO -   Noise Scale (σ):        0.0039
2026-05-24 16:18:15,853 - root - INFO - ======================================================================

2026-05-24 16:18:15,853 - root - INFO - add_noise: grad_norm=0.0120, noise_norm=0.0230, sigma=0.0039, epsilon_per_round=16.0000
2026-05-24 16:18:15,853 - root - INFO - DP Round 1: clipping_ratio=0.0047, grad_norm_before=2.5337, grad_norm_after=0.0120, noise_norm=0.0230, epsilon_total=16.0000
2026-05-24 16:18:15,854 - root - INFO - add_noise: grad_norm=0.0120, noise_norm=0.0026, sigma=0.0039, epsilon_per_round=16.0000
2026-05-24 16:18:15,854 - root - INFO - DP Round 2: clipping_ratio=0.0045, grad_norm_before=2.6518, grad_norm_after=0.0120, noise_norm=0.0026, epsilon_total=32.0000
2026-05-24 16:18:15,862 - root - INFO - 
======================================================================
2026-05-24 16:18:15,862 - root - INFO - Differential Privacy Mechanism Initialized: GaussianDP
2026-05-24 16:18:15,862 - root - INFO - ======================================================================
2026-05-24 16:18:15,862 - root - INFO -   Privacy Budget (ε):     16.0000
2026-05-24 16:18:15,862 - root - INFO -   Failure Probability (δ): 0.000001
2026-05-24 16:18:15,862 - root - INFO -   Clipping Norm (C):      0.0332
2026-05-24 16:18:15,862 - root - INFO -   Noise Scale (σ):        0.0109
2026-05-24 16:18:15,862 - root - INFO - ======================================================================

2026-05-24 16:18:15,862 - root - INFO - add_noise: grad_norm=0.0332, noise_norm=0.0675, sigma=0.0109, epsilon_per_round=16.0000
2026-05-24 16:18:15,862 - root - INFO - DP Round 1: clipping_ratio=0.0103, grad_norm_before=3.2300, grad_norm_after=0.0332, noise_norm=0.0675, epsilon_total=16.0000
2026-05-24 16:18:15,862 - root - INFO - add_noise: grad_norm=0.0332, noise_norm=0.0037, sigma=0.0109, epsilon_per_round=16.0000
2026-05-24 16:18:15,862 - root - INFO - DP Round 2: clipping_ratio=0.0236, grad_norm_before=1.4097, grad_norm_after=0.0332, noise_norm=0.0037, epsilon_total=32.0000
2026-05-24 16:18:15,882 - root - INFO - 
======================================================================
2026-05-24 16:18:15,882 - root - INFO - Differential Privacy Mechanism Initialized: GaussianDP
2026-05-24 16:18:15,882 - root - INFO - ======================================================================
2026-05-24 16:18:15,882 - root - INFO -   Privacy Budget (ε):     16.0000
2026-05-24 16:18:15,882 - root - INFO -   Failure Probability (δ): 0.000001
2026-05-24 16:18:15,882 - root - INFO -   Clipping Norm (C):      0.0125
2026-05-24 16:18:15,882 - root - INFO -   Noise Scale (σ):        0.0041
2026-05-24 16:18:15,882 - root - INFO - ======================================================================

2026-05-24 16:18:15,882 - root - INFO - add_noise: grad_norm=0.0125, noise_norm=0.0178, sigma=0.0041, epsilon_per_round=16.0000
2026-05-24 16:18:15,882 - root - INFO - DP Round 1: clipping_ratio=0.0042, grad_norm_before=2.9842, grad_norm_after=0.0125, noise_norm=0.0178, epsilon_total=16.0000
2026-05-24 16:18:15,882 - root - INFO - add_noise: grad_norm=0.0125, noise_norm=0.0025, sigma=0.0041, epsilon_per_round=16.0000
2026-05-24 16:18:15,882 - root - INFO - DP Round 2: clipping_ratio=0.0048, grad_norm_before=2.5900, grad_norm_after=0.0125, noise_norm=0.0025, epsilon_total=32.0000
2026-05-24 16:18:15,899 - root - INFO - 
======================================================================
2026-05-24 16:18:15,899 - root - INFO - Differential Privacy Mechanism Initialized: GaussianDP
2026-05-24 16:18:15,899 - root - INFO - ======================================================================
2026-05-24 16:18:15,899 - root - INFO -   Privacy Budget (ε):     16.0000
2026-05-24 16:18:15,899 - root - INFO -   Failure Probability (δ): 0.000001
2026-05-24 16:18:15,899 - root - INFO -   Clipping Norm (C):      0.0135
2026-05-24 16:18:15,900 - root - INFO -   Noise Scale (σ):        0.0044
2026-05-24 16:18:15,900 - root - INFO - ======================================================================

2026-05-24 16:18:15,900 - root - INFO - add_noise: grad_norm=0.0135, noise_norm=0.0256, sigma=0.0044, epsilon_per_round=16.0000
2026-05-24 16:18:15,900 - root - INFO - DP Round 1: clipping_ratio=0.0055, grad_norm_before=2.4832, grad_norm_after=0.0135, noise_norm=0.0256, epsilon_total=16.0000
2026-05-24 16:18:15,900 - root - INFO - add_noise: grad_norm=0.0135, noise_norm=0.0025, sigma=0.0044, epsilon_per_round=16.0000
2026-05-24 16:18:15,900 - root - INFO - DP Round 2: clipping_ratio=0.0047, grad_norm_before=2.8690, grad_norm_after=0.0135, noise_norm=0.0025, epsilon_total=32.0000
2026-05-24 16:18:15,906 - __main__ - INFO - Round 3 Validation AUROC: 0.7890
2026-05-24 16:18:15,912 - __main__ - INFO - Final Test AUROC: 0.7919
2026-05-24 16:18:15,914 - __main__ - INFO - Completed per_sample_approx eps=16 seed=3 -> test_auc=0.7919
2026-05-24 16:18:15,914 - __main__ - INFO - All prototype runs complete
