{
  "strategy_1": {
    "strategy": "FedAvg",
    "accuracy": 0.7467532467532467,
    "precision": 0.6229508196721312,
    "recall": 0.7037037037037037,
    "f1_score": 0.6608695652173913,
    "missed_patients": 16,
    "total_patients": 54,
    "training_time": 0.5899820327758789,
    "convergence_metrics": {
      "accuracy": [
        0.6835208765176193,
        0.6839016032827109,
        0.6838064215914379,
        0.6838064215914379,
        0.6838064215914379,
        0.6838064215914379,
        0.6838064215914379,
        0.6838064215914379,
        0.6838064215914379,
        0.6838064215914379
      ],
      "precision": [
        0.5844247419912797,
        0.5836307680499117,
        0.5834785813675814,
        0.5834785813675814,
        0.5834785813675814,
        0.5834785813675814,
        0.5834785813675814,
        0.5834785813675814,
        0.5834785813675814,
        0.5834785813675814
      ],
      "recall": [
        0.682712027988901,
        0.687055133309205,
        0.687055133309205,
        0.687055133309205,
        0.687055133309205,
        0.687055133309205,
        0.687055133309205,
        0.687055133309205,
        0.687055133309205,
        0.687055133309205
      ],
      "f1": [
        0.5884423844164197,
        0.590714939525881,
        0.590629965726136,
        0.590629965726136,
        0.590629965726136,
        0.590629965726136,
        0.590629965726136,
        0.590629965726136,
        0.590629965726136,
        0.590629965726136
      ]
    }
  },
  "strategy_2": {
    "strategy": "FedProx",
    "mu": 0.01,
    "accuracy": 0.7467532467532467,
    "precision": 0.6229508196721312,
    "recall": 0.7037037037037037,
    "f1_score": 0.6608695652173913,
    "missed_patients": 16,
    "total_patients": 54,
    "training_time": 0.561262845993042,
    "convergence_metrics": {
      "accuracy": [
        0.6835208765176193,
        0.6839016032827109,
        0.6838064215914379,
        0.6838064215914379,
        0.6838064215914379,
        0.6838064215914379,
        0.6838064215914379,
        0.6838064215914379,
        0.6838064215914379,
        0.6838064215914379
      ],
      "precision": [
        0.5844247419912797,
        0.5836981610635026,
        0.5834785813675814,
        0.5834785813675814,
        0.5834785813675814,
        0.5834785813675814,
        0.5834785813675814,
        0.5834785813675814,
        0.5834785813675814,
        0.5834785813675814
      ],
      "recall": [
        0.682712027988901,
        0.686783689226686,
        0.687055133309205,
        0.687055133309205,
        0.687055133309205,
        0.687055133309205,
        0.687055133309205,
        0.687055133309205,
        0.687055133309205,
        0.687055133309205
      ],
      "f1": [
        0.5884423844164197,
        0.5906276896422142,
        0.590629965726136,
        0.590629965726136,
        0.590629965726136,
        0.590629965726136,
        0.590629965726136,
        0.590629965726136,
        0.590629965726136,
        0.590629965726136
      ]
    }
  },
  "configuration": {
    "num_clients": 5,
    "num_rounds": 10,
    "alpha": 0.5,
    "mu": 0.01
  },
  "convergence_analysis": {
    "recall_stability": {
      "fedavg_recall_stability": 0.001302931596091206,
      "fedprox_recall_stability": 0.0012964119366188447,
      "fedavg_recall_improvement": 0.004343105320304019,
      "fedprox_recall_improvement": 0.004343105320304019
    }
  },
  "recommendation": {
    "strategy": "unclear",
    "reason": "Both safe - FedAvg preferred for simplicity"
  }
}