{
  "strategy_1": {
    "strategy": "FedAvg",
    "accuracy": 0.6948051948051948,
    "precision": 0.5432098765432098,
    "recall": 0.8148148148148148,
    "f1_score": 0.6518518518518519,
    "missed_patients": 10,
    "total_patients": 54,
    "training_time": 0.4942622184753418,
    "convergence_metrics": {
      "accuracy": [
        0.6532636744363128,
        0.6545644908837092,
        0.6545644908837092,
        0.6545644908837092,
        0.6545644908837092,
        0.6545644908837092,
        0.6545644908837092,
        0.6545644908837092,
        0.6545644908837092,
        0.6545644908837092
      ],
      "precision": [
        0.5112243551339617,
        0.5118801574022911,
        0.5118071105652701,
        0.5118071105652701,
        0.5118071105652701,
        0.5118071105652701,
        0.5118071105652701,
        0.5118071105652701,
        0.5118071105652701,
        0.5118071105652701
      ],
      "recall": [
        0.7724996983954638,
        0.7873386415731692,
        0.7885752201713113,
        0.7885752201713113,
        0.7885752201713113,
        0.7885752201713113,
        0.7885752201713113,
        0.7885752201713113,
        0.7885752201713113,
        0.7885752201713113
      ],
      "f1": [
        0.6059538044099122,
        0.6121669145468179,
        0.6125165036843379,
        0.6125165036843379,
        0.6125165036843379,
        0.6125165036843379,
        0.6125165036843379,
        0.6125165036843379,
        0.6125165036843379,
        0.6125165036843379
      ]
    }
  },
  "strategy_2": {
    "strategy": "FedProx",
    "mu": 0.01,
    "accuracy": 0.6948051948051948,
    "precision": 0.5432098765432098,
    "recall": 0.8148148148148148,
    "f1_score": 0.6518518518518519,
    "missed_patients": 10,
    "total_patients": 54,
    "training_time": 0.49149537086486816,
    "convergence_metrics": {
      "accuracy": [
        0.6532636744363128,
        0.6545644908837092,
        0.6545644908837092,
        0.6545644908837092,
        0.6545644908837092,
        0.6545644908837092,
        0.6545644908837092,
        0.6545644908837092,
        0.6545644908837092,
        0.6545644908837092
      ],
      "precision": [
        0.5112243551339617,
        0.5118801574022911,
        0.5118071105652701,
        0.5118071105652701,
        0.5118071105652701,
        0.5118071105652701,
        0.5118071105652701,
        0.5118071105652701,
        0.5118071105652701,
        0.5118071105652701
      ],
      "recall": [
        0.7724996983954638,
        0.7873386415731692,
        0.7885752201713113,
        0.7885752201713113,
        0.7885752201713113,
        0.7885752201713113,
        0.7885752201713113,
        0.7885752201713113,
        0.7885752201713113,
        0.7885752201713113
      ],
      "f1": [
        0.6059538044099122,
        0.6121669145468179,
        0.6125165036843379,
        0.6125165036843379,
        0.6125165036843379,
        0.6125165036843379,
        0.6125165036843379,
        0.6125165036843379,
        0.6125165036843379,
        0.6125165036843379
      ]
    }
  },
  "configuration": {
    "num_clients": 5,
    "num_rounds": 10,
    "alpha": 0.5,
    "mu": 0.01
  },
  "convergence_analysis": {
    "recall_stability": {
      "fedavg_recall_stability": 0.0047956297298605175,
      "fedprox_recall_stability": 0.0047956297298605175,
      "fedavg_recall_improvement": 0.01607552177584748,
      "fedprox_recall_improvement": 0.01607552177584748
    }
  },
  "recommendation": {
    "strategy": "unclear",
    "reason": "Both safe - FedAvg preferred for simplicity"
  }
}