{
  "strategy_1": {
    "strategy": "FedAvg",
    "accuracy": 0.6623376623376623,
    "precision": 0.53125,
    "recall": 0.3148148148148148,
    "f1_score": 0.3953488372093023,
    "missed_patients": 37,
    "total_patients": 54,
    "training_time": 0.55204176902771,
    "convergence_metrics": {
      "accuracy": [
        0.6444329286348831,
        0.6444329286348831,
        0.6444329286348831,
        0.6444329286348831,
        0.6444329286348831,
        0.6444329286348831,
        0.6444329286348831,
        0.6444329286348831,
        0.6444329286348831,
        0.6444329286348831
      ],
      "precision": [
        0.4951243249840794,
        0.4951243249840794,
        0.4951243249840794,
        0.4951243249840794,
        0.4951243249840794,
        0.4951243249840794,
        0.4951243249840794,
        0.4951243249840794,
        0.4951243249840794,
        0.4951243249840794
      ],
      "recall": [
        0.48320062733743513,
        0.48320062733743513,
        0.48320062733743513,
        0.48320062733743513,
        0.48320062733743513,
        0.48320062733743513,
        0.48320062733743513,
        0.48320062733743513,
        0.48320062733743513,
        0.48320062733743513
      ],
      "f1": [
        0.41838978803711285,
        0.41838978803711285,
        0.41838978803711285,
        0.41838978803711285,
        0.41838978803711285,
        0.41838978803711285,
        0.41838978803711285,
        0.41838978803711285,
        0.41838978803711285,
        0.41838978803711285
      ]
    }
  },
  "strategy_2": {
    "strategy": "FedProx",
    "mu": 0.01,
    "accuracy": 0.6623376623376623,
    "precision": 0.53125,
    "recall": 0.3148148148148148,
    "f1_score": 0.3953488372093023,
    "missed_patients": 37,
    "total_patients": 54,
    "training_time": 0.5652644634246826,
    "convergence_metrics": {
      "accuracy": [
        0.6444329286348831,
        0.6444329286348831,
        0.6444329286348831,
        0.6444329286348831,
        0.6444329286348831,
        0.6444329286348831,
        0.6444329286348831,
        0.6444329286348831,
        0.6444329286348831,
        0.6444329286348831
      ],
      "precision": [
        0.4951243249840794,
        0.4951243249840794,
        0.4951243249840794,
        0.4951243249840794,
        0.4951243249840794,
        0.4951243249840794,
        0.4951243249840794,
        0.4951243249840794,
        0.4951243249840794,
        0.4951243249840794
      ],
      "recall": [
        0.48320062733743513,
        0.48320062733743513,
        0.48320062733743513,
        0.48320062733743513,
        0.48320062733743513,
        0.48320062733743513,
        0.48320062733743513,
        0.48320062733743513,
        0.48320062733743513,
        0.48320062733743513
      ],
      "f1": [
        0.41838978803711285,
        0.41838978803711285,
        0.41838978803711285,
        0.41838978803711285,
        0.41838978803711285,
        0.41838978803711285,
        0.41838978803711285,
        0.41838978803711285,
        0.41838978803711285,
        0.41838978803711285
      ]
    }
  },
  "configuration": {
    "num_clients": 5,
    "num_rounds": 10,
    "alpha": 0.5,
    "mu": 0.01
  },
  "convergence_analysis": {
    "recall_stability": {
      "fedavg_recall_stability": 0.0,
      "fedprox_recall_stability": 0.0,
      "fedavg_recall_improvement": 0.0,
      "fedprox_recall_improvement": 0.0
    }
  },
  "recommendation": {
    "strategy": "unclear",
    "reason": "Both safe - FedAvg preferred for simplicity"
  }
}