{
  "timestamp": "2026-03-27T19:09:26.107864",
  "model_type": "LogisticRegression_Centralized",
  "training_samples": 614,
  "testing_samples": 154,
  "features": 8,
  "training_time_seconds": 0.0039751529693603516,
  "train_metrics": {
    "accuracy": 0.758957654723127,
    "loss": 0.4831279217076283
  },
  "test_metrics": {
    "accuracy": 0.7337662337662337,
    "precision": 0.6031746031746031,
    "recall": 0.7037037037037037,
    "f1_score": 0.6495726495726496,
    "loss": 0.545268398583275,
    "confusion_matrix": [
      [
        75,
        25
      ],
      [
        16,
        38
      ]
    ]
  }
}