{
  "configuration": {
    "num_clients": 10,
    "num_rounds": 10,
    "alpha": 0.5,
    "dropout_rates": [
      0.0,
      0.05,
      0.1,
      0.2,
      0.3
    ]
  },
  "dropout_results": {
    "0%": {
      "dropout_rate": 0.0,
      "active_clients": 10,
      "total_clients": 10,
      "accuracy": 0.6818181818181818,
      "precision": 0.5287356321839081,
      "recall": 0.8518518518518519,
      "f1_score": 0.6524822695035462,
      "missed_patients": 8,
      "total_patients": 54,
      "training_time": 0.6941018104553223,
      "convergence_metrics": {
        "accuracy": [
          0.6381721981721982,
          0.6609331409331408,
          0.6556806156806156,
          0.6539297739297739,
          0.6539297739297739,
          0.6539297739297739,
          0.6539297739297739,
          0.6539297739297739,
          0.6539297739297739,
          0.6539297739297739
        ],
        "recall": [
          0.6575308641975307,
          0.7524005486968449,
          0.7623868312757199,
          0.7573936899862824,
          0.7573936899862824,
          0.7573936899862824,
          0.7573936899862824,
          0.7573936899862824,
          0.7573936899862824,
          0.7573936899862824
        ],
        "f1": [
          0.5473787783780016,
          0.5996705853364753,
          0.5984047185307023,
          0.5958460515828634,
          0.5958460515828634,
          0.5958460515828634,
          0.5958460515828634,
          0.5958460515828634,
          0.5958460515828634,
          0.5958460515828634
        ]
      }
    },
    "5%": {
      "dropout_rate": 0.05,
      "active_clients": 10,
      "total_clients": 10,
      "accuracy": 0.6818181818181818,
      "precision": 0.5287356321839081,
      "recall": 0.8518518518518519,
      "f1_score": 0.6524822695035462,
      "missed_patients": 8,
      "total_patients": 54,
      "training_time": 0.7573676109313965,
      "convergence_metrics": {
        "accuracy": [
          0.6381721981721982,
          0.6609331409331408,
          0.6556806156806156,
          0.6539297739297739,
          0.6539297739297739,
          0.6539297739297739,
          0.6539297739297739,
          0.6539297739297739,
          0.6539297739297739,
          0.6539297739297739
        ],
        "recall": [
          0.6575308641975307,
          0.7524005486968449,
          0.7623868312757199,
          0.7573936899862824,
          0.7573936899862824,
          0.7573936899862824,
          0.7573936899862824,
          0.7573936899862824,
          0.7573936899862824,
          0.7573936899862824
        ],
        "f1": [
          0.5473787783780016,
          0.5996705853364753,
          0.5984047185307023,
          0.5958460515828634,
          0.5958460515828634,
          0.5958460515828634,
          0.5958460515828634,
          0.5958460515828634,
          0.5958460515828634,
          0.5958460515828634
        ]
      }
    },
    "10%": {
      "dropout_rate": 0.1,
      "active_clients": 9,
      "total_clients": 10,
      "accuracy": 0.6753246753246753,
      "precision": 0.5227272727272727,
      "recall": 0.8518518518518519,
      "f1_score": 0.647887323943662,
      "missed_patients": 8,
      "total_patients": 54,
      "training_time": 0.6292102336883545,
      "convergence_metrics": {
        "accuracy": [
          0.6605123471036235,
          0.6624215848771585,
          0.6586031093300885,
          0.6566938715565535,
          0.6547846337830183,
          0.6547846337830183,
          0.6547846337830183,
          0.6547846337830183,
          0.6547846337830183,
          0.6547846337830183
        ],
        "recall": [
          0.7660204631125471,
          0.7823550529527913,
          0.7823550529527913,
          0.7823550529527913,
          0.7823550529527913,
          0.7823550529527913,
          0.7823550529527913,
          0.7823550529527913,
          0.7823550529527913,
          0.7823550529527913
        ],
        "f1": [
          0.6052597657873603,
          0.6111549561056437,
          0.608354740704459,
          0.6069844225294113,
          0.6056334046103501,
          0.6056334046103501,
          0.6056334046103501,
          0.6056334046103501,
          0.6056334046103501,
          0.6056334046103501
        ]
      }
    },
    "20%": {
      "dropout_rate": 0.2,
      "active_clients": 8,
      "total_clients": 10,
      "accuracy": 0.6753246753246753,
      "precision": 0.5227272727272727,
      "recall": 0.8518518518518519,
      "f1_score": 0.647887323943662,
      "missed_patients": 8,
      "total_patients": 54,
      "training_time": 0.5520985126495361,
      "convergence_metrics": {
        "accuracy": [
          0.660233089386184,
          0.6621049959812175,
          0.6583611827911503,
          0.6564892761961166,
          0.654617369601083,
          0.654617369601083,
          0.654617369601083,
          0.654617369601083,
          0.654617369601083,
          0.654617369601083
        ],
        "recall": [
          0.7657739172397153,
          0.7817891181083364,
          0.7817891181083364,
          0.7817891181083364,
          0.7817891181083364,
          0.7817891181083364,
          0.7817891181083364,
          0.7817891181083364,
          0.7817891181083364,
          0.7817891181083364
        ],
        "f1": [
          0.6049229842273763,
          0.6107029063453748,
          0.6079574433393256,
          0.6066139188895567,
          0.6052893173193622,
          0.6052893173193622,
          0.6052893173193622,
          0.6052893173193622,
          0.6052893173193622,
          0.6052893173193622
        ]
      }
    },
    "30%": {
      "dropout_rate": 0.3,
      "active_clients": 7,
      "total_clients": 10,
      "accuracy": 0.6818181818181818,
      "precision": 0.5294117647058824,
      "recall": 0.8333333333333334,
      "f1_score": 0.6474820143884892,
      "missed_patients": 9,
      "total_patients": 54,
      "training_time": 0.4965858459472656,
      "convergence_metrics": {
        "accuracy": [
          0.6454185473375239,
          0.6462908094038159,
          0.6462908094038159,
          0.6462908094038159,
          0.6462908094038159,
          0.6462908094038159,
          0.6462908094038159,
          0.6462908094038159,
          0.6462908094038159,
          0.6462908094038159
        ],
        "recall": [
          0.7112058753849798,
          0.7164573955618732,
          0.7164573955618732,
          0.7164573955618732,
          0.7164573955618732,
          0.7164573955618732,
          0.7164573955618732,
          0.7164573955618732,
          0.7164573955618732,
          0.7164573955618732
        ],
        "f1": [
          0.571608514513991,
          0.5742167942402778,
          0.5742167942402778,
          0.5742167942402778,
          0.5742167942402778,
          0.5742167942402778,
          0.5742167942402778,
          0.5742167942402778,
          0.5742167942402778,
          0.5742167942402778
        ]
      }
    }
  },
  "analysis": {
    "safe_rates": [
      "0%",
      "5%",
      "10%",
      "20%",
      "30%"
    ],
    "unsafe_rates": [],
    "max_safe_rate": "30%"
  }
}