{
  "experiment": "exp3_clients",
  "timestamp": "2026-03-27T19:10:39.734401",
  "configuration": {
    "client_counts": [
      5,
      7,
      10
    ],
    "num_rounds": 10,
    "non_iid_alpha": 0.5
  },
  "results_by_client_count": {
    "5": {
      "metrics": {
        "accuracy": 0.7337662337662337,
        "precision": 0.5844155844155844,
        "recall": 0.8333333333333334,
        "f1_score": 0.6870229007633588,
        "TP": 45,
        "TN": 68,
        "FP": 32,
        "FN": 9,
        "confusion_matrix": [
          [
            68,
            32
          ],
          [
            9,
            45
          ]
        ],
        "sensitivity": 0.8333333333333334,
        "specificity": 0.68,
        "ppv": 0.5844155844155844,
        "npv": 0.8831168831168831,
        "mcc": 0.48989794855663565
      },
      "training_time": 0.606884241104126
    },
    "7": {
      "metrics": {
        "accuracy": 0.7402597402597403,
        "precision": 0.625,
        "recall": 0.6481481481481481,
        "f1_score": 0.6363636363636364,
        "TP": 35,
        "TN": 79,
        "FP": 21,
        "FN": 19,
        "confusion_matrix": [
          [
            79,
            21
          ],
          [
            19,
            35
          ]
        ],
        "sensitivity": 0.6481481481481481,
        "specificity": 0.79,
        "ppv": 0.625,
        "npv": 0.8061224489795918,
        "mcc": 0.43462110239322554
      },
      "training_time": 0.7389273643493652
    },
    "10": {
      "metrics": {
        "accuracy": 0.6818181818181818,
        "precision": 0.5274725274725275,
        "recall": 0.8888888888888888,
        "f1_score": 0.6620689655172414,
        "TP": 48,
        "TN": 57,
        "FP": 43,
        "FN": 6,
        "confusion_matrix": [
          [
            57,
            43
          ],
          [
            6,
            48
          ]
        ],
        "sensitivity": 0.8888888888888888,
        "specificity": 0.57,
        "ppv": 0.5274725274725275,
        "npv": 0.9047619047619048,
        "mcc": 0.44536230009687433
      },
      "training_time": 0.9242916107177734
    }
  }
}