{
  "experiment": "exp3_clients",
  "timestamp": "2026-03-27T16:37:33.586471",
  "configuration": {
    "client_counts": [
      5,
      7,
      10
    ],
    "num_rounds": 10,
    "non_iid_alpha": 0.5
  },
  "results_by_client_count": {
    "5": {
      "metrics": {
        "accuracy": 0.7402597402597403,
        "precision": 0.6060606060606061,
        "recall": 0.7407407407407407,
        "f1_score": 0.6666666666666666,
        "TP": 40,
        "TN": 74,
        "FP": 26,
        "FN": 14,
        "confusion_matrix": [
          [
            74,
            26
          ],
          [
            14,
            40
          ]
        ],
        "sensitivity": 0.7407407407407407,
        "specificity": 0.74,
        "ppv": 0.6060606060606061,
        "npv": 0.8409090909090909,
        "mcc": 0.46354777877784786
      },
      "training_time": 0.5460495948791504
    },
    "7": {
      "metrics": {
        "accuracy": 0.7207792207792207,
        "precision": 0.5679012345679012,
        "recall": 0.8518518518518519,
        "f1_score": 0.6814814814814815,
        "TP": 46,
        "TN": 65,
        "FP": 35,
        "FN": 8,
        "confusion_matrix": [
          [
            65,
            35
          ],
          [
            8,
            46
          ]
        ],
        "sensitivity": 0.8518518518518519,
        "specificity": 0.65,
        "ppv": 0.5679012345679012,
        "npv": 0.8904109589041096,
        "mcc": 0.4795881806510799
      },
      "training_time": 0.6923084259033203
    },
    "10": {
      "metrics": {
        "accuracy": 0.7467532467532467,
        "precision": 0.6415094339622641,
        "recall": 0.6296296296296297,
        "f1_score": 0.6355140186915887,
        "TP": 34,
        "TN": 81,
        "FP": 19,
        "FN": 20,
        "confusion_matrix": [
          [
            81,
            19
          ],
          [
            20,
            34
          ]
        ],
        "sensitivity": 0.6296296296296297,
        "specificity": 0.81,
        "ppv": 0.6415094339622641,
        "npv": 0.801980198019802,
        "mcc": 0.4415554128904508
      },
      "training_time": 1.0494506359100342
    }
  }
}