{
  "experiment": "exp3_clients",
  "timestamp": "2026-03-27T19:14:32.201509",
  "configuration": {
    "client_counts": [
      5,
      7,
      10
    ],
    "num_rounds": 10,
    "non_iid_alpha": 0.5
  },
  "results_by_client_count": {
    "5": {
      "metrics": {
        "accuracy": 0.7077922077922078,
        "precision": 0.5542168674698795,
        "recall": 0.8518518518518519,
        "f1_score": 0.6715328467153284,
        "TP": 46,
        "TN": 63,
        "FP": 37,
        "FN": 8,
        "confusion_matrix": [
          [
            63,
            37
          ],
          [
            8,
            46
          ]
        ],
        "sensitivity": 0.8518518518518519,
        "specificity": 0.63,
        "ppv": 0.5542168674698795,
        "npv": 0.8873239436619719,
        "mcc": 0.46125617341348546
      },
      "training_time": 0.5286438465118408
    },
    "7": {
      "metrics": {
        "accuracy": 0.7207792207792207,
        "precision": 0.5679012345679012,
        "recall": 0.8518518518518519,
        "f1_score": 0.6814814814814815,
        "TP": 46,
        "TN": 65,
        "FP": 35,
        "FN": 8,
        "confusion_matrix": [
          [
            65,
            35
          ],
          [
            8,
            46
          ]
        ],
        "sensitivity": 0.8518518518518519,
        "specificity": 0.65,
        "ppv": 0.5679012345679012,
        "npv": 0.8904109589041096,
        "mcc": 0.4795881806510799
      },
      "training_time": 0.6533968448638916
    },
    "10": {
      "metrics": {
        "accuracy": 0.7207792207792207,
        "precision": 0.6170212765957447,
        "recall": 0.5370370370370371,
        "f1_score": 0.5742574257425742,
        "TP": 29,
        "TN": 82,
        "FP": 18,
        "FN": 25,
        "confusion_matrix": [
          [
            82,
            18
          ],
          [
            25,
            29
          ]
        ],
        "sensitivity": 0.5370370370370371,
        "specificity": 0.82,
        "ppv": 0.6170212765957447,
        "npv": 0.7663551401869159,
        "mcc": 0.36997240426544964
      },
      "training_time": 1.131528377532959
    }
  }
}