{
  "experiment": "exp2_noniid",
  "timestamp": "2026-03-27T19:10:35.317702",
  "configuration": {
    "num_clients": 5,
    "num_rounds": 10,
    "non_iid_alpha": 0.5,
    "model": "LogisticRegression",
    "decision_threshold": 0.3
  },
  "federated_learning": {
    "final_metrics": {
      "accuracy": 0.6948051948051948,
      "precision": 0.5402298850574713,
      "recall": 0.8703703703703703,
      "f1_score": 0.6666666666666666,
      "TP": 47,
      "TN": 60,
      "FP": 40,
      "FN": 7,
      "confusion_matrix": [
        [
          60,
          40
        ],
        [
          7,
          47
        ]
      ],
      "sensitivity": 0.8703703703703703,
      "specificity": 0.6,
      "ppv": 0.5402298850574713,
      "npv": 0.8955223880597015,
      "mcc": 0.4527305579435249
    },
    "round_metrics": {
      "accuracy": [
        0.635432970937857,
        0.635432970937857,
        0.635432970937857,
        0.635432970937857,
        0.635432970937857,
        0.635432970937857,
        0.635432970937857,
        0.635432970937857,
        0.635432970937857,
        0.635432970937857
      ],
      "precision": [
        0.5194922289430801,
        0.5194922289430801,
        0.5194922289430801,
        0.5194922289430801,
        0.5194922289430801,
        0.5194922289430801,
        0.5194922289430801,
        0.5194922289430801,
        0.5194922289430801,
        0.5194922289430801
      ],
      "recall": [
        0.7458981783086018,
        0.7458981783086018,
        0.7458981783086018,
        0.7458981783086018,
        0.7458981783086018,
        0.7458981783086018,
        0.7458981783086018,
        0.7458981783086018,
        0.7458981783086018,
        0.7458981783086018
      ],
      "f1": [
        0.5899607519565064,
        0.5899607519565064,
        0.5899607519565064,
        0.5899607519565064,
        0.5899607519565064,
        0.5899607519565064,
        0.5899607519565064,
        0.5899607519565064,
        0.5899607519565064,
        0.5899607519565064
      ]
    },
    "training_time": 0.5386183261871338
  },
  "centralized_baseline": {
    "accuracy": 0.6948,
    "precision": 0.5402,
    "recall": 0.8704,
    "f1_score": 0.6667
  },
  "comparison": {
    "accuracy": 5.194805194785879e-06,
    "precision": 2.9885057471257248e-05,
    "recall": -2.9629629629601695e-05,
    "f1_score": -3.333333333332966e-05
  }
}