{
  "experiment": "exp2_noniid",
  "timestamp": "2026-03-27T16:34:32.257599",
  "configuration": {
    "num_clients": 5,
    "num_rounds": 10,
    "non_iid_alpha": 0.5,
    "model": "LogisticRegression",
    "decision_threshold": 0.3
  },
  "federated_learning": {
    "final_metrics": {
      "accuracy": 0.7142857142857143,
      "precision": 0.5609756097560976,
      "recall": 0.8518518518518519,
      "f1_score": 0.6764705882352942,
      "TP": 46,
      "TN": 64,
      "FP": 36,
      "FN": 8,
      "confusion_matrix": [
        [
          64,
          36
        ],
        [
          8,
          46
        ]
      ],
      "sensitivity": 0.8518518518518519,
      "specificity": 0.64,
      "ppv": 0.5609756097560976,
      "npv": 0.8888888888888888,
      "mcc": 0.47038993052672956
    },
    "round_metrics": {
      "accuracy": [
        0.7040695460890901,
        0.7040695460890901,
        0.7040695460890901,
        0.7040695460890901,
        0.7040695460890901,
        0.7040695460890901,
        0.7040695460890901,
        0.7040695460890901,
        0.7040695460890901,
        0.7040695460890901
      ],
      "precision": [
        0.5696517849023417,
        0.5696517849023417,
        0.5696517849023417,
        0.5696517849023417,
        0.5696517849023417,
        0.5696517849023417,
        0.5696517849023417,
        0.5696517849023417,
        0.5696517849023417,
        0.5696517849023417
      ],
      "recall": [
        0.7642960550126674,
        0.7642960550126674,
        0.7642960550126674,
        0.7642960550126674,
        0.7642960550126674,
        0.7642960550126674,
        0.7642960550126674,
        0.7642960550126674,
        0.7642960550126674,
        0.7642960550126674
      ],
      "f1": [
        0.6465436544080301,
        0.6465436544080301,
        0.6465436544080301,
        0.6465436544080301,
        0.6465436544080301,
        0.6465436544080301,
        0.6465436544080301,
        0.6465436544080301,
        0.6465436544080301,
        0.6465436544080301
      ]
    },
    "training_time": 0.5759854316711426
  },
  "centralized_baseline": {
    "accuracy": 0.6948,
    "precision": 0.5402,
    "recall": 0.8704,
    "f1_score": 0.6667
  },
  "comparison": {
    "accuracy": 0.01948571428571433,
    "precision": 0.0207756097560976,
    "recall": -0.01854814814814809,
    "f1_score": 0.009770588235294198
  }
}