{
  "experiment": "exp2_noniid",
  "timestamp": "2026-03-27T19:14:27.497714",
  "configuration": {
    "num_clients": 5,
    "num_rounds": 10,
    "non_iid_alpha": 0.5,
    "model": "LogisticRegression",
    "decision_threshold": 0.3
  },
  "federated_learning": {
    "final_metrics": {
      "accuracy": 0.6688311688311688,
      "precision": 0.5172413793103449,
      "recall": 0.8333333333333334,
      "f1_score": 0.6382978723404256,
      "TP": 45,
      "TN": 58,
      "FP": 42,
      "FN": 9,
      "confusion_matrix": [
        [
          58,
          42
        ],
        [
          9,
          45
        ]
      ],
      "sensitivity": 0.8333333333333334,
      "specificity": 0.58,
      "ppv": 0.5172413793103449,
      "npv": 0.8656716417910447,
      "mcc": 0.3978325217834439
    },
    "round_metrics": {
      "accuracy": [
        0.6893692626591649,
        0.6889039299462751,
        0.6886712635898303,
        0.6886712635898303,
        0.6886712635898303,
        0.6886712635898303,
        0.6886712635898303,
        0.6886712635898303,
        0.6886712635898303,
        0.6886712635898303
      ],
      "precision": [
        0.5484844989347768,
        0.546708022872039,
        0.5464899866515978,
        0.5464899866515978,
        0.5464899866515978,
        0.5464899866515978,
        0.5464899866515978,
        0.5464899866515978,
        0.5464899866515978,
        0.5464899866515978
      ],
      "recall": [
        0.7785619495717215,
        0.7861925443358667,
        0.7861925443358667,
        0.7861925443358667,
        0.7861925443358667,
        0.7861925443358667,
        0.7861925443358667,
        0.7861925443358667,
        0.7861925443358667,
        0.7861925443358667
      ],
      "f1": [
        0.6264215198320412,
        0.6291643535634458,
        0.6289998168166563,
        0.6289998168166563,
        0.6289998168166563,
        0.6289998168166563,
        0.6289998168166563,
        0.6289998168166563,
        0.6289998168166563,
        0.6289998168166563
      ]
    },
    "training_time": 0.5063927173614502
  },
  "centralized_baseline": {
    "accuracy": 0.6948,
    "precision": 0.5402,
    "recall": 0.8704,
    "f1_score": 0.6667
  },
  "comparison": {
    "accuracy": -0.025968831168831197,
    "precision": -0.02295862068965515,
    "recall": -0.03706666666666658,
    "f1_score": -0.028402127659574394
  }
}